Event ID,Track ID,Track Type,Track Weight,Track Energy [eV],Track Momentum [eV],WaveVector,Phonon Theta,Phonon Energy [eV],Phonon Weight,Recoil WaveVector,Final Energy [eV],Final Momentum [eV]
0,2,G4CMPDriftElectron,1,0.00474282,28.5803,121444,0.265861,0.000783095,0,110966,0.00395973,24.7378
0,2,G4CMPDriftElectron,1,0.00136545,6.65533,65162.3,0.90129,0.000245248,0,59021.1,0.00112021,12.4267
0,2,G4CMPDriftElectron,1,0.013803,47.0814,207179,0.441457,0.00127469,0,197381,0.0125283,30.4641
0,2,G4CMPDriftElectron,1,0.00817327,20.3141,159425,0.187224,0.00105968,0,148731,0.0071136,28.2103
0,2,G4CMPDriftElectron,1,0.00871584,31.4858,164631,1.03568,0.000550226,0,159350,0.00816562,35.8434
0,2,G4CMPDriftElectron,1,0.0107097,42.1483,182493,0.64496,0.000983951,0,173908,0.00972572,30.9408
0,2,G4CMPDriftElectron,1,0.013981,40.0591,208510,1.13365,0.000580515,0,204136,0.0134005,46.264
0,2,G4CMPDriftElectron,1,0.0199448,56.1512,249042,1.0496,0.000830932,0,243799,0.0191138,18.9619
0,2,G4CMPDriftElectron,1,0.019865,21.0077,248543,0.612788,0.00138686,0,239710,0.0184781,48.1882
0,2,G4CMPDriftElectron,1,0.0225828,55.8823,265001,0.753159,0.00131682,0,257158,0.021266,45.0679
0,2,G4CMPDriftElectron,1,0.0244812,49.9481,275915,0.728453,0.00140487,0,267881,0.0230764,57.1049
0,2,G4CMPDriftElectron,1,0.0304851,68.396,307895,1.40722,0.000313226,0,306309,0.0301719,64.8008
0,2,G4CMPDriftElectron,1,0.0392285,77.1544,349268,0.221082,0.00235022,0,338644,0.0368783,74.1727
0,2,G4CMPDriftElectron,1,0.0351505,71.7501,330616,1.12242,0.000966338,0,326040,0.0341841,77.7468
0,2,G4CMPDriftElectron,1,0.0295669,72.3295,303222,0.681855,0.00161187,0,294841,0.027955,70.1348
0,2,G4CMPDriftElectron,1,0.0291014,71.5323,300826,0.689878,0.00158812,0,292502,0.0275133,55.339
0,2,G4CMPDriftElectron,1,0.0182822,32.93,238437,0.648894,0.00129333,0,229848,0.0169889,54.4739
0,2,G4CMPDriftElectron,1,0.0181028,56.1387,237264,0.730393,0.00120057,0,229261,0.0169022,54.7037
0,2,G4CMPDriftElectron,1,0.0228241,63.5303,266413,0.141511,0.00181041,0,255628,0.0210137,59.5962
0,2,G4CMPDriftElectron,1,0.00639543,33.4039,141024,1.20159,0.000318504,0,137467,0.00607693,28.7919
0,2,G4CMPDriftElectron,1,0.00828673,34.1783,160528,1.00192,0.000567895,0,154929,0.00771884,26.0767
0,2,G4CMPDriftElectron,1,0.00703389,21.625,147896,0.625408,0.000802197,0,139207,0.00623169,33.0231
0,2,G4CMPDriftElectron,1,0.0140537,49.8803,209051,1.17049,0.000532809,0,205050,0.0135209,47.5435
0,2,G4CMPDriftElectron,1,0.0167544,52.9908,228256,0.235438,0.0015175,0,217674,0.0152369,50.8545
0,2,G4CMPDriftElectron,1,0.0145902,49.6602,213004,0.745876,0.00105836,0,205133,0.0135318,48.952
0,2,G4CMPDriftElectron,1,0.0170183,54.8971,230047,1.32175,0.000359228,0,227606,0.0166591,53.5123
0,2,G4CMPDriftElectron,1,0.0206684,59.4874,253520,1.1218,0.000733097,0,248983,0.0199353,58.1497
0,2,G4CMPDriftElectron,1,0.0197885,57.9808,248065,0.796938,0.00117696,0,240574,0.0186116,15.5319
0,2,G4CMPDriftElectron,1,0.0184826,15.6752,239739,0.960656,0.000924599,0,233666,0.017558,48.9745
0,2,G4CMPDriftElectron,1,0.0170508,48.135,230267,0.560458,0.00132882,0,221112,0.015722,48.7976
0,2,G4CMPDriftElectron,1,0.0152132,47.5146,217505,0.963104,0.000832243,0,211472,0.014381,42.3427
0,2,G4CMPDriftElectron,1,0.0093711,32.3058,170708,0.135128,0.00114738,0,159916,0.00822372,35.335
0,2,G4CMPDriftElectron,1,0.00832908,35.5615,160937,0.636709,0.000868782,0,152313,0.0074603,23.2997
0,2,G4CMPDriftElectron,1,0.00807706,23.598,158484,0.868033,0.00067975,0,151668,0.00739731,34.8326
0,2,G4CMPDriftElectron,1,0.013904,48.1595,207935,0.213176,0.00138622,0,197298,0.0125178,37.8946
0,2,G4CMPDriftElectron,1,0.00814553,27.4081,159154,0.385294,0.000995527,0,149111,0.00715,22.4845
0,2,G4CMPDriftElectron,1,0.011947,34.273,192747,1.46067,0.000110279,0,191855,0.0118367,29.0127
0,2,G4CMPDriftElectron,1,0.0138783,33.7392,207743,0.882449,0.000886784,0,200996,0.0129915,29.9064
0,2,G4CMPDriftElectron,1,0.0103813,14.3274,179674,0.940827,0.000703699,0,173477,0.00967763,38.8752
0,2,G4CMPDriftElectron,1,0.0077731,33.1273,155473,0.68879,0.000803073,0,147223,0.00697003,33.8225
0,2,G4CMPDriftElectron,1,0.00921412,39.0521,169272,0.142831,0.00113614,0,158493,0.00807798,37.7753
0,2,G4CMPDriftElectron,1,0.0207519,59.1869,254031,0.464217,0.00155387,0,244335,0.019198,54.1028
0,2,G4CMPDriftElectron,1,0.0177686,51.9873,235063,0.655166,0.00126822,0,226519,0.0165004,52.2517
0,2,G4CMPDriftElectron,1,0.0160002,51.4485,223059,0.470737,0.00135517,0,213404,0.014645,40.3823
0,2,G4CMPDriftElectron,1,0.0293612,67.1709,302165,1.07336,0.000972393,0,297120,0.0283888,40.9029
0,2,G4CMPDriftElectron,1,0.0283455,41.1861,296893,0.1192,0.00202794,0,286076,0.0263176,45.4933
0,2,G4CMPDriftElectron,1,0.0253238,39.1446,280623,1.08833,0.000874357,0,275736,0.0244495,26.6162
0,2,G4CMPDriftElectron,1,0.0244926,26.5044,275978,0.643575,0.00150917,0,267341,0.0229834,55.8441
0,2,G4CMPDriftElectron,1,0.0258674,60.8985,283618,0.385847,0.00180352,0,273553,0.0240639,28.1852
0,2,G4CMPDriftElectron,1,0.0240778,28.1541,273632,0.502588,0.00164251,0,264134,0.0224353,52.0907
0,2,G4CMPDriftElectron,1,0.0260744,58.5776,284751,0.367042,0.00182467,0,274607,0.0242497,65.3516
0,2,G4CMPDriftElectron,1,0.012482,46.9782,197015,0.285521,0.00128677,0,186584,0.0111952,36.5578
0,2,G4CMPDriftElectron,1,0.0111996,36.5675,186621,0.708202,0.000955285,0,178484,0.0102444,31.8319
0,2,G4CMPDriftElectron,1,0.0119518,37.9415,192785,0.968334,0.000727507,0,186826,0.0112243,15.537
0,2,G4CMPDriftElectron,1,0.0108877,14.2565,184004,0.117473,0.00124259,0,173186,0.00964513,12.5599
0,2,G4CMPDriftElectron,1,0.0109257,17.0903,184324,0.912298,0.000752369,0,177864,0.0101733,36.5486
0,2,G4CMPDriftElectron,1,0.00996628,35.5213,176045,0.175497,0.00117674,0,165326,0.00878953,38.3703
0,2,G4CMPDriftElectron,1,0.00928265,39.873,169900,0.299312,0.00109968,0,159519,0.00818297,37.0586
0,2,G4CMPDriftElectron,1,0.0138294,49.4671,207376,0.256595,0.00136771,0,196855,0.0124617,46.6508
0,2,G4CMPDriftElectron,1,0.0103311,41.7113,179239,0.963834,0.000678354,0,173255,0.00965279,37.9942
0,2,G4CMPDriftElectron,1,0.0104382,39.9203,180165,0.237485,0.00118913,0,169593,0.00924907,40.3578
0,2,G4CMPDriftElectron,1,0.00522738,29.9999,127497,0.396439,0.000786118,0,117520,0.00444126,23.969
0,2,G4CMPDriftElectron,1,0.0124424,41.9525,196702,0.16026,0.00132281,0,185953,0.0111196,41.6073
0,2,G4CMPDriftElectron,1,0.00775637,36.8856,155306,1.01391,0.000537148,0,149832,0.00721922,24.8228
0,2,G4CMPDriftElectron,1,0.00818497,27.5054,159539,0.827395,0.000718598,0,152375,0.00746637,30.8595
0,2,G4CMPDriftElectron,1,0.0211175,59.3615,256259,0.631009,0.00141204,0,247544,0.0197055,57.3923
0,2,G4CMPDriftElectron,1,0.0190005,57.2056,243075,0.578629,0.00138816,0,234027,0.0176123,44.5269
0,2,G4CMPDriftElectron,1,0.0128386,35.2933,199810,0.713519,0.00102064,0,191703,0.011818,37.464
0,2,G4CMPDriftElectron,1,0.0157119,43.6703,221041,0.391849,0.00139364,0,211010,0.0143182,49.8371
0,2,G4CMPDriftElectron,1,0.00475966,28.7657,121659,1.16761,0.000296371,0,117811,0.00446329,24.8479
0,2,G4CMPDriftElectron,1,0.0109256,40.5728,184324,0.593318,0.00103292,0,175394,0.00989268,9.75471
0,2,G4CMPDriftElectron,1,0.0165161,41.4673,226627,0.689105,0.00118777,0,218326,0.0153283,32.9752
0,2,G4CMPDriftElectron,1,0.0237331,48.3534,271666,0.14439,0.00184608,0,260886,0.021887,36.4862
0,2,G4CMPDriftElectron,1,0.0166881,26.3746,227804,1.04703,0.000760369,0,222554,0.0159277,32.4369
0,2,G4CMPDriftElectron,1,0.0234058,51.4629,269786,1.04477,0.000911241,0,264482,0.0224946,61.0724
0,2,G4CMPDriftElectron,1,0.024936,64.3851,278466,0.357819,0.00178993,0,268285,0.0231461,54.8937
0,2,G4CMPDriftElectron,1,0.0183422,47.5139,238827,0.22769,0.00159253,0,228224,0.0167497,28.5843
0,2,G4CMPDriftElectron,1,0.0180638,31.4288,237008,0.173258,0.00159811,0,226281,0.0164657,39.5996
0,2,G4CMPDriftElectron,1,0.0138751,36.5308,207719,0.421332,0.00129037,0,197825,0.0125848,11.1542
0,2,G4CMPDriftElectron,1,0.0127197,11.4741,198882,1.04265,0.000664265,0,193619,0.0120554,41.2618
0,2,G4CMPDriftElectron,1,0.0130461,43.1838,201418,0.326913,0.00129876,0,191129,0.0117473,39.0367
0,2,G4CMPDriftElectron,1,0.00771131,34.3258,154854,1.06017,0.000492245,0,149830,0.00721907,12.7976
0,2,G4CMPDriftElectron,1,0.00725078,13.2391,150159,0.806597,0.000690061,0,142835,0.00656072,33.0002
0,2,G4CMPDriftElectron,1,0.0166047,54.2254,227234,0.82598,0.00104138,0,219993,0.0155634,44.5716
0,2,G4CMPDriftElectron,1,0.0174938,48.7883,233238,0.611198,0.0013006,0,224401,0.0161932,24.8917
0,2,G4CMPDriftElectron,1,0.0221787,34.2983,262619,0.512203,0.00156626,0,253176,0.0206124,60.3969
0,2,G4CMPDriftElectron,1,0.0205738,60.3406,252939,0.795619,0.00120251,0,245436,0.0193713,32.1409
0,2,G4CMPDriftElectron,1,0.0191367,31.752,243945,0.133994,0.00165627,0,233149,0.0174804,31.0729
0,2,G4CMPDriftElectron,1,0.0194595,32.7975,245994,0.726218,0.00125094,0,237956,0.0182086,53.0588
0,2,G4CMPDriftElectron,1,0.0340479,75.8454,325389,0.517184,0.00194416,0,315963,0.0321037,42.6566
0,2,G4CMPDriftElectron,1,0.0313995,38.3849,312478,0.454809,0.0019293,0,302726,0.0294702,69.7324
0,2,G4CMPDriftElectron,1,0.0317057,72.6597,313998,0.789134,0.00151218,0,306419,0.0301936,27.4095
0,2,G4CMPDriftElectron,1,0.0264545,18.6066,286819,0.971091,0.00109641,0,280812,0.025358,61.2824
0,2,G4CMPDriftElectron,1,0.0260034,62.3404,284363,0.990653,0.0010543,0,278538,0.024949,51.3633
0,2,G4CMPDriftElectron,1,0.0342606,63.5575,326404,0.604226,0.00184449,0,317496,0.0324162,63.7526
0,2,G4CMPDriftElectron,1,0.0323979,63.7226,317407,0.683977,0.00168608,0,309037,0.0307118,34.1591
0,2,G4CMPDriftElectron,1,0.0305591,33.9435,308268,0.460964,0.00189692,0,298547,0.0286622,45.186
0,2,G4CMPDriftElectron,1,0.0277972,42.9882,294008,0.223055,0.00197143,0,283390,0.0258257,54.0457
0,2,G4CMPDriftElectron,1,0.0335944,67.0601,323215,0.861413,0.0014374,0,316225,0.032157,43.1075
0,2,G4CMPDriftElectron,1,0.0211963,22.6034,256737,0.351886,0.00165099,0,246535,0.0195453,33.095
0,2,G4CMPDriftElectron,1,0.019526,33.0261,246413,0.431507,0.00153059,0,236559,0.0179954,25.7962
0,2,G4CMPDriftElectron,1,0.0154397,19.8166,219117,0.159455,0.0014781,0,208365,0.0139616,26.4259
0,2,G4CMPDriftElectron,1,0.0279297,52.6366,294708,0.998205,0.00108096,0,288948,0.0268488,28.5892
0,2,G4CMPDriftElectron,1,0.0264855,26.2625,286987,0.743273,0.00144277,0,279061,0.0250427,66.3406
0,2,G4CMPDriftElectron,1,0.0249665,66.1769,278636,0.967221,0.00107027,0,272598,0.0238962,52.7043
0,2,G4CMPDriftElectron,1,0.0210498,46.8357,255848,0.292657,0.00167878,0,245434,0.019371,57.9276
0,2,G4CMPDriftElectron,1,0.0336065,76.9435,323273,0.631225,0.001791,0,314541,0.0318155,56.0054
0,2,G4CMPDriftElectron,1,0.0321056,55.5876,315972,0.492484,0.00191325,0,306413,0.0301924,36.7327
0,2,G4CMPDriftElectron,1,0.0280779,32.6236,295488,0.725924,0.00151072,0,287429,0.0265672,66.2885
0,2,G4CMPDriftElectron,1,0.0234412,61.5623,269990,0.66562,0.0014502,0,261505,0.021991,21.3625
0,2,G4CMPDriftElectron,1,0.0187788,13.3458,241653,0.789935,0.00115401,0,234110,0.0176248,55.8178
0,2,G4CMPDriftElectron,1,0.0275598,69.8646,292749,0.572729,0.00168624,0,283652,0.0258735,67.6178
0,2,G4CMPDriftElectron,1,0.023303,63.9919,269193,0.664989,0.00144654,0,260704,0.0218565,21.5261
0,2,G4CMPDriftElectron,1,0.0193904,24.3053,245557,0.694472,0.00128428,0,237285,0.0181061,56.5994
0,2,G4CMPDriftElectron,1,0.00610101,32.0615,137740,0.687605,0.000707843,0,129503,0.00539316,12.7281
0,2,G4CMPDriftElectron,1,0.00574261,16.0239,133633,0.688901,0.000684829,0,125412,0.00505779,28.8581
0,2,G4CMPDriftElectron,1,0.00738778,36.1466,151571,0.221238,0.000998262,0,140959,0.00638952,30.4324
0,2,G4CMPDriftElectron,1,0.00817168,37.7059,159409,0.206455,0.00105537,0,148760,0.00711631,34.1802
0,2,G4CMPDriftElectron,1,0.0238482,61.2626,272324,0.253422,0.00180954,0,261788,0.0220386,61.9649
0,2,G4CMPDriftElectron,1,0.0143378,50.0196,211154,0.766062,0.00102834,0,203441,0.0133094,33.5926
0,2,G4CMPDriftElectron,1,0.0134993,33.0334,204887,0.0771984,0.00139357,0,194023,0.0121058,31.0525
0,2,G4CMPDriftElectron,1,0.0259913,63.2587,284297,0.700063,0.00148576,0,276052,0.0245056,49.9624
0,2,G4CMPDriftElectron,1,0.0167419,36.5183,228171,0.914376,0.000937797,0,221688,0.0158041,52.8477
0,2,G4CMPDriftElectron,1,0.0185619,57.3327,240253,0.539433,0.00140661,0,230971,0.0171553,30.9686
0,2,G4CMPDriftElectron,1,0.0159179,18.1503,222485,1.04053,0.000750489,0,217177,0.0151674,48.4541
0,2,G4CMPDriftElectron,1,0.0115682,39.5774,189667,0.46323,0.00115107,0,179983,0.0104171,28.9322
0,2,G4CMPDriftElectron,1,0.00570207,17.4443,133160,1.03476,0.00043848,0,127938,0.00526359,30.3707
0,2,G4CMPDriftElectron,1,0.0123974,46.857,196347,0.258153,0.00129238,0,185831,0.011105,39.1738
0,2,G4CMPDriftElectron,1,0.00766726,29.2852,154411,0.175146,0.00102751,0,143693,0.00663976,24.4101
0,2,G4CMPDriftElectron,1,0.0255905,65.0815,282097,0.705523,0.00146699,0,273892,0.0241236,61.7832
0,2,G4CMPDriftElectron,1,0.0239932,61.7455,273151,1.06716,0.000885768,0,268061,0.0231075,52.8401
0,2,G4CMPDriftElectron,1,0.0230345,52.138,267638,0.581948,0.00152888,0,258603,0.0215056,61.6698
0,2,G4CMPDriftElectron,1,0.0137152,49.0369,206519,0.466585,0.00125456,0,196847,0.0124606,28.7428
0,2,G4CMPDriftElectron,1,0.0166458,41.4595,227515,0.774785,0.00110129,0,219860,0.0155445,36.463
0,2,G4CMPDriftElectron,1,0.0352841,66.6648,331244,0.721476,0.00170498,0,323141,0.0335791,75.7637
0,2,G4CMPDriftElectron,1,0.0337168,76.0608,323803,0.899203,0.00137398,0,317137,0.0323429,45.7344
0,2,G4CMPDriftElectron,1,0.0348164,49.3928,329041,0.147033,0.00224314,0,318265,0.0325732,34.1489
0,2,G4CMPDriftElectron,1,0.0301872,29.3503,306386,1.11574,0.000905644,0,301755,0.0292815,61.2842
0,2,G4CMPDriftElectron,1,0.0272157,58.6102,290916,1.07949,0.000923772,0,285936,0.0262919,63.4892
0,2,G4CMPDriftElectron,1,0.0141258,44.9179,209587,0.95104,0.000815046,0,203451,0.0133108,47.6469
0,2,G4CMPDriftElectron,1,0.00912407,38.5591,168443,1.00207,0.000597631,0,162833,0.00852644,32.5275
0,2,G4CMPDriftElectron,1,0.00854508,33.3968,163011,0.819233,0.000741907,0,155774,0.00780317,33.5784
0,2,G4CMPDriftElectron,1,0.0050019,22.7543,124717,1.14386,0.000323776,0,120613,0.00467812,17.4483
0,2,G4CMPDriftElectron,1,0.00596677,22.1726,136216,0.67268,0.000708552,0,127873,0.00525822,30.0449
0,2,G4CMPDriftElectron,1,0.0169709,54.8241,229726,1.0228,0.000800658,0,224242,0.0161702,52.7268
0,2,G4CMPDriftElectron,1,0.0179346,56.0175,236159,0.66256,0.00126681,0,227665,0.0166678,40.9392
0,2,G4CMPDriftElectron,1,0.0206458,50.0982,253381,0.894573,0.00107328,0,246707,0.0195726,52.3583
0,2,G4CMPDriftElectron,1,0.0201458,53.0828,250294,0.437267,0.00155104,0,240466,0.0185948,57.3848
0,2,G4CMPDriftElectron,1,0.00637939,32.1963,140847,0.84041,0.000620417,0,133823,0.00575898,31.2935
0,2,G4CMPDriftElectron,1,0.00510046,30.0525,125940,0.143192,0.000835476,0,115164,0.00426499,27.3882
0,2,G4CMPDriftElectron,1,0.0213835,60.6145,257868,0.662031,0.00138737,0,249363,0.0199962,16.7892
0,2,G4CMPDriftElectron,1,0.0198275,16.7872,248309,0.796482,0.00117872,0,240815,0.0186488,57.4665
0,2,G4CMPDriftElectron,1,0.0128773,47.7471,200111,0.171651,0.00134376,0,189382,0.0115335,43.1384
0,2,G4CMPDriftElectron,1,0.0496515,91.3543,392938,0.359713,0.00253961,0,382757,0.0471119,82.9896
0,2,G4CMPDriftElectron,1,0.0448189,80.2811,373326,0.686356,0.00198592,0,364962,0.0428329,56.7015
0,2,G4CMPDriftElectron,1,0.0427998,56.8514,364820,1.03846,0.00125961,0,359412,0.0415402,85.3598
0,2,G4CMPDriftElectron,1,0.0439327,87.7353,369617,1.13991,0.00104385,0,365200,0.0428888,79.8672
0,2,G4CMPDriftElectron,1,0.0515403,89.5561,400342,0.856482,0.0018,0,393289,0.0497403,50.8625
0,2,G4CMPDriftElectron,1,0.0502243,51.5206,395198,0.766831,0.00195646,0,387424,0.0482678,89.7388
0,2,G4CMPDriftElectron,1,0.0548648,96.3469,413052,0.513661,0.00248326,0,403596,0.0523816,69.253
0,2,G4CMPDriftElectron,1,0.0469452,60.1904,382080,0.791193,0.00184441,0,374499,0.0451008,88.0967
0,2,G4CMPDriftElectron,1,0.0423895,85.4521,363067,1.04943,0.00122924,0,357764,0.0411603,79.2466
0,2,G4CMPDriftElectron,1,0.0387714,76.6947,347227,0.549643,0.00203704,0,337983,0.0367344,66.227
0,2,G4CMPDriftElectron,1,0.0476616,80.9592,384984,0.764774,0.00190875,0,377196,0.0457529,58.6284
0,2,G4CMPDriftElectron,1,0.0475067,60.3146,384358,0.807149,0.00182483,0,376903,0.0456819,80.9104
0,2,G4CMPDriftElectron,1,0.0410342,75.1714,357216,0.55954,0.00208369,0,348028,0.0389505,70.1537
0,2,G4CMPDriftElectron,1,0.0388953,70.4093,347781,1.09093,0.00108715,0,342887,0.0378081,48.6848
0,2,G4CMPDriftElectron,1,0.035875,45.782,334006,0.444272,0.00207557,0,324200,0.0337994,40.272
0,2,G4CMPDriftElectron,1,0.0333768,38.7766,322167,0.10084,0.00220838,0,311326,0.0311684,48.1455
0,2,G4CMPDriftElectron,1,0.0319671,50.1137,315290,0.728833,0.00161024,0,307246,0.0303569,60.7794
0,2,G4CMPDriftElectron,1,0.031072,60.9783,310844,1.09692,0.000956019,0,306025,0.030116,73.0332
0,2,G4CMPDriftElectron,1,0.0362861,80.1523,335914,0.772592,0.0016478,0,328198,0.0346383,22.5073
0,2,G4CMPDriftElectron,1,0.0326733,21.1977,318753,0.721483,0.00163924,0,310654,0.0310341,73.9956
0,2,G4CMPDriftElectron,1,0.0269305,68.8512,289388,0.431647,0.00180406,0,279527,0.0251264,64.7689
0,2,G4CMPDriftElectron,1,0.0287899,69.9014,299212,1.10438,0.000904869,0,294472,0.0278851,36.1793
0,2,G4CMPDriftElectron,1,0.0285904,38.627,298173,0.755806,0.00148265,0,290339,0.0271078,62.2395
0,2,G4CMPDriftElectron,1,0.0317425,68.0992,314180,0.175305,0.00213012,0,303455,0.0296124,72.1546
0,2,G4CMPDriftElectron,1,0.027522,69.5765,292548,0.67951,0.00155681,0,284154,0.0259651,63.4802
0,2,G4CMPDriftElectron,1,0.0279876,66.678,295013,0.256838,0.0019617,0,284486,0.0260259,45.8599
0,2,G4CMPDriftElectron,1,0.0254773,43.5761,281472,0.595059,0.00159553,0,272516,0.0238818,64.4177
0,2,G4CMPDriftElectron,1,0.0203853,58.8751,251777,1.14618,0.000688814,0,247487,0.0196965,58.2811
0,2,G4CMPDriftElectron,1,0.0205171,59.5706,252590,0.686974,0.00133061,0,244262,0.0191865,58.2521
0,2,G4CMPDriftElectron,1,0.0201931,59.7742,250588,0.976127,0.000945777,0,244649,0.0192474,58.1709
0,2,G4CMPDriftElectron,1,0.0217072,61.8488,259812,0.694192,0.00136138,0,251533,0.0203458,53.9251
0,2,G4CMPDriftElectron,1,0.018865,51.7689,242207,0.872231,0.00105357,0,235346,0.0178114,36.8463
0,2,G4CMPDriftElectron,1,0.0183044,38.278,238581,0.463702,0.00145742,0,228886,0.016847,54.0768
0,2,G4CMPDriftElectron,1,0.0165627,53.5896,226947,0.53806,0.00132771,0,217661,0.015235,20.4997
0,2,G4CMPDriftElectron,1,0.0153994,21.925,218831,0.639362,0.00119262,0,210187,0.0142068,49.7121
0,2,G4CMPDriftElectron,1,0.0306629,72.4721,308791,0.699703,0.00161756,0,300536,0.0290454,28.9169
0,2,G4CMPDriftElectron,1,0.0295476,26.2531,303123,0.640048,0.00166585,0,294454,0.0278818,70.0768
0,2,G4CMPDriftElectron,1,0.0261659,67.9094,285250,1.04009,0.000973739,0,279892,0.0251921,45.5911
0,2,G4CMPDriftElectron,1,0.0248391,45.002,277924,0.2808,0.00183346,0,267470,0.0230057,53.8527
0,2,G4CMPDriftElectron,1,0.0264971,58.76,287050,1.30085,0.000498354,0,284338,0.0259988,52.22
0,2,G4CMPDriftElectron,1,0.0290897,56.1406,300765,1.037,0.0010344,0,295369,0.0280553,67.8443
0,2,G4CMPDriftElectron,1,0.0311423,71.9714,311195,0.907398,0.00130495,0,304606,0.0298373,72.5362
0,2,G4CMPDriftElectron,1,0.0285653,71.0117,298042,0.946631,0.00118263,0,291807,0.0273826,56.8465
0,2,G4CMPDriftElectron,1,0.0270084,56.3197,289806,0.819979,0.00134759,0,282484,0.0256608,37.1021
0,2,G4CMPDriftElectron,1,0.0345406,57.5964,327735,0.809074,0.00154717,0,320311,0.0329934,56.2512
0,2,G4CMPDriftElectron,1,0.0325583,55.6762,318192,0.956507,0.00124724,0,312038,0.031311,73.4749
0,2,G4CMPDriftElectron,1,0.0253281,65.6328,280647,1.18068,0.000709866,0,276686,0.0246183,61.4813
0,2,G4CMPDriftElectron,1,0.0216629,57.3804,259547,0.86318,0.0011443,0,252599,0.0205186,45.8099
0,2,G4CMPDriftElectron,1,0.0208716,45.6156,254763,0.687186,0.00134215,0,246435,0.0195294,36.6781
0,2,G4CMPDriftElectron,1,0.0169992,32.736,229917,0.893496,0.000971705,0,223249,0.0160275,51.5022
0,2,G4CMPDriftElectron,1,0.00948594,39.273,171751,0.449282,0.00104613,0,162003,0.00843981,33.4895
0,2,G4CMPDriftElectron,1,0.0106799,38.2665,182239,0.592588,0.00102132,0,173306,0.00965853,40.3133
0,2,G4CMPDriftElectron,1,0.026171,67.987,285278,0.426796,0.00178194,0,275395,0.0243891,61.7004
0,2,G4CMPDriftElectron,1,0.023329,60.2476,269343,0.435384,0.0016735,0,259503,0.0216555,28.4831
0,2,G4CMPDriftElectron,1,0.0220094,29.288,261615,0.706571,0.00135646,0,253425,0.0206529,57.8378
0,2,G4CMPDriftElectron,1,0.0177981,46.2629,235258,0.402072,0.00147922,0,225270,0.0163189,51.7134
0,2,G4CMPDriftElectron,1,0.016166,51.5117,224212,1.25238,0.000453779,0,221043,0.0157122,47.5041
0,2,G4CMPDriftElectron,1,0.00925625,37.1328,169658,1.17145,0.000424155,0,165726,0.00883209,33.131
0,2,G4CMPDriftElectron,1,0.0133843,46.7969,204012,0.447745,0.00125076,0,194246,0.0121336,19.2307
0,2,G4CMPDriftElectron,1,0.0191624,32.3429,244108,0.535313,0.0014334,0,234801,0.017729,56.0167
0,2,G4CMPDriftElectron,1,0.00995377,40.8768,175935,0.848063,0.000777435,0,168925,0.00917634,25.9062
0,2,G4CMPDriftElectron,1,0.00726581,10.8655,150314,0.673502,0.0007853,0,141959,0.00648051,33.4465
0,2,G4CMPDriftElectron,1,0.0149418,50.9782,215556,0.348608,0.00138175,0,205347,0.0135601,33.2997
0,2,G4CMPDriftElectron,1,0.00657673,12.1161,143009,0.525225,0.000829043,0,133692,0.00574769,30.6262
0,2,G4CMPDriftElectron,1,0.00573949,30.0343,133596,0.934745,0.000518032,0,127425,0.00522145,21.5242
0,2,G4CMPDriftElectron,1,0.0167739,48.0926,228389,0.378447,0.0014493,0,218299,0.0153246,51.2542
0,2,G4CMPDriftElectron,1,0.0060389,29.9776,137037,0.761849,0.000656774,0,129370,0.00538213,30.8241
0,2,G4CMPDriftElectron,1,0.00926428,40.032,169732,0.77303,0.00081335,0,162110,0.00845093,15.9644
0,2,G4CMPDriftElectron,1,0.0101286,20.9609,177473,0.316846,0.00114379,0,167152,0.00898481,20.2574
0,2,G4CMPDriftElectron,1,0.0090295,20.5959,167568,1.27602,0.000303027,0,164732,0.00872647,26.512
0,2,G4CMPDriftElectron,1,0.0119919,37.1095,193109,0.203574,0.00128734,0,182449,0.0107046,33.8116
0,2,G4CMPDriftElectron,1,0.0147269,35.4611,214000,1.00723,0.000763061,0,208382,0.0139638,26.8313
0,2,G4CMPDriftElectron,1,0.0136484,25.2206,206015,1.13213,0.000575096,0,201628,0.0130733,35.2493
0,2,G4CMPDriftElectron,1,0.0128514,28.2142,199909,0.541349,0.00116261,0,190652,0.0116888,45.2119
0,2,G4CMPDriftElectron,1,0.00899994,37.9344,167293,0.325569,0.00107276,0,157006,0.00792718,37.1978
0,2,G4CMPDriftElectron,1,0.00294652,22.7719,95722.3,0.62891,0.000504353,0,87145.7,0.00244217,8.00855
0,2,G4CMPDriftElectron,1,0.0166007,52.9643,227207,0.622668,0.00125542,0,218447,0.0153453,49.1362
0,2,G4CMPDriftElectron,1,0.0143166,47.4502,210998,0.57118,0.00120592,0,201916,0.0131107,31.9158
0,2,G4CMPDriftElectron,1,0.0113285,23.2791,187691,0.906151,0.000773191,0,181173,0.0105553,36.9601
0,2,G4CMPDriftElectron,1,0.0128265,41.6515,199716,0.420133,0.00123987,0,189818,0.0115867,25.3213
0,2,G4CMPDriftElectron,1,0.0108009,29.2204,183269,0.076447,0.00124257,0,172405,0.00955832,22.8006
0,2,G4CMPDriftElectron,1,0.0146245,30.6691,213254,0.681785,0.00112235,0,204908,0.0135021,36.2192
0,2,G4CMPDriftElectron,1,0.0181292,47.3983,237436,0.704725,0.00122956,0,229243,0.0168996,50.258
0,2,G4CMPDriftElectron,1,0.0205358,54.8412,252705,0.467437,0.001543,0,243026,0.0189928,49.5642
0,2,G4CMPDriftElectron,1,0.0118351,36.2066,191842,0.343889,0.00122769,0,181619,0.0106074,43.3166
0,2,G4CMPDriftElectron,1,0.0143171,50.2835,211002,0.686429,0.00110575,0,202690,0.0132114,47.7832
0,2,G4CMPDriftElectron,1,0.0114011,44.0496,188292,0.143474,0.00126797,0,177513,0.0101331,41.6311
0,2,G4CMPDriftElectron,1,0.0231848,63.997,268510,0.457349,0.00165036,0,258777,0.0215345,54.0702
0,2,G4CMPDriftElectron,1,0.0119674,23.1069,192911,1.28222,0.000346602,0,190097,0.0116208,34.474
0,2,G4CMPDriftElectron,1,0.0130628,37.599,201547,0.680423,0.00105985,0,193197,0.0120029,40.3587
0,2,G4CMPDriftElectron,1,0.00660604,21.1506,143327,1.09786,0.00041939,0,138703,0.00618665,27.745
0,2,G4CMPDriftElectron,1,0.00972623,36.5375,173912,0.465391,0.00105111,0,164246,0.00867512,35.7304
0,2,G4CMPDriftElectron,1,0.0066774,29.6383,144099,0.930031,0.000565585,0,137862,0.00611182,27.864
0,2,G4CMPDriftElectron,1,0.00737337,26.8673,151423,0.54249,0.000870742,0,142201,0.00650263,22.8672
0,2,G4CMPDriftElectron,1,0.00547135,20.3782,130438,1.08576,0.000388058,0,125728,0.00508329,25.953
0,2,G4CMPDriftElectron,1,0.0207636,59.8904,254103,0.460488,0.00155728,0,244388,0.0192063,49.3446
0,2,G4CMPDriftElectron,1,0.0178802,46.4826,235800,1.14378,0.000646283,0,231499,0.0172339,52.2049
0,2,G4CMPDriftElectron,1,0.0160016,49.9411,223069,0.591739,0.00125945,0,214111,0.0147422,46.1377
0,2,G4CMPDriftElectron,1,0.0211455,56.2548,256429,0.76031,0.00126417,0,248646,0.0198814,26.6407
0,2,G4CMPDriftElectron,1,0.0245013,42.6516,276028,1.00798,0.000994083,0,270370,0.0235072,63.4515
0,2,G4CMPDriftElectron,1,0.0246567,64.9922,276902,0.757295,0.00137217,0,269086,0.0232845,63.1128
0,2,G4CMPDriftElectron,1,0.0230332,62.9235,267630,0.591937,0.00151846,0,258658,0.0215147,51.8503
0,2,G4CMPDriftElectron,1,0.0274778,60.4034,292314,0.0869246,0.00200287,0,281459,0.0254749,55.0174
0,2,G4CMPDriftElectron,1,0.0198517,46.2187,248460,1.07813,0.000785469,0,243495,0.0190662,52.7324
0,2,G4CMPDriftElectron,1,0.0183342,51.7278,238775,0.746743,0.00119004,0,230896,0.0171442,53.1832
0,2,G4CMPDriftElectron,1,0.0179135,54.3954,236019,0.922614,0.000960537,0,229604,0.0169529,34.1963
0,2,G4CMPDriftElectron,1,0.0194629,41.3897,246015,1.21485,0.00056269,0,242433,0.0189002,52.6453
0,2,G4CMPDriftElectron,1,0.0276947,66.6815,293465,0.77858,0.00142612,0,285810,0.0262686,68.0225
0,2,G4CMPDriftElectron,1,0.0263168,68.0869,286072,0.495544,0.00172567,0,276533,0.0245912,43.3627
0,2,G4CMPDriftElectron,1,0.0356644,58.0338,333024,0.0908706,0.00228632,0,322173,0.0333781,63.2677
0,2,G4CMPDriftElectron,1,0.0327828,62.5313,319287,0.794339,0.00153,0,311747,0.0312528,61.4528
0,2,G4CMPDriftElectron,1,0.0320794,62.7878,315843,0.584874,0.00180757,0,306816,0.0302719,69.4494
0,2,G4CMPDriftElectron,1,0.0304302,69.607,307617,1.09051,0.000957984,0,302736,0.0294722,35.9405
0,2,G4CMPDriftElectron,1,0.0292885,34.7837,301791,0.665112,0.00162617,0,293293,0.0276623,68.6905
0,2,G4CMPDriftElectron,1,0.0237765,63.6802,271914,0.247774,0.00180943,0,261363,0.021967,52.9732
0,2,G4CMPDriftElectron,1,0.0345647,69.6631,327849,0.832735,0.00150794,0,320618,0.0330567,70.6678
0,2,G4CMPDriftElectron,1,0.0333607,71.2504,322089,0.577393,0.00185334,0,313014,0.0315073,54.5717
0,2,G4CMPDriftElectron,1,0.0310255,54.2163,310612,0.268153,0.00206106,0,300117,0.0289645,65.0467
0,2,G4CMPDriftElectron,1,0.0416897,79.2332,360058,1.08143,0.00114808,0,355066,0.0405416,83.3703
0,2,G4CMPDriftElectron,1,0.0502425,92.8469,395270,0.770851,0.00194908,0,387527,0.0482935,79.8393
0,2,G4CMPDriftElectron,1,0.0483428,79.9167,387725,0.199004,0.00262571,0,377049,0.0457171,88.6296
0,2,G4CMPDriftElectron,1,0.0454296,88.255,375861,1.01616,0.00134916,0,370238,0.0440804,87.8
0,2,G4CMPDriftElectron,1,0.041085,84.7837,357437,0.772304,0.00175633,0,349714,0.0393287,46.6641
0,2,G4CMPDriftElectron,1,0.0391137,45.9147,348757,1.0735,0.00112791,0,343691,0.0379858,81.7987
0,2,G4CMPDriftElectron,1,0.0369521,80.6302,338983,0.814681,0.00159192,0,331601,0.0353602,41.6356
0,2,G4CMPDriftElectron,1,0.0363422,44.6222,336174,0.486736,0.00204438,0,326581,0.0342979,77.1316
0,2,G4CMPDriftElectron,1,0.0334383,76.1148,322463,0.920464,0.0013302,0,315984,0.0321081,43.0132
0,2,G4CMPDriftElectron,1,0.0320781,42.6975,315837,0.702876,0.00165081,0,307603,0.0304273,72.0083
0,2,G4CMPDriftElectron,1,0.0380674,81.1107,344060,1.03102,0.00120117,0,338589,0.0368662,76.7212
0,2,G4CMPDriftElectron,1,0.0406358,81.2488,355478,0.952279,0.00140646,0,349272,0.0392294,36.1097
0,2,G4CMPDriftElectron,1,0.041079,42.9576,357411,0.171261,0.00243023,0,346678,0.0386488,59.346
0,2,G4CMPDriftElectron,1,0.0356249,53.6407,332839,0.213766,0.00224155,0,322198,0.0333833,34.9843
0,2,G4CMPDriftElectron,1,0.0337856,36.881,324134,0.574736,0.00186863,0,315042,0.031917,71.0609
0,2,G4CMPDriftElectron,1,0.0327084,71.9486,318924,0.724153,0.00163619,0,310845,0.0310722,47.1742
0,2,G4CMPDriftElectron,1,0.03147,47.6509,312829,0.221718,0.00210073,0,302207,0.0293693,39.2444
0,2,G4CMPDriftElectron,1,0.0286862,38.0234,298672,0.720231,0.00153529,0,290569,0.0271509,69.3347
0,2,G4CMPDriftElectron,1,0.0348778,78.5897,329331,0.202383,0.00222295,0,318663,0.0326549,75.9743
0,2,G4CMPDriftElectron,1,0.0309763,74.0061,310365,0.858099,0.0013842,0,303352,0.0295921,69.1188
0,2,G4CMPDriftElectron,1,0.0284345,67.4522,297359,0.549473,0.00173918,0,288122,0.0266953,63.2522
0,2,G4CMPDriftElectron,1,0.0168878,49.8497,229163,0.591176,0.0012954,0,220198,0.0155924,49.5808
0,2,G4CMPDriftElectron,1,0.0101702,37.6176,177838,0.5301,0.00103719,0,168526,0.00913304,33.9862
0,2,G4CMPDriftElectron,1,0.0294148,66.6714,302441,0.678537,0.00161205,0,294037,0.0278028,43.7431
0,2,G4CMPDriftElectron,1,0.0255973,33.5517,282134,0.227257,0.00188842,0,271527,0.0237089,16.1518
0,2,G4CMPDriftElectron,1,0.0236506,17.486,271193,0.437578,0.00168349,0,261363,0.0219671,47.9168
0,2,G4CMPDriftElectron,1,0.0260851,53.2176,284809,0.36117,0.00182923,0,274642,0.0242559,19.2475
0,2,G4CMPDriftElectron,1,0.021798,21.223,260355,0.985099,0.000970527,0,254493,0.0208275,59.5413
0,2,G4CMPDriftElectron,1,0.0229333,62.6889,267049,0.551927,0.00155561,0,257833,0.0213777,39.937
0,2,G4CMPDriftElectron,1,0.020908,39.0535,254985,0.732183,0.00129095,0,246987,0.019617,49.6333
0,2,G4CMPDriftElectron,1,0.0280448,64.0124,295314,0.256649,0.00196384,0,284787,0.0260809,66.2353
0,2,G4CMPDriftElectron,1,0.0183326,54.3116,238765,0.367816,0.00152336,0,228630,0.0168093,53.0066
0,2,G4CMPDriftElectron,1,0.0437065,85.7757,368664,0.614594,0.00207291,0,359816,0.0416336,76.6971
0,2,G4CMPDriftElectron,1,0.0352248,67.9506,330965,1.11033,0.000992618,0,326269,0.0342322,73.6766
0,2,G4CMPDriftElectron,1,0.0337778,73.0948,324096,0.736956,0.00164394,0,316111,0.0321338,74.3531
0,2,G4CMPDriftElectron,1,0.038063,81.4611,344041,0.110756,0.00235839,0,333212,0.0357046,79.4414
0,2,G4CMPDriftElectron,1,0.0354681,79.1819,332106,0.64724,0.00181874,0,323480,0.0336494,73.6003
0,2,G4CMPDriftElectron,1,0.045435,87.1733,375883,0.458904,0.00232377,0,366145,0.0431112,38.4372
0,2,G4CMPDriftElectron,1,0.0417915,32.7346,360497,1.26212,0.000729415,0,357337,0.0410621,65.3791
0,2,G4CMPDriftElectron,1,0.0379104,59.7425,343350,1.13433,0.000979127,0,338887,0.0369313,80.7236
0,2,G4CMPDriftElectron,1,0.0366715,80.442,337693,0.882404,0.00146547,0,330877,0.035206,34.1428
0,2,G4CMPDriftElectron,1,0.0337205,25.9839,323821,0.565066,0.00187864,0,314671,0.0318418,59.8443
0,2,G4CMPDriftElectron,1,0.0247087,49.6569,277193,0.807408,0.00130503,0,269774,0.0234036,58.5743
0,2,G4CMPDriftElectron,1,0.0235511,58.8278,270622,0.83265,0.00123818,0,263412,0.0223129,23.6719
0,2,G4CMPDriftElectron,1,0.021857,34.7495,260707,0.0851681,0.00178246,0,249851,0.0200745,37.0086
0,2,G4CMPDriftElectron,1,0.0200671,36.9861,249805,0.946784,0.000984829,0,243598,0.0190823,57.4485
0,2,G4CMPDriftElectron,1,0.0103849,42.6497,179705,0.866856,0.000777012,0,172851,0.00960788,41.0361
0,2,G4CMPDriftElectron,1,0.0166432,54.2574,227497,0.584236,0.00129184,0,218490,0.0153513,28.977
0,2,G4CMPDriftElectron,1,0.0119359,29.6164,192658,0.474377,0.00116302,0,183031,0.0107729,41.6113
0,2,G4CMPDriftElectron,1,0.0104583,40.6153,180338,0.818094,0.00082588,0,173071,0.00963241,26.4569
0,2,G4CMPDriftElectron,1,0.00975867,27.0353,174202,0.735489,0.00086716,0,166282,0.00889151,38.5247
0,2,G4CMPDriftElectron,1,0.0166066,50.9026,227247,0.465893,0.00138481,0,217566,0.0152218,51.4018
0,2,G4CMPDriftElectron,1,0.00961581,40.2547,172922,0.682776,0.000902106,0,164611,0.00871371,25.5954
0,2,G4CMPDriftElectron,1,0.0106725,30.6084,182176,0.583209,0.0010276,0,173184,0.00964492,39.6663
0,2,G4CMPDriftElectron,1,0.0116264,44.222,190143,0.929841,0.00075871,0,183834,0.0108677,35.8115
0,2,G4CMPDriftElectron,1,0.0229335,60.0391,267050,0.333999,0.00173011,0,256780,0.0212034,34.5139
0,2,G4CMPDriftElectron,1,0.0191085,24.7895,243765,0.582643,0.00138845,0,234742,0.01772,42.8872
0,2,G4CMPDriftElectron,1,0.00614478,12.2744,138233,0.98598,0.000496666,0,132529,0.00564811,25.1055
0,2,G4CMPDriftElectron,1,0.0070638,31.9409,148210,0.241062,0.000970563,0,137652,0.00609324,31.427
0,2,G4CMPDriftElectron,1,0.00781363,34.8539,155878,0.467862,0.000936934,0,146234,0.0068767,33.9028
0,2,G4CMPDriftElectron,1,0.0375745,79.5472,341826,0.882103,0.00148443,0,335005,0.03609,68.3914
0,2,G4CMPDriftElectron,1,0.0405388,73.1636,355053,0.468296,0.00218243,0,345364,0.0383564,77.5805
0,2,G4CMPDriftElectron,1,0.0368261,75.6787,338404,0.59224,0.00192971,0,329419,0.0348964,55.0953
0,2,G4CMPDriftElectron,1,0.0356724,56.147,333061,0.679336,0.00177795,0,324655,0.0338944,77.3811
0,2,G4CMPDriftElectron,1,0.030911,73.9321,310038,1.13234,0.00088435,0,305571,0.0300266,59.2366
0,2,G4CMPDriftElectron,1,0.0313051,59.9397,312008,0.323408,0.00203528,0,301695,0.0292698,63.891
0,2,G4CMPDriftElectron,1,0.0288477,63.3581,299512,0.893075,0.00127808,0,292802,0.0275697,57.2843
0,2,G4CMPDriftElectron,1,0.0275323,56.9164,292604,0.379789,0.00186651,0,282511,0.0256658,66.8265
0,2,G4CMPDriftElectron,1,0.0324514,74.7118,317669,0.548662,0.00186152,0,308423,0.0305899,47.0488
0,2,G4CMPDriftElectron,1,0.0304392,46.6515,307663,0.358161,0.00198135,0,297481,0.0284578,68.8506
0,2,G4CMPDriftElectron,1,0.0298114,70.7437,304473,1.22388,0.000687383,0,300943,0.029124,55.5599
0,2,G4CMPDriftElectron,1,0.0381582,70.1617,344471,0.779596,0.0016789,0,336807,0.0364793,73.8552
0,2,G4CMPDriftElectron,1,0.0341663,71.2997,325955,0.733012,0.00165963,0,317939,0.0325067,39.7034
0,2,G4CMPDriftElectron,1,0.0339507,44.4249,324925,0.865848,0.00143753,0,317971,0.0325132,57.0631
0,2,G4CMPDriftElectron,1,0.0253307,46.5601,280661,0.822798,0.0012998,0,273365,0.0240309,45.8822
0,2,G4CMPDriftElectron,1,0.0248165,47.658,277798,0.789467,0.00133298,0,270234,0.0234836,50.1799
0,2,G4CMPDriftElectron,1,0.0214996,47.1829,258567,0.346899,0.00166613,0,248346,0.0198335,55.5408
0,2,G4CMPDriftElectron,1,0.0270681,65.5593,290126,0.990371,0.00107692,0,284296,0.0259912,61.7123
0,2,G4CMPDriftElectron,1,0.027601,63.7093,292968,0.843693,0.00132671,0,285840,0.0262743,65.0921
0,2,G4CMPDriftElectron,1,0.0245142,62.4898,276100,0.842847,0.00124935,0,268973,0.0232649,25.0524
0,2,G4CMPDriftElectron,1,0.0275081,34.2947,292475,1.19028,0.000723149,0,288605,0.026785,30.1109
0,2,G4CMPDriftElectron,1,0.0265552,28.2592,287364,0.493202,0.00173588,0,277813,0.0248193,52.9492
0,2,G4CMPDriftElectron,1,0.0346655,69.2731,328327,0.882128,0.00142425,0,321512,0.0332413,56.3454
0,2,G4CMPDriftElectron,1,0.0371988,61.0825,340112,0.511737,0.00204025,0,330654,0.0351585,63.4339
0,2,G4CMPDriftElectron,1,0.0411184,72.5098,357583,0.47739,0.00218787,0,347939,0.0389305,61.0174
0,2,G4CMPDriftElectron,1,0.0411542,63.3358,357738,1.04332,0.00122389,0,352378,0.0399303,30.8999
0,2,G4CMPDriftElectron,1,0.039373,21.4071,349911,0.501901,0.00211184,0,340397,0.0372612,74.0463
0,2,G4CMPDriftElectron,1,0.0373359,74.1428,340739,0.450685,0.00211155,0,330963,0.0352244,71.9231
0,2,G4CMPDriftElectron,1,0.0290194,62.7553,300402,1.03058,0.00104471,0,294945,0.0279747,61.3858
0,2,G4CMPDriftElectron,1,0.0257389,58.5255,282913,1.34782,0.000400294,0,280704,0.0253386,61.8455
0,2,G4CMPDriftElectron,1,0.0248354,61.3918,277903,0.601822,0.00156739,0,268991,0.023268,58.5813
0,2,G4CMPDriftElectron,1,0.0258355,62.6522,283444,1.02838,0.000987315,0,277975,0.0248482,56.693
0,2,G4CMPDriftElectron,1,0.0287822,63.2174,299172,0.684186,0.00158674,0,290808,0.0271955,34.305
0,2,G4CMPDriftElectron,1,0.0274314,34.7676,292066,0.292356,0.00192202,0,281649,0.0255093,59.333
0,2,G4CMPDriftElectron,1,0.0251665,58.8597,279749,1.07719,0.000890824,0,274754,0.0242756,16.463
0,2,G4CMPDriftElectron,1,0.0232646,14.5996,268971,0.825856,0.00123984,0,261706,0.0220248,62.2335
0,2,G4CMPDriftElectron,1,0.00483001,29.1627,122555,0.456887,0.000732684,0,112878,0.00409733,19.5751
0,2,G4CMPDriftElectron,1,0.0183154,51.5534,238653,0.558949,0.00137994,0,229486,0.0169355,25.8587
0,2,G4CMPDriftElectron,1,0.0169098,26.1138,229312,1.25293,0.00046413,0,226143,0.0164456,45.7013
0,2,G4CMPDriftElectron,1,0.0163459,45.6213,225456,0.509128,0.00134159,0,216006,0.0150043,23.0897
0,2,G4CMPDriftElectron,1,0.0187219,32.3507,241286,0.573924,0.001382,0,232210,0.0173399,50.2363
0,2,G4CMPDriftElectron,1,0.0179742,52.3921,236420,0.148496,0.00160062,0,225648,0.0163736,52.5826
0,2,G4CMPDriftElectron,1,0.016516,52.6634,226626,1.11776,0.000657054,0,222073,0.0158589,39.7432
0,2,G4CMPDriftElectron,1,0.0165266,40.9869,226699,0.241609,0.00150457,0,216134,0.015022,48.7309
0,2,G4CMPDriftElectron,1,0.0108507,41.8903,183691,0.574889,0.00104232,0,174645,0.00980838,27.1388
0,2,G4CMPDriftElectron,1,0.0138757,36.8089,207724,0.628573,0.00113945,0,199012,0.0127363,46.5249
0,2,G4CMPDriftElectron,1,0.0126793,46.425,198567,0.925688,0.000798639,0,192211,0.0118807,11.6384
0,2,G4CMPDriftElectron,1,0.016598,38.4539,227188,0.703475,0.00117613,0,218991,0.0154219,35.8596
0,2,G4CMPDriftElectron,1,0.0232289,49.8782,268765,0.481023,0.0016318,0,259153,0.0215971,28.4403
0,2,G4CMPDriftElectron,1,0.0220154,32.1579,261650,1.03633,0.00089596,0,256271,0.0211194,59.0869
0,2,G4CMPDriftElectron,1,0.027819,68.7246,294123,0.98702,0.00109805,0,288260,0.0267209,67.0972
0,2,G4CMPDriftElectron,1,0.0274673,68.0091,292258,0.255455,0.00194374,0,281727,0.0255235,61.8677
0,2,G4CMPDriftElectron,1,0.0254281,62.104,281200,1.01667,0.000998901,0,275621,0.0244292,58.6911
0,2,G4CMPDriftElectron,1,0.0277212,63.002,293605,0.228132,0.00196635,0,283001,0.0257549,67.4048
0,2,G4CMPDriftElectron,1,0.018253,56.8118,238246,0.621117,0.00131977,0,229471,0.0169332,24.5215
0,2,G4CMPDriftElectron,1,0.0251962,39.9276,279915,0.914999,0.00115816,0,273406,0.0240381,62.7191
0,2,G4CMPDriftElectron,1,0.0219636,59.3391,261342,0.499121,0.00157007,0,251828,0.0203935,50.2941
0,2,G4CMPDriftElectron,1,0.0127813,39.9705,199364,0.427616,0.00123331,0,189501,0.011548,44.286
0,2,G4CMPDriftElectron,1,0.0190324,56.7679,243279,1.09878,0.000737107,0,238522,0.0182953,55.7031
0,2,G4CMPDriftElectron,1,0.0298887,72.1794,304868,0.704384,0.00159007,0,296648,0.0282987,36.5048
0,2,G4CMPDriftElectron,1,0.0266577,34.0533,287918,0.593753,0.00163442,0,278953,0.0250233,64.6883
0,2,G4CMPDriftElectron,1,0.0266139,66.7538,287682,0.0914275,0.00196972,0,276831,0.0246441,65.9629
0,2,G4CMPDriftElectron,1,0.0207525,60.5587,254035,0.661264,0.00136702,0,245526,0.0193855,51.4726
0,2,G4CMPDriftElectron,1,0.0245563,58.2181,276337,0.268341,0.00182932,0,265845,0.022727,63.4425
0,2,G4CMPDriftElectron,1,0.0123393,46.4565,195886,1.26709,0.000372405,0,192907,0.0119669,40.5742
0,2,G4CMPDriftElectron,1,0.0161023,47.5485,223770,0.538971,0.00130786,0,214490,0.0147944,48.5841
0,2,G4CMPDriftElectron,1,0.0213668,52.8355,257767,0.852317,0.00115103,0,250728,0.0202158,59.5824
0,2,G4CMPDriftElectron,1,0.0206009,59.9848,253105,0.110585,0.00172497,0,242277,0.018876,56.2676
0,2,G4CMPDriftElectron,1,0.0195932,57.7063,246837,0.934721,0.00098954,0,240524,0.0186037,47.6062
0,2,G4CMPDriftElectron,1,0.0189095,48.115,242492,0.511537,0.00144385,0,233050,0.0174656,54.8864
0,2,G4CMPDriftElectron,1,0.0144105,48.9933,211688,0.129223,0.00143314,0,200886,0.0129773,47.5474
0,2,G4CMPDriftElectron,1,0.0131687,47.9257,202363,0.374936,0.00128162,0,192263,0.0118871,37.3356
0,2,G4CMPDriftElectron,1,0.0110322,35.7528,185220,0.229894,0.00122585,0,174627,0.00980633,39.9041
0,2,G4CMPDriftElectron,1,0.0179775,54.3797,236441,1.14257,0.000649977,0,232127,0.0173275,55.3967
0,2,G4CMPDriftElectron,1,0.0303209,73.2165,307064,0.391183,0.00195142,0,297019,0.0283695,70.4234
0,2,G4CMPDriftElectron,1,0.0272335,68.9454,291011,0.333947,0.0018888,0,280738,0.0253447,48.1332
0,2,G4CMPDriftElectron,1,0.0255342,48.5569,281786,0.153187,0.00191369,0,271021,0.0236205,50.4816
0,2,G4CMPDriftElectron,1,0.0209771,43.1464,255406,0.366856,0.00163281,0,245264,0.0193443,52.5603
0,2,G4CMPDriftElectron,1,0.020785,54.6535,254234,0.812762,0.00118686,0,246868,0.0195981,55.6843
0,2,G4CMPDriftElectron,1,0.018107,53.0848,237291,0.370317,0.00151222,0,227166,0.0165948,53.9704
0,2,G4CMPDriftElectron,1,0.0224591,63.0428,264274,0.298495,0.00173217,0,253878,0.0207269,52.0433
0,2,G4CMPDriftElectron,1,0.0206461,51.8244,253382,0.872931,0.001103,0,246521,0.0195431,56.7459
0,2,G4CMPDriftElectron,1,0.0180223,54.4248,236736,0.453834,0.00145311,0,226991,0.0165692,45.3535
0,2,G4CMPDriftElectron,1,0.0205614,53.2624,252862,0.376231,0.00161014,0,242760,0.0189512,30.9078
0,2,G4CMPDriftElectron,1,0.0187233,29.6141,241296,0.716351,0.00123734,0,233186,0.017486,48.5432
0,2,G4CMPDriftElectron,1,0.00412746,18.5409,113292,1.00817,0.000385367,0,107874,0.00374209,22.411
0,2,G4CMPDriftElectron,1,0.00536611,28.5183,129178,0.789737,0.000599237,0,121752,0.00476687,19.5466
0,2,G4CMPDriftElectron,1,0.0294704,65.91,302727,0.928283,0.0012332,0,296325,0.0282372,61.0475
0,2,G4CMPDriftElectron,1,0.0305946,64.759,308447,0.53327,0.00182351,0,299114,0.0287711,68.991
0,2,G4CMPDriftElectron,1,0.0253757,64.6776,280910,1.28535,0.000516216,0,278038,0.0248594,65.2245
0,2,G4CMPDriftElectron,1,0.0242773,64.405,274763,0.487573,0.00166319,0,265185,0.0226142,33.5057
0,2,G4CMPDriftElectron,1,0.0230541,35.2196,267752,1.30833,0.000448737,0,265133,0.0226054,33.1027
0,2,G4CMPDriftElectron,1,0.0226799,33.3838,265570,0.260889,0.00176018,0,255056,0.0209197,52.8435
0,2,G4CMPDriftElectron,1,0.0142787,37.9101,210718,0.698789,0.00109256,0,202496,0.0131861,48.3256
0,2,G4CMPDriftElectron,1,0.0130619,48.0971,201540,0.813877,0.000931806,0,194218,0.0121301,24.304
0,2,G4CMPDriftElectron,1,0.00901294,22.5919,167414,0.373097,0.00105447,0,157316,0.00795847,36.5305
0,2,G4CMPDriftElectron,1,0.00358104,22.6067,105527,0.893113,0.000425549,0,99058.5,0.00315549,9.55188
0,2,G4CMPDriftElectron,1,0.0102927,34.0797,178905,0.473847,0.00107758,0,169281,0.00921514,19.8577
0,2,G4CMPDriftElectron,1,0.0139709,39.6013,208435,1.06234,0.000673016,0,203352,0.0132979,44.7295
0,2,G4CMPDriftElectron,1,0.024292,64.5936,274846,0.483726,0.00166717,0,265247,0.0226249,52.0801
0,2,G4CMPDriftElectron,1,0.00725186,18.8137,150170,0.773061,0.000715184,0,142573,0.00653668,31.9782
0,2,G4CMPDriftElectron,1,0.0110849,38.3781,185663,1.14097,0.000504079,0,181392,0.0105808,43.2159
0,2,G4CMPDriftElectron,1,0.0141089,49.9759,209461,1.39285,0.000221673,0,207809,0.0138872,49.5495
0,2,G4CMPDriftElectron,1,0.0171365,55.0867,230845,0.766801,0.00112696,0,223125,0.0160096,13.435
0,2,G4CMPDriftElectron,1,0.0154242,12.2754,219008,0.792624,0.00103935,0,211500,0.0143849,50.3165
0,2,G4CMPDriftElectron,1,0.0142452,50.0737,210471,0.398055,0.00132165,0,200470,0.0129235,47.8279
0,2,G4CMPDriftElectron,1,0.0229365,63.5893,267068,0.740161,0.00134391,0,259126,0.0215926,28.1178
0,2,G4CMPDriftElectron,1,0.0225475,29.9572,264794,0.153287,0.00179596,0,254029,0.0207516,19.4997
0,2,G4CMPDriftElectron,1,0.022374,33.3551,263773,0.352193,0.00169709,0,253572,0.0206769,29.7311
0,2,G4CMPDriftElectron,1,0.0206894,29.084,253648,0.76032,0.00125003,0,245866,0.0194394,52.6607
0,2,G4CMPDriftElectron,1,0.01809,51.1478,237179,0.810957,0.00110686,0,229809,0.0169831,27.9803
0,2,G4CMPDriftElectron,1,0.017999,32.4811,236582,0.479897,0.00143269,0,226971,0.0165663,53.3364
0,2,G4CMPDriftElectron,1,0.0164845,52.5061,226410,0.245228,0.00150122,0,215855,0.0149833,48.1861
0,2,G4CMPDriftElectron,1,0.0159379,50.1997,222625,0.762922,0.00108967,0,214880,0.0148482,48.4912
0,2,G4CMPDriftElectron,1,0.0159731,50.6338,222871,0.254283,0.00147366,0,212341,0.0144995,49.7716
0,2,G4CMPDriftElectron,1,0.0128933,46.9256,200235,0.521423,0.00117874,0,190862,0.0117145,30.6536
0,2,G4CMPDriftElectron,1,0.0134244,33.4117,204318,1.07352,0.000644948,0,199349,0.0127795,19.4445
0,2,G4CMPDriftElectron,1,0.0135957,21.6938,205617,0.964872,0.000782578,0,199612,0.0128131,47.405
0,2,G4CMPDriftElectron,1,0.0151366,51.5007,216956,0.517486,0.00128333,0,207555,0.0138533,32.7018
0,2,G4CMPDriftElectron,1,0.0136086,32.1959,205714,0.555253,0.00118703,0,196538,0.0124215,28.2546
0,2,G4CMPDriftElectron,1,0.0253767,51.5487,280916,0.353602,0.00180891,0,270718,0.0235678,56.3964
0,2,G4CMPDriftElectron,1,0.0214797,53.3175,258448,0.478353,0.00156992,0,248824,0.0199098,54.3123
0,2,G4CMPDriftElectron,1,0.0314262,71.5727,312611,0.357629,0.00201424,0,302427,0.0294119,70.974
0,2,G4CMPDriftElectron,1,0.029237,70.7616,301526,1.15196,0.000821308,0,297261,0.0284157,41.3197
0,2,G4CMPDriftElectron,1,0.0183057,19.7502,238589,0.742149,0.00119429,0,230675,0.0171114,54.4972
0,2,G4CMPDriftElectron,1,0.0187164,57.0999,241251,0.542069,0.00141031,0,231984,0.0173061,45.7159
0,2,G4CMPDriftElectron,1,0.0156343,41.1523,220494,0.374782,0.00139996,0,210390,0.0142343,50.1955
0,2,G4CMPDriftElectron,1,0.0168084,54.5605,228624,0.150783,0.00154603,0,217856,0.0152624,49.7261
0,2,G4CMPDriftElectron,1,0.0106273,39.5422,181790,0.364867,0.00115209,0,171654,0.00947525,30.0707
0,2,G4CMPDriftElectron,1,0.00867188,28.5175,164216,0.519628,0.000960859,0,154851,0.00771103,14.7168
0,2,G4CMPDriftElectron,1,0.00884878,14.8457,165882,0.57897,0.000934982,0,156874,0.0079138,31.3871
0,2,G4CMPDriftElectron,1,0.0137188,45.8387,206545,0.909132,0.000851296,0,200034,0.0128675,37.5484
0,2,G4CMPDriftElectron,1,0.0150572,44.8328,216386,0.921254,0.000879103,0,209975,0.0141781,44.9827
0,2,G4CMPDriftElectron,1,0.0236639,59.9462,271270,0.331006,0.00175991,0,260988,0.021904,59.7595
0,2,G4CMPDriftElectron,1,0.0207358,58.1203,253933,0.713627,0.00130732,0,245798,0.0194285,49.1137
0,2,G4CMPDriftElectron,1,0.0146445,43.1337,213401,0.805599,0.000997854,0,206002,0.0136467,48.2431
0,2,G4CMPDriftElectron,1,0.0188875,56.8204,242351,0.664899,0.00129859,0,233872,0.0175889,31.4824
0,2,G4CMPDriftElectron,1,0.0166926,26.9089,227835,0.826686,0.0010434,0,220599,0.0156492,50.6948
0,2,G4CMPDriftElectron,1,0.0129698,46.0122,200828,0.530459,0.00117596,0,191507,0.0117938,42.5899
0,2,G4CMPDriftElectron,1,0.014772,47.9965,214328,0.626883,0.00117838,0,205601,0.0135936,45.1375
0,2,G4CMPDriftElectron,1,0.0150424,47.2906,216280,0.518117,0.00127874,0,206883,0.0137636,42.1348
0,2,G4CMPDriftElectron,1,0.0144677,43.0323,212109,0.571277,0.0012124,0,203027,0.0132553,47.8092
0,2,G4CMPDriftElectron,1,0.014335,49.8266,211134,0.312949,0.00136975,0,200793,0.0129653,46.5652
0,2,G4CMPDriftElectron,1,0.012549,45.6571,197544,0.198296,0.00131924,0,186872,0.0112298,44.4918
0,2,G4CMPDriftElectron,1,0.0116014,45.2107,189939,1.29607,0.000322956,0,187276,0.0112785,41.1362
0,2,G4CMPDriftElectron,1,0.0125594,44.1572,197626,0.692152,0.00102819,0,189363,0.0115313,17.7637
0,2,G4CMPDriftElectron,1,0.0143695,26.3386,211387,0.368693,0.00134384,0,201260,0.0130256,16.2902
0,2,G4CMPDriftElectron,1,0.0161872,33.0421,224359,0.937304,0.000892679,0,218085,0.0152945,50.1617
0,2,G4CMPDriftElectron,1,0.0271428,67.3303,290526,1.01113,0.00104288,0,284890,0.0260999,24.6331
0,2,G4CMPDriftElectron,1,0.0264868,25.5084,286994,0.527321,0.00170008,0,277631,0.0247867,55.1872
0,2,G4CMPDriftElectron,1,0.0235668,53.7965,270713,0.742177,0.00136019,0,262784,0.0222066,44.1576
0,2,G4CMPDriftElectron,1,0.0243245,54.6486,275030,1.05434,0.000913689,0,269815,0.0234108,28.1373
0,2,G4CMPDriftElectron,1,0.0257459,37.8383,282952,1.05498,0.000940009,0,277738,0.0248059,44.3727
0,2,G4CMPDriftElectron,1,0.0248201,45.1734,277818,1.02452,0.000973393,0,272315,0.0238467,41.1196
0,2,G4CMPDriftElectron,1,0.0243466,42.4858,275155,0.69709,0.00144044,0,266891,0.0229061,57.0847
0,2,G4CMPDriftElectron,1,0.0204483,53.6221,252166,0.491434,0.00152006,0,242613,0.0189283,36.3501
0,2,G4CMPDriftElectron,1,0.0178259,31.274,235442,0.58499,0.0013376,0,226436,0.0164883,53.3311
0,2,G4CMPDriftElectron,1,0.0252345,65.5709,280127,0.579164,0.00160501,0,271072,0.0236295,53.1012
0,2,G4CMPDriftElectron,1,0.0247325,55.3224,277327,0.678521,0.00147503,0,268930,0.0232575,59.7074
0,2,G4CMPDriftElectron,1,0.0231907,59.614,268544,1.07293,0.00086066,0,263513,0.02233,58.2334
0,2,G4CMPDriftElectron,1,0.0178326,50.2362,235486,0.416078,0.00147149,0,225561,0.0163611,49.637
0,2,G4CMPDriftElectron,1,0.0172741,51.3568,231769,0.197974,0.00155453,0,221095,0.0157196,49.8838
0,2,G4CMPDriftElectron,1,0.00796417,31.7548,157372,0.780457,0.000745599,0,149825,0.00721857,23.0826
0,2,G4CMPDriftElectron,1,0.00828246,32.9145,160486,0.108821,0.00107999,0,149658,0.00720247,26.1395
0,2,G4CMPDriftElectron,1,0.00627323,21.9907,139670,0.753717,0.000675601,0,131935,0.00559763,31.4348
0,2,G4CMPDriftElectron,1,0.00910743,40.1529,168289,0.452941,0.00102239,0,158562,0.00808504,37.1132
0,2,G4CMPDriftElectron,1,0.00989058,41.503,175376,0.685306,0.000913481,0,167081,0.0089771,22.0438
0,2,G4CMPDriftElectron,1,0.00820271,16.614,159712,1.11442,0.000455125,0,155218,0.00774758,30.3349
0,2,G4CMPDriftElectron,1,0.00545879,17.6484,130289,0.250909,0.000846396,0,119763,0.00461239,25.097
0,2,G4CMPDriftElectron,1,0.0109621,43.2347,184631,0.527137,0.0010802,0,175298,0.00988187,32.2013
0,2,G4CMPDriftElectron,1,0.00892017,30.573,166550,1.0264,0.000566375,0,161176,0.0083538,37.1278
0,2,G4CMPDriftElectron,1,0.0312086,72.0704,311527,0.586832,0.00177998,0,302512,0.0294286,67.8962
0,2,G4CMPDriftElectron,1,0.0258734,63.4544,283651,0.649021,0.00154567,0,275048,0.0243277,39.7512
0,2,G4CMPDriftElectron,1,0.0243326,39.7673,275076,0.761271,0.00135759,0,267292,0.022975,58.3474
0,2,G4CMPDriftElectron,1,0.0229737,57.4463,267284,0.786534,0.00128498,0,259702,0.0216887,40.5948
0,2,G4CMPDriftElectron,1,0.0213415,39.9884,257615,0.509288,0.00153826,0,248157,0.0198032,33.1358
0,2,G4CMPDriftElectron,1,0.0191226,30.5243,243855,0.954387,0.000949889,0,237721,0.0181727,38.176
0,2,G4CMPDriftElectron,1,0.0215245,44.1798,258717,0.508773,0.00154546,0,249256,0.019979,53.0863
0,2,G4CMPDriftElectron,1,0.0235207,59.8277,270447,0.906862,0.00112988,0,263872,0.0223908,16.4359
0,2,G4CMPDriftElectron,1,0.0211838,14.4843,256661,0.885969,0.00109969,0,249910,0.0200841,58.7169
0,2,G4CMPDriftElectron,1,0.0187951,56.8518,241758,0.418221,0.00151023,0,231842,0.0172849,32.7818
0,2,G4CMPDriftElectron,1,0.0173502,32.8263,232279,0.949857,0.000908993,0,226113,0.0164412,32.845
0,2,G4CMPDriftElectron,1,0.0173957,34.3035,232583,1.00672,0.000833345,0,226944,0.0165623,53.8069
0,2,G4CMPDriftElectron,1,0.0187336,57.3546,241362,0.949233,0.000946888,0,235183,0.0177867,44.1156
0,2,G4CMPDriftElectron,1,0.0192164,47.2882,244452,0.705863,0.00126575,0,236264,0.0179506,41.5843
0,2,G4CMPDriftElectron,1,0.0175365,40.8321,233523,0.324385,0.00151319,0,223221,0.0160233,38.7357
0,2,G4CMPDriftElectron,1,0.0224983,50.0875,264504,0.3793,0.00168393,0,254413,0.0208144,54.5844
0,2,G4CMPDriftElectron,1,0.0170336,49.4855,230150,1.08082,0.000720937,0,225227,0.0163126,51.0853
0,2,G4CMPDriftElectron,1,0.0124476,41.3337,196744,1.01533,0.000688989,0,191221,0.0117586,39.3818
0,2,G4CMPDriftElectron,1,0.0117122,39.3724,190843,0.407469,0.0011899,0,180889,0.0105223,42.3281
0,2,G4CMPDriftElectron,1,0.00870514,38.8065,164530,0.781022,0.00078079,0,156978,0.00792435,29.4301
0,2,G4CMPDriftElectron,1,0.00691903,26.6178,146683,1.1753,0.0003579,0,142839,0.00656113,8.91571
0,2,G4CMPDriftElectron,1,0.00608484,9.11631,137557,0.669084,0.000718059,0,129186,0.00536678,30.7936
0,2,G4CMPDriftElectron,1,0.00698425,34.5318,147373,0.459988,0.000887369,0,137693,0.00609688,31.5669
0,2,G4CMPDriftElectron,1,0.0103977,42.8442,179815,0.165055,0.00120499,0,169075,0.00919267,39.4215
0,2,G4CMPDriftElectron,1,0.0070092,33.9351,147636,0.37901,0.000923141,0,137571,0.00608606,31.9679
0,2,G4CMPDriftElectron,1,0.020923,60.8223,255076,0.331204,0.00165245,0,244797,0.0192706,54.3302
0,2,G4CMPDriftElectron,1,0.0157633,39.5363,221402,1.07233,0.000703686,0,216404,0.0150596,51.1974
0,2,G4CMPDriftElectron,1,0.0200537,59.0428,249721,0.0638879,0.00170851,0,238847,0.0183452,55.952
0,2,G4CMPDriftElectron,1,0.0166904,53.3601,227820,1.26701,0.000439459,0,224800,0.0162509,44.6736
0,2,G4CMPDriftElectron,1,0.0139023,40.6066,207922,0.73289,0.00104495,0,199956,0.0128574,32.8034
0,2,G4CMPDriftElectron,1,0.0277159,59.1478,293577,0.557512,0.00170789,0,284388,0.026008,67.3157
0,2,G4CMPDriftElectron,1,0.0344531,77.3873,327320,0.842752,0.00148837,0,320172,0.0329647,36.2104
0,2,G4CMPDriftElectron,1,0.0331514,41.5914,321077,0.472298,0.00196585,0,311412,0.0311856,71.711
0,2,G4CMPDriftElectron,1,0.0314559,71.9925,312758,0.919016,0.00129154,0,306270,0.0301643,52.9057
0,2,G4CMPDriftElectron,1,0.0458188,72.4603,377468,0.96934,0.00145883,0,371410,0.04436,79.0116
0,2,G4CMPDriftElectron,1,0.0510819,86.7925,398558,0.322966,0.00261084,0,388239,0.048471,50.1289
0,2,G4CMPDriftElectron,1,0.0484293,50.0284,388072,0.429376,0.00243487,0,378190,0.0459944,35.9132
0,2,G4CMPDriftElectron,1,0.0455749,35.18,376462,0.520552,0.0022509,0,367048,0.043324,84.9446
0,2,G4CMPDriftElectron,1,0.0538098,94.7627,409062,1.05516,0.00137554,0,403799,0.0524342,71.5688
0,2,G4CMPDriftElectron,1,0.0542928,74.3074,410893,0.61249,0.00231821,0,402026,0.0519746,44.1966
0,2,G4CMPDriftElectron,1,0.0539104,47.0268,409444,0.504422,0.00247415,0,399938,0.0514363,72.6229
0,2,G4CMPDriftElectron,1,0.0508875,73.4913,397799,0.82228,0.00185928,0,390464,0.0490282,91.1951
0,2,G4CMPDriftElectron,1,0.0445814,86.9148,372336,0.573026,0.00215462,0,363227,0.0424268,81.0977
0,2,G4CMPDriftElectron,1,0.0427797,81.4101,364735,0.923056,0.0015043,0,358265,0.0412754,21.7672
0,2,G4CMPDriftElectron,1,0.0437673,26.1363,368921,0.762148,0.00183221,0,361116,0.0419351,85.2998
0,2,G4CMPDriftElectron,1,0.0369676,79.6784,339054,0.987697,0.00127029,0,333178,0.0356973,77.7368
0,2,G4CMPDriftElectron,1,0.0260204,65.2704,284456,0.587097,0.00162169,0,275449,0.0243987,59.2229
0,2,G4CMPDriftElectron,1,0.0273673,63.0317,291725,0.405733,0.00184048,0,281745,0.0255268,63.3443
0,2,G4CMPDriftElectron,1,0.0245639,61.8706,276380,0.37443,0.00176472,0,266267,0.0227992,63.5371
0,2,G4CMPDriftElectron,1,0.0330896,76.5471,320778,0.475263,0.00196094,0,311128,0.0311287,45.1526
0,2,G4CMPDriftElectron,1,0.0305992,43.8015,308470,0.565661,0.00178708,0,299327,0.0288121,60.3164
0,2,G4CMPDriftElectron,1,0.0282931,61.3859,296619,0.206124,0.00199678,0,285960,0.0262963,45.2087
0,2,G4CMPDriftElectron,1,0.0261997,44.9118,285434,0.83873,0.00129902,0,278268,0.0249007,57.9199
0,2,G4CMPDriftElectron,1,0.0211615,52.5917,256526,0.625062,0.00141983,0,247771,0.0197416,38.2497
0,2,G4CMPDriftElectron,1,0.0298331,54.0238,304584,0.371148,0.00195126,0,294455,0.0278819,40.2068
0,2,G4CMPDriftElectron,1,0.0281064,42.2124,295638,0.534285,0.00174513,0,286313,0.0263613,54.2595
0,2,G4CMPDriftElectron,1,0.0386574,70.0237,346716,0.59456,0.0019749,0,337744,0.0366825,67.7901
0,2,G4CMPDriftElectron,1,0.0197377,32.5462,247746,1.1118,0.000731132,0,243114,0.0190066,55.3234
0,2,G4CMPDriftElectron,1,0.0180838,53.7342,237139,0.473259,0.00144121,0,227493,0.0166426,52.7021
0,2,G4CMPDriftElectron,1,0.0191834,56.9805,244242,0.328343,0.00158223,0,233953,0.0176011,55.8229
0,2,G4CMPDriftElectron,1,0.0153933,52.1882,218788,0.521014,0.00129181,0,209407,0.0141015,45.7681
0,2,G4CMPDriftElectron,1,0.0147546,46.8389,214201,0.064218,0.00146003,0,203327,0.0132945,46.0759
0,2,G4CMPDriftElectron,1,0.0100485,40.2146,176770,0.888683,0.000742898,0,170111,0.00930564,27.4273
0,2,G4CMPDriftElectron,1,0.00845748,25.0075,162173,0.282234,0.00105349,0,151737,0.00740398,20.6069
0,2,G4CMPDriftElectron,1,0.0165109,42.2034,226591,0.906837,0.000940497,0,220043,0.0155704,52.4954
0,2,G4CMPDriftElectron,1,0.0249611,66.3487,278606,0.287907,0.00183416,0,268175,0.023127,63.7299
0,2,G4CMPDriftElectron,1,0.022,62.2154,261559,0.384288,0.00166135,0,251489,0.0203387,42.4713
0,2,G4CMPDriftElectron,1,0.0206337,42.3843,253307,0.841023,0.00114547,0,246175,0.0194882,50.8032
0,2,G4CMPDriftElectron,1,0.0245514,58.3159,276310,1.0215,0.000972893,0,270780,0.0235785,55.4922
0,2,G4CMPDriftElectron,1,0.0262461,60.048,285687,0.119152,0.00194997,0,274869,0.0242961,63.0787
0,2,G4CMPDriftElectron,1,0.0213546,58.5288,257694,0.454111,0.00158491,0,247947,0.0197697,56.1948
0,2,G4CMPDriftElectron,1,0.0225177,60.5876,264618,0.641916,0.00144732,0,255973,0.0210704,47.7089
0,2,G4CMPDriftElectron,1,0.0202723,46.4102,251078,0.848123,0.00112572,0,244008,0.0191465,48.8351
0,2,G4CMPDriftElectron,1,0.0187924,47.8291,241740,0.858395,0.00106932,0,234762,0.0177231,56.0247
0,2,G4CMPDriftElectron,1,0.0134139,48.7171,204237,0.198768,0.00136511,0,193566,0.0120488,44.883
0,2,G4CMPDriftElectron,1,0.0206016,58.9522,253109,0.258206,0.00167702,0,242589,0.0189245,43.3474
0,2,G4CMPDriftElectron,1,0.0183481,42.3078,238866,0.774109,0.00115893,0,231199,0.0171892,39.7287
0,2,G4CMPDriftElectron,1,0.0173799,40.2282,232478,0.429873,0.00144298,0,222618,0.0159369,53.0403
0,2,G4CMPDriftElectron,1,0.00850463,38.8052,162624,0.231763,0.00107115,0,152039,0.00743347,35.5684
0,2,G4CMPDriftElectron,1,0.0192347,58.3081,244569,0.544123,0.00142841,0,235312,0.0178063,55.5801
0,2,G4CMPDriftElectron,1,0.0154445,51.7879,219152,0.152586,0.00147998,0,208388,0.0139646,49.1488
0,2,G4CMPDriftElectron,1,0.0177696,55.7326,235070,0.324839,0.00152323,0,224769,0.0162464,53.3164
0,2,G4CMPDriftElectron,1,0.006486,32.6166,142019,1.14557,0.00037244,0,137881,0.00611356,32.9054
0,2,G4CMPDriftElectron,1,0.00661767,33.7824,143453,1.08303,0.000433022,0,138681,0.00618465,21.6386
0,2,G4CMPDriftElectron,1,0.0227842,54.253,266180,0.518805,0.00158195,0,256773,0.0212023,60.746
0,2,G4CMPDriftElectron,1,0.0190668,57.632,243499,0.509373,0.00145181,0,234045,0.017615,55.3488
0,2,G4CMPDriftElectron,1,0.0172845,54.9162,231839,0.897663,0.000974861,0,225206,0.0163097,23.2343
0,2,G4CMPDriftElectron,1,0.016377,23.2536,225671,1.09548,0.000685636,0,220896,0.0156914,43.7045
0,2,G4CMPDriftElectron,1,0.0101183,27.329,177383,0.323784,0.00114047,0,167088,0.00897788,30.8793
0,2,G4CMPDriftElectron,1,0.00900135,31.333,167306,0.925329,0.000667233,0,160986,0.00833412,37.1661
0,2,G4CMPDriftElectron,1,0.00756588,35.1273,153387,0.536667,0.000885747,0,144129,0.00668013,33.9531
0,2,G4CMPDriftElectron,1,0.00936597,40.21,170661,0.914653,0.000691539,0,164240,0.00867443,32.9791
0,2,G4CMPDriftElectron,1,0.00874183,33.1123,164877,0.692188,0.000851454,0,156642,0.00789038,36.0492
0,2,G4CMPDriftElectron,1,0.0132792,47.0082,203210,0.124461,0.00137507,0,192401,0.0119041,44.291
0,2,G4CMPDriftElectron,1,0.00679911,33.4389,145407,1.14859,0.000379427,0,141291,0.00641968,32.4711
0,2,G4CMPDriftElectron,1,0.0139638,47.7245,208382,1.04735,0.000691889,0,203154,0.013272,46.5362
0,2,G4CMPDriftElectron,1,0.0294617,70.1126,302682,1.02621,0.00106088,0,297183,0.0284009,51.2206
0,2,G4CMPDriftElectron,1,0.0353347,63.5717,331481,0.410677,0.00209195,0,321519,0.0332428,76.7011
0,2,G4CMPDriftElectron,1,0.0248067,66.2831,277743,0.92366,0.00113547,0,271312,0.0236712,47.9009
0,2,G4CMPDriftElectron,1,0.0243623,48.6348,275243,0.801274,0.0013041,0,267775,0.0230582,46.1886
0,2,G4CMPDriftElectron,1,0.0203767,38.4732,251724,1.01219,0.000896903,0,246122,0.0194798,49.9432
0,2,G4CMPDriftElectron,1,0.0376249,73.6559,342055,0.825156,0.00158833,0,334757,0.0360365,33.8904
0,2,G4CMPDriftElectron,1,0.0357152,31.5288,333261,0.807041,0.00157734,0,325819,0.0341379,75.9881
0,2,G4CMPDriftElectron,1,0.0290414,70.0216,300515,1.14486,0.000832079,0,296179,0.0282093,63.0689
0,2,G4CMPDriftElectron,1,0.0274213,62.1563,292013,0.705048,0.00152053,0,283801,0.0259007,58.0514
0,2,G4CMPDriftElectron,1,0.0302882,63.8391,306898,1.31522,0.000505589,0,304326,0.0297826,60.7068
0,2,G4CMPDriftElectron,1,0.033901,65.6379,324687,0.858937,0.0014484,0,317675,0.0324526,70.7765
0,2,G4CMPDriftElectron,1,0.0504342,91.4396,396023,1.31429,0.000666006,0,393400,0.0497682,70.8854
0,2,G4CMPDriftElectron,1,0.0502801,71.6276,395418,0.855668,0.00177909,0,388359,0.048501,79.2546
0,2,G4CMPDriftElectron,1,0.0562086,86.7497,418080,0.495206,0.00254008,0,408524,0.0536685,93.8148
0,2,G4CMPDriftElectron,1,0.0535005,93.6883,407884,0.605772,0.00231194,0,398974,0.0511885,80.4752
0,2,G4CMPDriftElectron,1,0.0517371,81.1525,401106,0.425883,0.002522,0,391208,0.0492151,92.652
0,2,G4CMPDriftElectron,1,0.0324457,74.401,317641,1.01927,0.00112837,0,312069,0.0313173,68.1807
0,2,G4CMPDriftElectron,1,0.0310788,67.8386,310878,0.510621,0.00186279,0,301418,0.029216,71.7293
0,2,G4CMPDriftElectron,1,0.0366565,80.289,337624,1.18248,0.000857794,0,333650,0.0357987,77.7024
0,2,G4CMPDriftElectron,1,0.0361043,78.0641,335071,1.00645,0.00121792,0,329371,0.0348863,77.5691
0,2,G4CMPDriftElectron,1,0.0348607,77.551,329250,0.465422,0.00202403,0,319549,0.0328367,52.2844
0,2,G4CMPDriftElectron,1,0.0314276,48.8725,312618,0.4565,0.00192855,0,302874,0.029499,72.2354
0,2,G4CMPDriftElectron,1,0.0355164,79.2076,332332,0.967377,0.00128359,0,326272,0.0342328,57.8274
0,2,G4CMPDriftElectron,1,0.0342164,56.9278,326194,0.544733,0.00191717,0,316923,0.0322992,63.0306
0,2,G4CMPDriftElectron,1,0.02826,57.6896,296445,0.557099,0.00172539,0,287253,0.0265346,68.453
0,2,G4CMPDriftElectron,1,0.0279154,70.169,294632,0.731955,0.00149794,0,286618,0.0264174,21.6655
0,2,G4CMPDriftElectron,1,0.0276691,24.1534,293329,1.15541,0.00079147,0,289104,0.0268776,55.1725
0,2,G4CMPDriftElectron,1,0.0275237,56.0905,292558,0.565375,0.00169324,0,283416,0.0258304,67.5325
0,2,G4CMPDriftElectron,1,0.0247748,66.1158,277564,0.762582,0.00136846,0,269790,0.0234064,52.7142
0,2,G4CMPDriftElectron,1,0.0204381,48.2506,252103,0.329027,0.001634,0,241816,0.0188041,45.7425
0,2,G4CMPDriftElectron,1,0.0220945,51.1356,262120,0.579959,0.00149858,0,253074,0.0205959,22.716
0,2,G4CMPDriftElectron,1,0.0215206,28.8385,258694,1.2353,0.000558768,0,255313,0.0209619,37.9651
0,2,G4CMPDriftElectron,1,0.0199046,37.5354,248791,0.202061,0.00167009,0,238125,0.0182345,26.9975
0,2,G4CMPDriftElectron,1,0.0178377,24.1331,235520,1.26142,0.000464409,0,232434,0.0173733,45.0582
0,2,G4CMPDriftElectron,1,0.0169043,42.6492,229275,0.957924,0.000886169,0,223184,0.0160181,52.4767
0,2,G4CMPDriftElectron,1,0.00974716,35.348,174099,0.696045,0.000898208,0,165884,0.00884895,30.6905
0,2,G4CMPDriftElectron,1,0.00675336,22.3087,144917,0.560043,0.00082235,0,135807,0.00593101,31.8782
0,2,G4CMPDriftElectron,1,0.00780552,36.5413,155797,0.0772218,0.00105052,0,144934,0.006755,33.1332
0,2,G4CMPDriftElectron,1,0.0140465,49.8769,208998,1.08691,0.000643289,0,204156,0.0134032,42.6902
0,2,G4CMPDriftElectron,1,0.0209488,54.441,255233,0.13736,0.00173387,0,244443,0.0192149,43.7689
0,2,G4CMPDriftElectron,1,0.0176083,40.9746,234000,0.618864,0.00129772,0,225212,0.0163106,48.5525
0,2,G4CMPDriftElectron,1,0.0163644,48.673,225584,0.76194,0.00110573,0,217829,0.0152587,39.9323
0,2,G4CMPDriftElectron,1,0.0151475,39.7139,217034,0.381145,0.00137382,0,206958,0.0137737,49.3904
0,2,G4CMPDriftElectron,1,0.01777,56.0846,235072,0.767274,0.00114776,0,227354,0.0166222,53.5669
0,2,G4CMPDriftElectron,1,0.0163033,53.0748,225162,0.623122,0.00124336,0,216406,0.0150599,49.7809
0,2,G4CMPDriftElectron,1,0.0429943,86.8984,365648,0.512916,0.00219482,0,356193,0.0407995,66.3389
0,2,G4CMPDriftElectron,1,0.0378365,62.903,343015,1.09548,0.00106201,0,338167,0.0367745,42.5547
0,2,G4CMPDriftElectron,1,0.0369127,43.0371,338802,0.153753,0.00230843,0,328037,0.0346043,58.6663
0,2,G4CMPDriftElectron,1,0.0310127,51.2515,310547,0.277806,0.00205496,0,300082,0.0289577,53.4027
0,2,G4CMPDriftElectron,1,0.0290461,53.5735,300540,0.384419,0.00191453,0,290466,0.0271316,69.2983
0,2,G4CMPDriftElectron,1,0.032475,73.0576,317784,0.293691,0.00209376,0,307369,0.0303812,66.2308
0,2,G4CMPDriftElectron,1,0.027773,62.9726,293880,0.894462,0.0012511,0,287184,0.0265219,64.8555
0,2,G4CMPDriftElectron,1,0.0313415,71.6496,312189,0.397611,0.00197922,0,302171,0.0293623,68.3812
0,2,G4CMPDriftElectron,1,0.023467,60.729,270139,0.387653,0.0017147,0,260082,0.0217523,61.357
0,2,G4CMPDriftElectron,1,0.0224783,62.4396,264387,0.669794,0.00141452,0,255933,0.0210638,48.4791
0,2,G4CMPDriftElectron,1,0.0174415,42.2258,232890,0.0316177,0.0015933,0,221998,0.0158482,38.1319
0,2,G4CMPDriftElectron,1,0.0160919,38.6182,223698,0.0563938,0.00152719,0,212818,0.0145647,32.8103
0,2,G4CMPDriftElectron,1,0.00732379,16.912,150913,0.981077,0.000550045,0,145135,0.00677375,22.8273
0,2,G4CMPDriftElectron,1,0.00587995,25.2549,135221,0.597564,0.000745326,0,126361,0.00513462,16.5396
0,2,G4CMPDriftElectron,1,0.00596898,18.8475,136241,1.08709,0.000405896,0,131527,0.00556309,31.2028
0,2,G4CMPDriftElectron,1,0.0125697,46.7349,197706,0.7872,0.000939884,0,190171,0.0116298,34.178
0,2,G4CMPDriftElectron,1,0.0122568,31.211,195230,0.273435,0.00127933,0,184761,0.0109775,31.1622
0,2,G4CMPDriftElectron,1,0.0122947,35.9242,195532,0.713636,0.000997862,0,187429,0.0112968,35.7122
0,2,G4CMPDriftElectron,1,0.0112219,35.6096,186806,1.03573,0.000629422,0,181491,0.0105924,42.694
0,2,G4CMPDriftElectron,1,0.0139217,49.2904,208068,0.870673,0.000901428,0,201219,0.0130203,45.6222
0,2,G4CMPDriftElectron,1,0.0163435,52.0453,225440,0.475793,0.0013664,0,215810,0.0149771,22.0728
0,2,G4CMPDriftElectron,1,0.0144544,17.7375,212011,0.78254,0.00101555,0,204428,0.0134389,46.6282
0,2,G4CMPDriftElectron,1,0.0230867,61.677,267941,0.618867,0.00149149,0,259142,0.0215952,60.9473
0,2,G4CMPDriftElectron,1,0.0216075,60.9791,259215,1.019,0.000914221,0,253672,0.0206933,43.068
0,2,G4CMPDriftElectron,1,0.0207269,40.0109,253878,0.799423,0.00120227,0,246405,0.0195246,47.3936
0,2,G4CMPDriftElectron,1,0.0196162,47.5346,246982,0.311582,0.00160953,0,236633,0.0180067,56.4249
0,2,G4CMPDriftElectron,1,0.0158516,52.9537,222021,0.232188,0.00147618,0,211431,0.0143754,44.8421
0,2,G4CMPDriftElectron,1,0.0131709,43.238,202379,0.16423,0.00136118,0,191636,0.0118097,44.6964
0,2,G4CMPDriftElectron,1,0.0119162,44.3164,192498,0.429335,0.00118856,0,182646,0.0107277,37.4915
0,2,G4CMPDriftElectron,1,0.00809631,35.8062,158672,0.627193,0.00086227,0,149985,0.00723404,27.9713
0,2,G4CMPDriftElectron,1,0.00680466,27.3049,145466,0.539408,0.000836604,0,136231,0.00596806,12.9331
0,2,G4CMPDriftElectron,1,0.0108596,26.4935,183766,0.494048,0.00109579,0,174248,0.0097638,41.5194
0,2,G4CMPDriftElectron,1,0.013044,45.6315,201402,0.328414,0.00129797,0,191119,0.011746,31.9855
0,2,G4CMPDriftElectron,1,0.0107206,29.684,182586,0.381199,0.00114968,0,172518,0.00957088,38.4803
0,2,G4CMPDriftElectron,1,0.0100091,39.4203,176424,0.351066,0.00112293,0,166233,0.00888622,38.738
0,2,G4CMPDriftElectron,1,0.00317553,16.932,99372.5,0.247302,0.000637113,0,88846.3,0.00253842,11.287
0,2,G4CMPDriftElectron,1,0.00676949,32.1449,145090,0.274904,0.000940545,0,134633,0.00582894,31.7909
0,2,G4CMPDriftElectron,1,0.00703031,33.3869,147858,0.731038,0.000733335,0,139934,0.00629697,33.0465
0,2,G4CMPDriftElectron,1,0.00272591,19.9816,92069,0.357284,0.000566362,0,81948.1,0.00215954,18.8712
0,2,G4CMPDriftElectron,1,0.0024819,20.1507,87851.7,0.395423,0.00053004,0,77908.1,0.00195186,17.5412
0,2,G4CMPDriftElectron,1,0.0121712,46.4248,194547,0.785657,0.000925745,0,187002,0.0112454,44.0086
0,2,G4CMPDriftElectron,1,0.0135002,48.5442,204893,0.227969,0.00136073,0,194293,0.0121394,39.1868
0,2,G4CMPDriftElectron,1,0.0150122,41.3681,216063,0.366169,0.00137578,0,205925,0.0136364,37.1014
0,2,G4CMPDriftElectron,1,0.0148848,40.9106,215144,0.119441,0.00145899,0,204328,0.0134258,31.0133
0,2,G4CMPDriftElectron,1,0.0134013,30.906,204142,0.644985,0.00110518,0,195543,0.0122961,43.0695
0,2,G4CMPDriftElectron,1,0.0163975,50.2013,225812,0.731169,0.00113996,0,217821,0.0152575,34.2745
0,2,G4CMPDriftElectron,1,0.0208687,43.2302,254745,1.07319,0.000814063,0,249727,0.0200546,17.4689
0,2,G4CMPDriftElectron,1,0.0230149,23.7986,267524,0.0985873,0.00182776,0,256681,0.0211872,25.7815
0,2,G4CMPDriftElectron,1,0.0211322,25.1857,256349,0.327423,0.00166308,0,246055,0.0194692,37.4531
0,2,G4CMPDriftElectron,1,0.0163105,31.4797,225212,1.03928,0.00076185,0,219889,0.0155486,24.5439
0,2,G4CMPDriftElectron,1,0.0164538,29.807,226199,0.327392,0.00146301,0,215908,0.0149907,13.306
0,2,G4CMPDriftElectron,1,0.0152223,13.9225,217569,0.87773,0.000936083,0,210774,0.0142862,49.6549
0,2,G4CMPDriftElectron,1,0.0132741,47.4222,203170,0.450886,0.0012435,0,193420,0.0120306,45.1488
0,2,G4CMPDriftElectron,1,0.0192984,57.2357,244974,0.457272,0.0015024,0,235245,0.017796,55.976
0,2,G4CMPDriftElectron,1,0.0176439,55.77,234237,0.851171,0.00104389,0,227202,0.0166,15.2346
0,2,G4CMPDriftElectron,1,0.0169034,20.4932,229269,0.51779,0.00135809,0,219866,0.0155454,50.3335
0,2,G4CMPDriftElectron,1,0.00754499,27.0723,153175,0.695543,0.00078601,0,144977,0.00675898,31.1674
0,2,G4CMPDriftElectron,1,0.0158452,52.7312,221976,0.315689,0.00144074,0,211644,0.0144044,49.8136
0,2,G4CMPDriftElectron,1,0.00204321,12.216,79710.2,0.627152,0.000414176,0,71174.2,0.00162903,11.5858
0,2,G4CMPDriftElectron,1,0.00217072,17.1245,82159.9,0.673619,0.000411877,0,73955.6,0.00175884,9.82901
0,2,G4CMPDriftElectron,1,0.0196737,54.8739,247344,0.491963,0.00148983,0,237794,0.0181839,47.913
0,2,G4CMPDriftElectron,1,0.0137707,37.5047,206936,1.10004,0.000619648,0,202227,0.013151,38.2022
0,2,G4CMPDriftElectron,1,0.0136628,38.5171,206124,0.784452,0.000984336,0,198560,0.0126785,32.7705
0,2,G4CMPDriftElectron,1,0.0124875,32.9005,197059,0.348116,0.00126013,0,186852,0.0112273,39.2929
0,2,G4CMPDriftElectron,1,0.0152768,46.8071,217959,1.20065,0.000514434,0,214257,0.0147623,31.1707
0,2,G4CMPDriftElectron,1,0.0166691,35.4075,227674,0.537005,0.00133295,0,218381,0.0153361,44.6932
0,2,G4CMPDriftElectron,1,0.0149909,44.8637,215909,0.0715597,0.00147123,0,205041,0.0135197,42.5141
0,2,G4CMPDriftElectron,1,0.0132581,41.6504,203048,0.372115,0.00128755,0,192936,0.0119705,45.4858
0,2,G4CMPDriftElectron,1,0.012711,46.5371,198815,0.350717,0.00127046,0,188618,0.0114406,43.9678
0,2,G4CMPDriftElectron,1,0.017518,55.2839,233400,0.725655,0.00118555,0,225363,0.0163324,25.8445
0,2,G4CMPDriftElectron,1,0.0165528,26.3749,226879,0.870156,0.000987007,0,220011,0.0155658,52.4663
0,2,G4CMPDriftElectron,1,0.0155529,52.4441,219919,0.84717,0.000982378,0,212861,0.0145705,13.4173
0,2,G4CMPDriftElectron,1,0.0179858,22.8515,236496,1.25278,0.000480109,0,233318,0.0175057,34.61
0,2,G4CMPDriftElectron,1,0.0191393,36.5246,243961,0.713274,0.00125488,0,235828,0.0178844,42.6749
0,2,G4CMPDriftElectron,1,0.0213424,52.614,257620,1.26005,0.00051392,0,254499,0.0208285,51.1568
0,2,G4CMPDriftElectron,1,0.0241478,57.1633,274029,0.1304,0.00186615,0,263228,0.0222816,54.5072
0,2,G4CMPDriftElectron,1,0.0238341,47.4347,272244,0.455492,0.0016754,0,262501,0.0221587,62.6429
0,2,G4CMPDriftElectron,1,0.0161548,53.4502,224135,1.03032,0.000770126,0,218727,0.0153847,31.3053
0,2,G4CMPDriftElectron,1,0.0145336,27.537,212591,0.456101,0.00129953,0,202864,0.0132341,46.8699
0,2,G4CMPDriftElectron,1,0.0146477,49.9602,213424,0.738488,0.00106799,0,205496,0.0135797,34.1031
0,2,G4CMPDriftElectron,1,0.0121841,21.147,194650,0.472483,0.00117663,0,185013,0.0110075,36.2694
0,2,G4CMPDriftElectron,1,0.0147535,45.4214,214193,1.22209,0.000474768,0,210719,0.0142787,29.7243
0,2,G4CMPDriftElectron,1,0.0148506,31.8279,214897,0.950387,0.000837462,0,208750,0.0140131,44.28
0,2,G4CMPDriftElectron,1,0.0246097,64.0508,276638,0.850202,0.00124118,0,269571,0.0233685,62.1267
0,2,G4CMPDriftElectron,1,0.0255333,65.3014,281781,0.398595,0.00178196,0,271771,0.0237514,61.851
0,2,G4CMPDriftElectron,1,0.023084,61.0332,267925,0.680522,0.00142137,0,259546,0.0216627,49.4678
0,2,G4CMPDriftElectron,1,0.0206763,47.4017,253568,0.482751,0.00153594,0,243968,0.0191403,56.7321
0,2,G4CMPDriftElectron,1,0.0275677,69.0577,292791,0.605463,0.00164917,0,283898,0.0259185,60.3585
0,2,G4CMPDriftElectron,1,0.0260462,60.8252,284597,0.234425,0.00190197,0,274009,0.0241442,45.1439
0,2,G4CMPDriftElectron,1,0.0282822,50.5276,296561,0.951069,0.00116907,0,290367,0.0271131,64.4096
0,2,G4CMPDriftElectron,1,0.0310353,70.0335,310661,0.608667,0.00174817,0,301784,0.0292872,65.521
0,2,G4CMPDriftElectron,1,0.0159159,45.8964,222471,0.933806,0.000889236,0,216167,0.0150267,51.5776
0,2,G4CMPDriftElectron,1,0.0122074,46.4424,194836,0.139151,0.0013142,0,184050,0.0108932,43.8712
0,2,G4CMPDriftElectron,1,0.0173943,55.4909,232574,0.939081,0.000924428,0,226310,0.0164699,52.3945
0,2,G4CMPDriftElectron,1,0.0146293,48.7593,213290,0.858887,0.000938417,0,206335,0.0136909,46.8752
0,2,G4CMPDriftElectron,1,0.00333715,10.6136,101870,0.583211,0.000557782,0,92967.5,0.00277937,17.2955
0,2,G4CMPDriftElectron,1,0.00325868,20.3784,100665,0.212632,0.000651473,0,90042.2,0.00260721,12.8315
0,2,G4CMPDriftElectron,1,0.00260454,12.6967,89996.1,0.830774,0.000387144,0,83038.6,0.0022174,19.366
0,2,G4CMPDriftElectron,1,0.00596719,30.3038,136221,0.565992,0.000767681,0,127157,0.00519951,22.3924
0,2,G4CMPDriftElectron,1,0.00363118,7.15561,106263,1.01302,0.000356026,0,100919,0.00327516,22.4522
0,2,G4CMPDriftElectron,1,0.0106124,41.4373,181663,0.46866,0.00109778,0,172010,0.00951466,33.378
0,2,G4CMPDriftElectron,1,0.0158417,40.0208,221952,0.117185,0.00150678,0,211133,0.0143349,34.4723
0,2,G4CMPDriftElectron,1,0.00994501,23.8837,175857,0.491102,0.00104871,0,166327,0.0088963,30.238
0,2,G4CMPDriftElectron,1,0.00889205,30.2231,166287,0.71804,0.000839538,0,158243,0.00805251,31.946
0,2,G4CMPDriftElectron,1,0.00657205,28.0516,142958,0.493655,0.00084416,0,133461,0.00572789,31.5322
0,2,G4CMPDriftElectron,1,0.01146,45.049,188777,0.65927,0.00100766,0,180287,0.0104523,39.5216
0,2,G4CMPDriftElectron,1,0.00757136,27.2754,153442,0.246064,0.00100488,0,142897,0.00656648,33.0592
0,2,G4CMPDriftElectron,1,0.00576092,31.0302,133846,0.654281,0.000706188,0,125374,0.00505473,13.8845
0,2,G4CMPDriftElectron,1,0.00799594,20.835,157686,0.715383,0.000796066,0,149631,0.00719988,34.2295
0,2,G4CMPDriftElectron,1,0.00701532,33.7012,147700,0.0930136,0.000992554,0,136854,0.00602277,29.5935
0,2,G4CMPDriftElectron,1,0.00610538,29.8934,137789,0.836072,0.000609232,0,130734,0.00549615,30.211
0,2,G4CMPDriftElectron,1,0.0234635,64.4235,270119,0.553557,0.00157231,0,260911,0.0218912,62.0334
0,2,G4CMPDriftElectron,1,0.0205968,59.9601,253080,0.0746902,0.00173068,0,242214,0.0188661,56.6845
0,2,G4CMPDriftElectron,1,0.0187622,56.7427,241546,0.566192,0.0013906,0,232423,0.0173717,54.276
0,2,G4CMPDriftElectron,1,0.00651724,33.1073,142361,0.732293,0.000703812,0,134454,0.00581343,31.6134
0,2,G4CMPDriftElectron,1,0.0118198,45.0088,191718,0.568765,0.001094,0,182631,0.0107258,37.7344
0,2,G4CMPDriftElectron,1,0.0231361,57.1926,268227,0.988986,0.00099493,0,262397,0.0221412,53.5741
0,2,G4CMPDriftElectron,1,0.0275207,61.0826,292542,0.979362,0.00110501,0,286609,0.0264157,17.0703
0,2,G4CMPDriftElectron,1,0.0274591,17.263,292214,0.477875,0.00178047,0,282582,0.0256786,59.8365
0,2,G4CMPDriftElectron,1,0.0242387,57.974,274544,0.425257,0.00171468,0,264655,0.022524,61.7257
0,2,G4CMPDriftElectron,1,0.0225178,61.7242,264619,0.440248,0.00163965,0,254803,0.0208782,54.7681
0,2,G4CMPDriftElectron,1,0.024255,60.6083,274637,0.627168,0.00152039,0,265890,0.0227346,56.6498
0,2,G4CMPDriftElectron,1,0.0332332,69.9757,321473,0.565886,0.00186374,0,312328,0.0313694,36.2485
0,2,G4CMPDriftElectron,1,0.0306693,35.0602,308823,1.28696,0.000567953,0,305951,0.0301014,55.084
0,2,G4CMPDriftElectron,1,0.0273615,51.0941,291694,0.219564,0.00195719,0,281068,0.0254043,61.9175
0,2,G4CMPDriftElectron,1,0.0257662,62.3967,283063,0.284739,0.00186589,0,272621,0.0239003,55.7375
0,2,G4CMPDriftElectron,1,0.0225874,53.8,265027,0.317657,0.00172643,0,254698,0.0208609,60.6922
0,2,G4CMPDriftElectron,1,0.0250577,66.5741,279144,0.373007,0.00178377,0,269025,0.0232739,49.583
0,2,G4CMPDriftElectron,1,0.0228699,48.9406,266680,0.446509,0.00164769,0,256894,0.0212222,61.2029
0,2,G4CMPDriftElectron,1,0.0304912,73.2559,307925,0.737597,0.00155908,0,299949,0.0289321,32.1736
0,2,G4CMPDriftElectron,1,0.0288856,31.935,299708,0.614517,0.00167813,0,290872,0.0272075,61.5595
0,2,G4CMPDriftElectron,1,0.0260389,60.0053,284557,0.585244,0.00162433,0,275539,0.0244146,59.9441
0,2,G4CMPDriftElectron,1,0.0243617,59.8439,275240,1.40194,0.000286015,0,273620,0.0240757,57.1072
0,2,G4CMPDriftElectron,1,0.0239023,56.7916,272632,0.196919,0.00183574,0,261954,0.0220665,61.1729
0,2,G4CMPDriftElectron,1,0.0298085,71.8405,304459,0.643005,0.00166958,0,295809,0.0281389,37.8882
0,2,G4CMPDriftElectron,1,0.027043,32.8235,289992,0.619067,0.00161714,0,281187,0.0254259,50.1048
0,2,G4CMPDriftElectron,1,0.0244251,48.7222,275598,1.25417,0.000563243,0,272402,0.0238618,59.3034
0,2,G4CMPDriftElectron,1,0.0239991,59.6654,273184,0.526044,0.00161766,0,263817,0.0223815,19.0843
0,2,G4CMPDriftElectron,1,0.0230886,14.7636,267952,0.481274,0.00162652,0,258341,0.021462,53.3259
0,2,G4CMPDriftElectron,1,0.0208131,54.7766,254406,0.956816,0.000989102,0,248287,0.019824,59.0597
0,2,G4CMPDriftElectron,1,0.0222154,62.4989,262836,0.91413,0.00108643,0,256328,0.0211289,50.4736
0,2,G4CMPDriftElectron,1,0.0285016,64.2946,297709,1.06987,0.00096389,0,292632,0.0275377,54.0238
0,2,G4CMPDriftElectron,1,0.0342544,65.3468,326375,0.208115,0.00219998,0,315720,0.0320545,61.79
0,2,G4CMPDriftElectron,1,0.0318816,61.4962,314868,1.06331,0.00103431,0,309718,0.0308473,63.8356
0,2,G4CMPDriftElectron,1,0.0163354,29.501,225384,0.243715,0.00149482,0,214824,0.0148406,41.2218
0,2,G4CMPDriftElectron,1,0.0137512,40.3388,206789,0.491483,0.00123962,0,197249,0.0125116,45.8442
0,2,G4CMPDriftElectron,1,0.0153674,50.8576,218604,0.452567,0.00133974,0,208858,0.0140277,40.0762
0,2,G4CMPDriftElectron,1,0.0137001,40.423,206405,0.888921,0.000873576,0,199716,0.0128265,21.3421
0,2,G4CMPDriftElectron,1,0.0134435,32.0163,204463,0.559374,0.00117646,0,195312,0.0122671,45.6181
0,2,G4CMPDriftElectron,1,0.00930536,39.8306,170108,0.832184,0.000764521,0,162970,0.00854084,21.7612
0,2,G4CMPDriftElectron,1,0.0117162,23.9768,190876,0.58501,0.00107717,0,181890,0.010639,43.2463
0,2,G4CMPDriftElectron,1,0.00586383,30.1578,135036,0.424906,0.000824102,0,125188,0.00503973,14.6516
0,2,G4CMPDriftElectron,1,0.0138745,45.4596,207714,0.378453,0.00131464,0,197629,0.0125598,38.9342
0,2,G4CMPDriftElectron,1,0.0119637,36.6354,192881,0.568034,0.0011014,0,183789,0.0108623,16.1957
0,2,G4CMPDriftElectron,1,0.0149629,38.9705,215708,1.15471,0.000572888,0,211538,0.01439,12.6039
0,2,G4CMPDriftElectron,1,0.0148992,21.4601,215248,0.533211,0.00126103,0,205938,0.0136381,47.6716
0,2,G4CMPDriftElectron,1,0.0133031,47.0118,203392,1.06513,0.000652332,0,198343,0.0126507,44.8044
0,2,G4CMPDriftElectron,1,0.0130798,39.5655,201678,0.211742,0.00134378,0,191037,0.011736,38.8683
0,2,G4CMPDriftElectron,1,0.00858978,31.719,163436,0.903773,0.000670481,0,156928,0.0079193,19.6642
0,2,G4CMPDriftElectron,1,0.00797114,20.0363,157441,0.427818,0.000965847,0,147595,0.00700529,33.6374
0,2,G4CMPDriftElectron,1,0.00252836,12.0633,88670.1,0.640736,0.000460023,0,80198.9,0.00206834,17.984
0,2,G4CMPDriftElectron,1,0.00963557,38.4042,173100,1.01462,0.00060233,0,167602,0.00903324,34.6387
0,2,G4CMPDriftElectron,1,0.0107238,38.0131,182613,1.19285,0.000434119,0,178879,0.0102897,42.6709
0,2,G4CMPDriftElectron,1,0.0132757,48.4895,203183,0.901128,0.000845781,0,196604,0.01243,16.368
0,2,G4CMPDriftElectron,1,0.0124673,17.0253,196899,1.15123,0.000523995,0,192717,0.0119433,23.8113
0,2,G4CMPDriftElectron,1,0.0119198,31.5591,192528,0.849014,0.000853396,0,185508,0.0110664,39.7312
0,2,G4CMPDriftElectron,1,0.0151163,46.9901,216811,0.511695,0.00128678,0,207377,0.0138295,43.724
0,2,G4CMPDriftElectron,1,0.00806391,31.3457,158355,1.02327,0.000539593,0,152965,0.00752432,9.15121
0,2,G4CMPDriftElectron,1,0.00740129,10.9348,151709,0.808133,0.000696401,0,144396,0.00670489,34.3061
0,2,G4CMPDriftElectron,1,0.0149577,51.0411,215670,0.810777,0.00100321,0,208312,0.0139544,49.7104
0,2,G4CMPDriftElectron,1,0.0250857,66.5175,279300,0.596907,0.00158089,0,270356,0.0235048,62.2907
0,2,G4CMPDriftElectron,1,0.0220772,60.1147,262018,1.08876,0.000813157,0,257147,0.0212641,51.4129
0,2,G4CMPDriftElectron,1,0.0191135,47.0093,243797,1.05168,0.000809538,0,238578,0.018304,50.929
0,2,G4CMPDriftElectron,1,0.0189984,51.7037,243062,1.14586,0.000664136,0,238775,0.0183343,56.5692
0,2,G4CMPDriftElectron,1,0.0195092,58.3392,246307,0.879858,0.00106194,0,239510,0.0184472,51.4528
0,2,G4CMPDriftElectron,1,0.0167745,50.0297,228393,0.432432,0.00141524,0,218546,0.0153592,51.0129
0,2,G4CMPDriftElectron,1,0.0159846,52.1631,222951,0.380282,0.00141282,0,212870,0.0145718,29.795
0,2,G4CMPDriftElectron,1,0.0143942,28.253,211569,0.83248,0.000959844,0,204393,0.0134343,48.1169
0,2,G4CMPDriftElectron,1,0.0168624,54.2457,228991,0.197159,0.00153569,0,218314,0.0153267,50.9962
0,2,G4CMPDriftElectron,1,0.0102366,42.2027,178417,0.249752,0.00117352,0,167879,0.00906313,38.1165
0,2,G4CMPDriftElectron,1,0.00829884,36.6126,160645,0.553219,0.000919806,0,151481,0.00737904,30.5625
0,2,G4CMPDriftElectron,1,0.0054971,27.3227,130745,0.444585,0.000789107,0,120997,0.00470799,28.1163
0,2,G4CMPDriftElectron,1,0.00253534,20.5982,88792.6,0.486106,0.000512056,0,79320.8,0.00202329,18.0086
0,2,G4CMPDriftElectron,1,0.0169293,52.7279,229444,1.07392,0.000728383,0,224454,0.0162009,48.1185
0,2,G4CMPDriftElectron,1,0.0219335,58.3632,261163,0.490493,0.00157647,0,251603,0.020357,59.957
0,2,G4CMPDriftElectron,1,0.0201123,59.59,250085,0.382255,0.00158813,0,240009,0.0185241,57.1539
0,2,G4CMPDriftElectron,1,0.0327103,75.8206,318934,0.873205,0.00139776,0,312045,0.0313126,29.3141
0,2,G4CMPDriftElectron,1,0.0317793,31.8492,314362,1.01297,0.00112814,0,308732,0.0306512,71.2063
0,2,G4CMPDriftElectron,1,0.0313005,72.165,311985,0.751005,0.00156028,0,304110,0.0297403,64.7527
0,2,G4CMPDriftElectron,1,0.0272563,60.9088,291133,0.30417,0.00190867,0,280755,0.0253476,31.5426
0,2,G4CMPDriftElectron,1,0.0260354,36.4956,284538,0.439349,0.00176671,0,274715,0.0242687,33.1507
0,2,G4CMPDriftElectron,1,0.0267512,37.866,288423,0.286765,0.00190079,0,277987,0.0248504,17.568
0,2,G4CMPDriftElectron,1,0.0246833,17.3781,277051,1.03664,0.000950419,0,271665,0.0237329,59.418
0,2,G4CMPDriftElectron,1,0.0182493,51.524,238221,0.522891,0.00140838,0,228844,0.0168409,51.7374
0,2,G4CMPDriftElectron,1,0.0164924,51.3367,226465,0.45597,0.00138692,0,216733,0.0151055,44.9882
0,2,G4CMPDriftElectron,1,0.0150534,44.9081,216359,0.41852,0.00134737,0,206449,0.013706,47.1716
0,2,G4CMPDriftElectron,1,0.0137492,47.3167,206775,0.294041,0.00134887,0,196370,0.0124003,46.6292
0,2,G4CMPDriftElectron,1,0.00991583,41.7953,175599,0.924633,0.000702884,0,169261,0.00921294,40.3186
0,2,G4CMPDriftElectron,1,0.0233865,64.3306,269675,0.136459,0.00183437,0,258883,0.0215521,61.4032
0,2,G4CMPDriftElectron,1,0.0151937,51.6038,217365,0.385239,0.00137365,0,207307,0.0138201,49.2021
0,2,G4CMPDriftElectron,1,0.0140555,49.6122,209065,0.377883,0.00132374,0,198976,0.0127317,46.5529
0,2,G4CMPDriftElectron,1,0.013169,47.5105,202364,0.601782,0.001131,0,193479,0.012038,26.8569
0,2,G4CMPDriftElectron,1,0.0338557,63.8338,324470,1.26932,0.000637083,0,321402,0.0332187,66.2458
0,2,G4CMPDriftElectron,1,0.0427692,77.0331,364690,0.204473,0.00246464,0,354026,0.0403045,54.9855
0,2,G4CMPDriftElectron,1,0.0361428,49.0925,335250,0.791584,0.00161302,0,327684,0.0345298,69.7061
0,2,G4CMPDriftElectron,1,0.0346315,69.8628,328166,0.118951,0.00224565,0,317348,0.0323859,62.2772
0,2,G4CMPDriftElectron,1,0.0323073,62.0623,316963,0.742623,0.00159843,0,309022,0.0307088,64.4909
0,2,G4CMPDriftElectron,1,0.0308438,64.6972,309700,0.613751,0.00173631,0,300857,0.0291075,71.7179
0,2,G4CMPDriftElectron,1,0.0193882,58.2573,245543,0.370011,0.00156633,0,235415,0.0178219,55.5602
0,2,G4CMPDriftElectron,1,0.017767,55.5026,235053,0.519719,0.00139174,0,225659,0.0163752,37.577
0,2,G4CMPDriftElectron,1,0.0151627,35.5488,217143,0.592085,0.00122468,0,208190,0.013938,48.1853
0,2,G4CMPDriftElectron,1,0.0147563,50.6748,214214,1.01397,0.000755292,0,208659,0.014001,41.7773
0,2,G4CMPDriftElectron,1,0.0111352,36.4311,186083,0.455633,0.00113299,0,176362,0.0100022,41.2055
0,2,G4CMPDriftElectron,1,0.015738,52.4071,221224,0.402339,0.00138854,0,211240,0.0143495,36.1747
0,2,G4CMPDriftElectron,1,0.0208971,43.9803,254918,1.01506,0.000904422,0,249341,0.0199927,58.539
0,2,G4CMPDriftElectron,1,0.025612,66.9511,282215,1.23402,0.00061544,0,278804,0.0249966,63.3657
0,2,G4CMPDriftElectron,1,0.0277384,67.2846,293697,0.406192,0.00185281,0,283718,0.0258856,51.4469
0,2,G4CMPDriftElectron,1,0.0222205,43.1409,262866,0.503794,0.00157531,0,253377,0.0206452,49.001
0,2,G4CMPDriftElectron,1,0.0215365,50.9114,258789,0.696081,0.00135367,0,250524,0.0201829,58.0662
0,2,G4CMPDriftElectron,1,0.0214848,59.926,258478,0.844703,0.00116466,0,251374,0.0203201,59.4206
0,2,G4CMPDriftElectron,1,0.0173556,54.5718,232316,0.706718,0.00120011,0,224140,0.0161555,23.8027
0,2,G4CMPDriftElectron,1,0.0174863,27.2337,233189,0.755236,0.00115183,0,225378,0.0163345,53.781
0,2,G4CMPDriftElectron,1,0.0141725,50.021,209933,0.0664511,0.00142996,0,199061,0.0127425,47.5057
0,2,G4CMPDriftElectron,1,0.014035,49.8121,208912,0.313298,0.00135478,0,198574,0.0126802,44.458
0,2,G4CMPDriftElectron,1,0.00900905,39.3624,167378,0.973071,0.000622007,0,161496,0.00838705,38.4889
0,2,G4CMPDriftElectron,1,0.00790421,37.3226,156779,0.236769,0.00103,0,146207,0.0068742,33.4763
0,2,G4CMPDriftElectron,1,0.00654812,33.0796,142698,0.86213,0.000612732,0,135857,0.00593539,28.1809
0,2,G4CMPDriftElectron,1,0.00961481,38.6781,172913,0.77052,0.000831431,0,165268,0.00878338,38.8516
0,2,G4CMPDriftElectron,1,0.0142587,49.0701,210571,1.05261,0.000692814,0,205391,0.0135659,40.066
0,2,G4CMPDriftElectron,1,0.0169631,47.7289,229674,0.692381,0.00120089,0,221395,0.0157622,52.7606
0,2,G4CMPDriftElectron,1,0.016294,53.6864,225098,0.888998,0.000956058,0,218395,0.015338,50.7014
0,2,G4CMPDriftElectron,1,0.00374983,24.883,107985,0.841637,0.000466061,0,101052,0.00328377,7.03277
0,2,G4CMPDriftElectron,1,0.0101677,38.5128,177815,0.757347,0.000867442,0,170061,0.00930026,30.2885
0,2,G4CMPDriftElectron,1,0.00973684,31.2506,174007,0.523537,0.00101805,0,164659,0.00871879,39.0346
0,2,G4CMPDriftElectron,1,0.00598308,31.9022,136402,0.376442,0.000850896,0,126331,0.00513219,29.0389
0,2,G4CMPDriftElectron,1,0.0033824,24.1696,102558,0.809137,0.000457885,0,95364.1,0.00292451,12.0935
0,2,G4CMPDriftElectron,1,0.0229139,57.9211,266936,0.284485,0.00175754,0,256495,0.0211564,58.8928
0,2,G4CMPDriftElectron,1,0.0115951,43.3269,189887,0.263118,0.0012469,0,179386,0.0103482,40.3045
0,2,G4CMPDriftElectron,1,0.0416936,83.2394,360075,1.1782,0.000927351,0,356048,0.0407663,82.4132
0,2,G4CMPDriftElectron,1,0.0440769,86.0415,370223,0.770484,0.00182381,0,362483,0.0422531,42.8819
0,2,G4CMPDriftElectron,1,0.0400551,39.527,352929,0.202113,0.0023851,0,342260,0.0376699,22.712
0,2,G4CMPDriftElectron,1,0.0383175,22.1345,345189,0.225544,0.00231993,0,334576,0.0359976,47.2176
0,2,G4CMPDriftElectron,1,0.0361557,47.9477,335310,0.880744,0.00145787,0,328480,0.0346979,78.1655
0,2,G4CMPDriftElectron,1,0.0451566,89.3309,374730,0.942823,0.00150487,0,368433,0.0436517,40.7929
0,2,G4CMPDriftElectron,1,0.0437355,41.1112,368787,0.516928,0.00220888,0,359353,0.0415266,85.415
0,2,G4CMPDriftElectron,1,0.0314708,74.0071,312833,0.948496,0.0012399,0,306608,0.0302309,59.2673
0,2,G4CMPDriftElectron,1,0.0377037,67.6094,342413,0.476722,0.00209417,0,332768,0.0356095,17.9709
0,2,G4CMPDriftElectron,1,0.0349584,18.7497,329711,0.638457,0.00181751,0,321026,0.0331409,72.9275
0,2,G4CMPDriftElectron,1,0.0349516,74.9586,329679,0.518234,0.0019691,0,320258,0.0329825,31.9445
0,2,G4CMPDriftElectron,1,0.0322972,30.5598,316913,0.423028,0.00198723,0,307009,0.03031,39.5867
0,2,G4CMPDriftElectron,1,0.0295197,36.7643,302980,0.486417,0.00183906,0,293390,0.0276806,63.753
0,2,G4CMPDriftElectron,1,0.0285634,65.0696,298032,0.643203,0.00163329,0,289386,0.0269301,64.4819
0,2,G4CMPDriftElectron,1,0.026753,64.3784,288432,0.808232,0.00135829,0,281015,0.0253947,40.4331
0,2,G4CMPDriftElectron,1,0.023689,33.9109,271414,0.172888,0.00183577,0,260685,0.0218533,46.5535
0,2,G4CMPDriftElectron,1,0.0222937,47.5699,263299,0.732997,0.00133329,0,255304,0.0209604,51.3408
0,2,G4CMPDriftElectron,1,0.0429455,78.8328,365441,0.499492,0.00221022,0,355913,0.0407353,82.3292
0,2,G4CMPDriftElectron,1,0.0383002,79.5339,345111,0.610338,0.00194395,0,336239,0.0363563,19.2845
0,2,G4CMPDriftElectron,1,0.0357355,21.798,333356,0.818439,0.00155846,0,326006,0.034177,77.6385
0,2,G4CMPDriftElectron,1,0.0311703,74.2275,311335,0.547361,0.00182513,0,302083,0.0293451,69.6285
0,2,G4CMPDriftElectron,1,0.0194284,56.535,245797,0.562474,0.00141917,0,236650,0.0180093,53.1929
0,2,G4CMPDriftElectron,1,0.0142962,45.2837,210847,0.887154,0.000895226,0,204139,0.013401,46.4173
0,2,G4CMPDriftElectron,1,0.0228534,61.2443,266583,0.980385,0.00100199,0,260674,0.0218514,62.1669
0,2,G4CMPDriftElectron,1,0.0234115,64.3862,269819,0.713286,0.00139192,0,261675,0.0220196,58.2038
0,2,G4CMPDriftElectron,1,0.0252183,63.1848,280037,1.04041,0.000954699,0,274686,0.0242636,51.762
0,2,G4CMPDriftElectron,1,0.0275452,56.4998,292672,0.941881,0.00116853,0,286396,0.0263766,30.5372
0,2,G4CMPDriftElectron,1,0.0266303,29.7296,287771,0.458771,0.00177021,0,278042,0.0248601,63.0599
0,2,G4CMPDriftElectron,1,0.0246335,62.7731,276772,0.910899,0.00115102,0,270228,0.0234825,64.3387
0,2,G4CMPDriftElectron,1,0.0306287,73.6078,308619,0.446,0.0019133,0,298824,0.0287154,68.1613
0,2,G4CMPDriftElectron,1,0.0286915,68.1411,298699,1.0977,0.000915724,0,293894,0.0277757,68.2125
0,2,G4CMPDriftElectron,1,0.0234289,61.9302,269919,0.951844,0.00105942,0,263746,0.0223695,50.3665
0,2,G4CMPDriftElectron,1,0.0223215,50.5554,263463,1.11393,0.000776412,0,258840,0.0215451,61.7658
0,2,G4CMPDriftElectron,1,0.0232442,64.1455,268853,0.171442,0.00181855,0,258122,0.0214256,57.6455
0,2,G4CMPDriftElectron,1,0.0198921,55.4472,248713,0.925311,0.0010105,0,242313,0.0188816,57.8217
0,2,G4CMPDriftElectron,1,0.00785551,37.2063,156295,0.617215,0.000855149,0,147543,0.00700036,23.7712
0,2,G4CMPDriftElectron,1,0.00797489,26.6631,157478,0.854882,0.00068621,0,150551,0.00728868,21.7782
0,2,G4CMPDriftElectron,1,0.00633906,14.902,140401,0.708105,0.000709296,0,132313,0.00562976,31.4567
0,2,G4CMPDriftElectron,1,0.00494637,29.5101,124023,0.335185,0.000782699,0,113788,0.00416367,27.0348
0,2,G4CMPDriftElectron,1,0.00556586,30.9816,131560,0.806524,0.000599909,0,124268,0.00496595,24.2866
0,2,G4CMPDriftElectron,1,0.0175328,48.4683,233498,0.2731,0.00153772,0,223024,0.015995,37.0173
0,2,G4CMPDriftElectron,1,0.0146293,34.1446,213289,0.835126,0.000965031,0,206134,0.0136642,48.7413
0,2,G4CMPDriftElectron,1,0.0109938,43.951,184898,0.748572,0.00091129,0,177069,0.0100825,39.2397
0,2,G4CMPDriftElectron,1,0.00964581,38.3018,173192,0.626428,0.000945211,0,164487,0.00870059,34.3571
0,2,G4CMPDriftElectron,1,0.010697,39.6875,182385,0.585271,0.00102737,0,173406,0.00966965,36.5666
0,2,G4CMPDriftElectron,1,0.00934309,36.3562,170452,0.881788,0.000721358,0,163740,0.00862173,12.5824
0,2,G4CMPDriftElectron,1,0.00926227,21.3637,169714,1.04602,0.000557781,0,164524,0.00870449,24.9062
0,2,G4CMPDriftElectron,1,0.00528251,14.9072,128168,0.691021,0.000654048,0,119971,0.00462846,25.4413
0,2,G4CMPDriftElectron,1,0.00445479,23.3073,117699,0.809182,0.000531093,0,110460,0.0039237,16.8675
0,2,G4CMPDriftElectron,1,0.0155178,45.7884,219671,1.21644,0.000496052,0,216132,0.0150218,51.1335
0,2,G4CMPDriftElectron,1,0.0242652,65.4058,274695,0.111769,0.00187511,0,263868,0.0223901,62.9712
0,2,G4CMPDriftElectron,1,0.0178605,56.2204,235670,0.722545,0.00120086,0,227610,0.0166596,14.7962
0,2,G4CMPDriftElectron,1,0.0163589,14.8302,225546,0.638624,0.00123109,0,216893,0.0151278,51.2713
0,2,G4CMPDriftElectron,1,0.018147,56.0393,237553,0.724038,0.00120911,0,229503,0.0169379,47.0214
0,2,G4CMPDriftElectron,1,0.0210363,54.9313,255766,0.694479,0.00133925,0,247491,0.0196971,47.4294
0,2,G4CMPDriftElectron,1,0.019401,46.9366,245623,1.24079,0.000519675,0,242311,0.0188813,49.82
0,2,G4CMPDriftElectron,1,0.01868,49.5288,241016,0.258914,0.00159477,0,230499,0.0170852,48.5459
0,2,G4CMPDriftElectron,1,0.019795,50.884,248105,0.469736,0.00151241,0,238439,0.0182826,13.7594
0,2,G4CMPDriftElectron,1,0.0175993,12.7584,233941,0.245934,0.00155214,0,223387,0.0160471,28.9753
0,2,G4CMPDriftElectron,1,0.0167992,30.1718,228561,0.457052,0.00139935,0,218835,0.0153999,23.4408
0,2,G4CMPDriftElectron,1,0.0157563,25.8402,221353,0.531255,0.00129942,0,212029,0.0144569,50.5908
0,2,G4CMPDriftElectron,1,0.00739454,35.8738,151640,1.07565,0.000466823,0,146775,0.00692771,34.5169
0,2,G4CMPDriftElectron,1,0.00105358,8.28833,57238.9,1.13545,0.000130998,0,53562.3,0.000922578,12.3031
0,2,G4CMPDriftElectron,1,0.00791352,36.3425,156871,0.970868,0.000582567,0,150987,0.00733096,36.0133
0,2,G4CMPDriftElectron,1,0.0194872,58.4962,246169,0.953491,0.000960524,0,240025,0.0185267,56.7912
0,2,G4CMPDriftElectron,1,0.0202885,58.9565,251179,0.240614,0.00167159,0,240609,0.018617,48.8798
0,2,G4CMPDriftElectron,1,0.0449336,87.1016,373804,0.552372,0.00219213,0,364571,0.0427414,85.7444
0,2,G4CMPDriftElectron,1,0.0416276,84.6202,359790,0.653374,0.00196416,0,351199,0.0396634,42.0971
0,2,G4CMPDriftElectron,1,0.0417721,47.8071,360414,1.13723,0.00102306,0,355973,0.040749,31.0448
0,2,G4CMPDriftElectron,1,0.0399719,29.5522,352562,0.822344,0.00164339,0,345238,0.0383285,82.156
0,2,G4CMPDriftElectron,1,0.0369558,80.6408,339000,0.672402,0.00182064,0,330544,0.0351351,60.5564
0,2,G4CMPDriftElectron,1,0.0350396,60.0939,330094,0.754148,0.00164809,0,322237,0.0333915,62.7415
0,2,G4CMPDriftElectron,1,0.0343772,63.9555,326959,0.0803694,0.00224604,0,316098,0.0321312,63.2815
0,2,G4CMPDriftElectron,1,0.0301312,60.7151,306102,0.840145,0.00139358,0,298939,0.0287376,70.8502
0,2,G4CMPDriftElectron,1,0.0288717,71.0025,299636,0.219439,0.00201157,0,289009,0.0268601,67.966
0,2,G4CMPDriftElectron,1,0.0290633,71.0104,300629,0.170121,0.00203847,0,289894,0.0270249,64.4133
0,2,G4CMPDriftElectron,1,0.0244332,60.254,275644,0.926922,0.00112156,0,269243,0.0233116,60.1477
0,2,G4CMPDriftElectron,1,0.00814432,33.2206,159142,0.632326,0.000861564,0,150489,0.00728276,26.2062
0,2,G4CMPDriftElectron,1,0.00868822,31.2199,164370,0.687099,0.000852453,0,156099,0.00783577,35.9771
0,2,G4CMPDriftElectron,1,0.0166626,51.9117,227630,0.543253,0.00132755,0,218373,0.015335,16.828
0,2,G4CMPDriftElectron,1,0.0152019,16.9343,217424,0.736494,0.00109076,0,209478,0.0141111,48.5493
0,2,G4CMPDriftElectron,1,0.0139659,46.018,208397,0.991925,0.000760895,0,202641,0.013205,47.9432
0,2,G4CMPDriftElectron,1,0.0114707,44.7602,188865,0.947532,0.000734462,0,182719,0.0107362,14.5341
0,2,G4CMPDriftElectron,1,0.0163547,41.7414,225517,0.319027,0.00146268,0,215196,0.014892,51.2306
0,2,G4CMPDriftElectron,1,0.0157014,49.1288,220967,0.414139,0.00137962,0,211036,0.0143217,49.0935
0,2,G4CMPDriftElectron,1,0.0126794,45.8741,198567,1.25181,0.000398269,0,195424,0.0122811,44.4484
0,2,G4CMPDriftElectron,1,0.00977767,39.4788,174372,0.303385,0.00112815,0,164004,0.00864952,39.0115
0,2,G4CMPDriftElectron,1,0.0125755,47.1871,197752,0.760743,0.000965739,0,190007,0.0116097,25.6671
0,2,G4CMPDriftElectron,1,0.0198971,53.0964,248744,0.410121,0.00156066,0,238790,0.0183365,52.0883
0,2,G4CMPDriftElectron,1,0.0164896,48.4968,226445,0.507635,0.0013488,0,216987,0.0151408,50.5403
0,2,G4CMPDriftElectron,1,0.0174387,54.5523,232871,0.806405,0.00109143,0,225466,0.0163473,14.6227
0,2,G4CMPDriftElectron,1,0.0159518,13.9433,222722,0.41272,0.00139177,0,212784,0.0145601,39.9783
0,2,G4CMPDriftElectron,1,0.0205505,50.511,252796,0.41121,0.00158593,0,242845,0.0189646,57.6787
0,2,G4CMPDriftElectron,1,0.0175854,55.5599,233849,0.846566,0.00104776,0,226775,0.0165377,21.0507
0,2,G4CMPDriftElectron,1,0.0165839,12.3839,227092,0.66055,0.00121868,0,218588,0.0153652,51.296
0,2,G4CMPDriftElectron,1,0.0216975,61.6292,259754,0.345438,0.00167486,0,249528,0.0200226,45.5196
0,2,G4CMPDriftElectron,1,0.0150442,36.7731,216293,0.675475,0.00114489,0,207900,0.0138993,30.139
0,2,G4CMPDriftElectron,1,0.0141343,26.5837,209650,0.271388,0.00137745,0,199173,0.0127568,22.1514
0,2,G4CMPDriftElectron,1,0.00904996,15.0127,167757,0.763081,0.000811569,0,160059,0.00823839,37.0619
0,2,G4CMPDriftElectron,1,0.0158538,51.5689,222036,0.424175,0.00138013,0,212152,0.0144736,49.6961
0,2,G4CMPDriftElectron,1,0.0166091,53.9643,227264,1.31195,0.000369536,0,224722,0.0162396,47.5709
0,2,G4CMPDriftElectron,1,0.0169388,49.5265,229509,1.05338,0.000757482,0,224318,0.0161813,19.4619
0,2,G4CMPDriftElectron,1,0.0162432,20.0235,224747,0.172651,0.00151362,0,214019,0.0147296,13.766
0,2,G4CMPDriftElectron,1,0.0237247,35.3795,271618,0.540045,0.00159463,0,262331,0.0221301,51.5597
0,2,G4CMPDriftElectron,1,0.0217576,52.9166,260114,0.988212,0.000964859,0,254281,0.0207928,51.8917
0,2,G4CMPDriftElectron,1,0.0224897,54.16,264454,0.924058,0.00107873,0,258034,0.021411,22.7741
0,2,G4CMPDriftElectron,1,0.0215432,15.9642,258829,0.725694,0.00131883,0,250781,0.0202243,59.6441
0,2,G4CMPDriftElectron,1,0.0194488,58.4963,245926,0.710028,0.00126895,0,237768,0.0181798,25.7785
0,2,G4CMPDriftElectron,1,0.0185271,29.2626,240028,0.992214,0.000881774,0,234246,0.0176453,50.8161
0,2,G4CMPDriftElectron,1,0.0142412,45.1587,210441,1.14809,0.00056688,0,206210,0.0136743,48.0835
0,2,G4CMPDriftElectron,1,0.022114,62.3558,262235,0.350342,0.00168815,0,252027,0.0204258,44.7741
0,2,G4CMPDriftElectron,1,0.0201749,41.3519,250475,0.241009,0.00166663,0,239906,0.0185083,47.6397
0,2,G4CMPDriftElectron,1,0.0235768,57.6321,270770,0.209593,0.00181808,0,260120,0.0217587,54.2042
0,2,G4CMPDriftElectron,1,0.0210778,52.1604,256018,0.801163,0.00121049,0,248558,0.0198673,31.5221
0,2,G4CMPDriftElectron,1,0.0205629,31.4904,252872,0.600465,0.00142413,0,243958,0.0191388,57.3209
0,2,G4CMPDriftElectron,1,0.0177975,55.2701,235254,0.31872,0.00152764,0,224931,0.0162698,48.5495
0,2,G4CMPDriftElectron,1,0.0268735,65.98,289081,0.945528,0.00114774,0,282841,0.0257257,44.7893
0,2,G4CMPDriftElectron,1,0.0308728,52.705,309846,0.167711,0.00210302,0,299107,0.0287697,39.5816
0,2,G4CMPDriftElectron,1,0.0242851,30.7481,274807,0.728627,0.00139885,0,266775,0.0228863,63.271
0,2,G4CMPDriftElectron,1,0.022841,63.1975,266512,0.627425,0.001474,0,257769,0.021367,57.6623
0,2,G4CMPDriftElectron,1,0.0254528,63.3169,281336,1.01505,0.00100212,0,275742,0.0244507,18.5441
0,2,G4CMPDriftElectron,1,0.0277596,26.299,293809,0.767695,0.00144349,0,286068,0.0263161,66.8613
0,2,G4CMPDriftElectron,1,0.0144878,47.6213,212255,1.20034,0.000500406,0,208558,0.0139874,49.7415
0,2,G4CMPDriftElectron,1,0.017212,54.9359,231353,0.510495,0.0013766,0,221908,0.0158354,33.4518
0,2,G4CMPDriftElectron,1,0.014971,29.8898,215766,0.39617,0.00135696,0,205755,0.013614,23.6311
0,2,G4CMPDriftElectron,1,0.0139424,25.8539,208222,0.845688,0.000929715,0,201160,0.0130127,47.9342
0,2,G4CMPDriftElectron,1,0.0127816,47.512,199366,1.08563,0.000613468,0,194523,0.0121682,32.945
0,2,G4CMPDriftElectron,1,0.0121458,33.9862,194344,0.732101,0.000974929,0,186381,0.0111708,44.1653
0,2,G4CMPDriftElectron,1,0.00659442,30.1529,143201,0.844133,0.000628637,0,136205,0.00596578,27.6438
0,2,G4CMPDriftElectron,1,0.0104439,40.9466,180214,0.509065,0.00106475,0,170781,0.0093791,12.4298
0,2,G4CMPDriftElectron,1,0.00937618,12.3158,170754,0.476308,0.0010254,0,161147,0.00835078,33.5524
0,2,G4CMPDriftElectron,1,0.00823393,33.4571,160015,0.36625,0.00100896,0,149891,0.00722497,26.1511
0,2,G4CMPDriftElectron,1,0.00595485,19.4632,136080,0.820675,0.000612021,0,128897,0.00534283,23.9271
0,2,G4CMPDriftElectron,1,0.00879861,33.4188,165411,0.663432,0.000875245,0,156969,0.00792336,30.3142
0,2,G4CMPDriftElectron,1,0.00740009,28.048,151697,0.272282,0.00098587,0,141231,0.00641422,32.294
0,2,G4CMPDriftElectron,1,0.0171642,55.0968,231031,0.462938,0.00141065,0,221334,0.0157536,50.8383
0,2,G4CMPDriftElectron,1,0.00615755,32.9545,138376,0.819683,0.000623698,0,131181,0.00553385,31.1579
0,2,G4CMPDriftElectron,1,0.0125819,47.0207,197802,0.374051,0.00125233,0,187700,0.0113296,30.5736
0,2,G4CMPDriftElectron,1,0.00783488,23.5389,156090,0.312765,0.00100275,0,145759,0.00683213,32.5978
0,2,G4CMPDriftElectron,1,0.00508138,26.2752,125704,0.799394,0.000576024,0,118365,0.00450536,13.5438
0,2,G4CMPDriftElectron,1,0.0123926,35.7828,196308,1.03209,0.000667689,0,190947,0.0117249,20.4688
0,2,G4CMPDriftElectron,1,0.0116165,18.8023,190062,1.30146,0.000316282,0,187457,0.0113002,24.2549
0,2,G4CMPDriftElectron,1,0.0141452,23.2084,209731,0.695416,0.00109045,0,201485,0.0130548,46.4678
0,2,G4CMPDriftElectron,1,0.00420176,17.7736,114307,0.929345,0.000441196,0,108140,0.00376057,22.391
0,2,G4CMPDriftElectron,1,0.00283193,14.3913,93842.5,0.959066,0.000339536,0,88037.3,0.0024924,20.9614
0,2,G4CMPDriftElectron,1,0.0213729,61.0706,257804,0.465546,0.00157644,0,248114,0.0197964,45.7342
0,2,G4CMPDriftElectron,1,0.0173121,38.6807,232024,0.991335,0.000852293,0,226241,0.0164598,26.8959
0,2,G4CMPDriftElectron,1,0.0165929,27.23,227153,0.708051,0.00117122,0,218990,0.0154217,50.4422
0,2,G4CMPDriftElectron,1,0.0280722,69.9002,295458,0.548469,0.00172891,0,286215,0.0263433,41.868
0,2,G4CMPDriftElectron,1,0.0206894,30.9154,253648,1.04713,0.000850809,0,248378,0.0198386,34.6269
0,2,G4CMPDriftElectron,1,0.0200097,35.194,249447,0.590909,0.0014137,0,240474,0.018596,34.7828
0,2,G4CMPDriftElectron,1,0.0218297,41.042,260544,0.375901,0.00166044,0,250440,0.0201693,45.9296
0,2,G4CMPDriftElectron,1,0.0192708,45.387,244798,0.395958,0.00154482,0,234781,0.017726,32.2232
0,2,G4CMPDriftElectron,1,0.0163176,26.2351,225261,0.287813,0.0014757,0,214834,0.0148419,36.2266
0,2,G4CMPDriftElectron,1,0.0152748,37.5004,217945,0.966606,0.000829607,0,211944,0.0144452,25.3159
0,2,G4CMPDriftElectron,1,0.0133352,22.1767,203638,0.307134,0.0013223,0,193278,0.0120129,14.0751
0,2,G4CMPDriftElectron,1,0.0121388,11.0348,194288,0.766613,0.00094263,0,186592,0.0111962,44.5133
0,2,G4CMPDriftElectron,1,0.0313645,74.2893,312304,1.02136,0.00110486,0,306754,0.0302597,62.2972
0,2,G4CMPDriftElectron,1,0.0317777,64.0029,314354,0.880297,0.00136513,0,307528,0.0304126,72.8279
0,2,G4CMPDriftElectron,1,0.0380904,81.775,344164,0.540634,0.00203,0,334868,0.0360604,79.145
0,2,G4CMPDriftElectron,1,0.0352759,78.2212,331205,0.887697,0.00142707,0,324437,0.0338488,19.209
0,2,G4CMPDriftElectron,1,0.0345914,20.0538,327976,1.06654,0.00107248,0,322852,0.0335189,64.5511
0,2,G4CMPDriftElectron,1,0.0437782,76.1773,368967,0.420032,0.00232308,0,359044,0.0414552,81.946
0,2,G4CMPDriftElectron,1,0.0403467,80.6637,354211,0.713272,0.00183924,0,346043,0.0385075,47.8429
0,2,G4CMPDriftElectron,1,0.0386204,48.4743,346550,0.634109,0.00191857,0,337833,0.0367018,79.5007
0,2,G4CMPDriftElectron,1,0.0328313,75.1988,319523,0.232175,0.00214123,0,308928,0.0306901,69.6722
0,2,G4CMPDriftElectron,1,0.0339522,73.5037,324932,0.322963,0.00212148,0,314616,0.0318307,60.352
0,2,G4CMPDriftElectron,1,0.0293988,57.1986,302359,1.01846,0.00107371,0,296786,0.0283251,70.6836
0,2,G4CMPDriftElectron,1,0.0309187,73.9542,310076,0.704161,0.0016182,0,301853,0.0293005,64.9329
0,2,G4CMPDriftElectron,1,0.0304238,66.3313,307585,0.19031,0.00207872,0,296891,0.0283451,56.6402
0,2,G4CMPDriftElectron,1,0.0232043,49.5709,268622,0.403244,0.00169355,0,258634,0.0215107,60.4997
0,2,G4CMPDriftElectron,1,0.0506577,93.097,396900,0.775131,0.00194896,0,389190,0.0487088,92.8621
0,2,G4CMPDriftElectron,1,0.0497229,93.8084,393221,0.329033,0.00257001,0,382924,0.0471529,89.023
0,2,G4CMPDriftElectron,1,0.0351534,75.2601,330630,0.536771,0.00195326,0,321313,0.0332002,76.3832
0,2,G4CMPDriftElectron,1,0.0483371,92.4296,387702,0.372768,0.00249256,0,377574,0.0458445,87.6364
0,2,G4CMPDriftElectron,1,0.0457128,87.4944,377031,0.37091,0.00242469,0,366896,0.0432881,87.3508
0,2,G4CMPDriftElectron,1,0.0532122,96.7852,406784,0.0663391,0.00280665,0,395911,0.0504056,93.516
0,2,G4CMPDriftElectron,1,0.0490406,92.2433,390514,0.805177,0.00185856,0,383042,0.0471821,74.0082
0,2,G4CMPDriftElectron,1,0.0472443,73.8479,383295,1.27176,0.000753242,0,380227,0.0464911,86.1274
0,2,G4CMPDriftElectron,1,0.0468791,86.4852,381810,0.280554,0.00253326,0,371351,0.0443458,75.8114
0,2,G4CMPDriftElectron,1,0.0439207,75.3622,369566,0.49887,0.00223638,0,360035,0.0416843,79.4255
0,2,G4CMPDriftElectron,1,0.0423681,80.2639,362976,0.240069,0.00243292,0,352400,0.0399352,55.5983
0,2,G4CMPDriftElectron,1,0.0374022,49.6169,341041,0.654731,0.00185784,0,332463,0.0355444,79.1259
0,2,G4CMPDriftElectron,1,0.0395225,83.5078,350574,0.225709,0.00235663,0,339962,0.0371659,76.1539
0,2,G4CMPDriftElectron,1,0.0317956,68.9749,314443,0.919443,0.00129796,0,307958,0.0304977,65.055
0,2,G4CMPDriftElectron,1,0.0326652,67.6333,318714,0.565667,0.00184768,0,309569,0.0308175,59.8213
0,2,G4CMPDriftElectron,1,0.0287096,55.3838,298794,1.08644,0.00093696,0,293878,0.0277727,59.6067
0,2,G4CMPDriftElectron,1,0.0272942,58.8127,291335,0.190049,0.00196699,0,280641,0.0253272,59.9163
0,2,G4CMPDriftElectron,1,0.0427206,82.9915,364483,0.636271,0.00201654,0,355776,0.0407041,83.543
0,2,G4CMPDriftElectron,1,0.0406213,83.459,355414,0.59232,0.00202852,0,346426,0.0385928,47.3272
0,2,G4CMPDriftElectron,1,0.0495031,61.9522,392351,0.898377,0.0016747,0,385657,0.0478284,90.1651
0,2,G4CMPDriftElectron,1,0.0540854,96.453,410108,0.97669,0.00157081,0,404108,0.0525146,67.3511
0,2,G4CMPDriftElectron,1,0.0556005,72.0292,415813,0.240847,0.00279208,0,405238,0.0528085,92.5525
0,2,G4CMPDriftElectron,1,0.0511124,90.828,398677,1.05369,0.00134321,0,393403,0.0497691,89.1983
0,2,G4CMPDriftElectron,1,0.0456703,84.6702,376856,1.1223,0.00110713,0,372260,0.0445631,36.0637
0,2,G4CMPDriftElectron,1,0.0439831,32.0011,369829,0.430064,0.00231787,0,359952,0.0416653,70.7833
0,2,G4CMPDriftElectron,1,0.0449905,75.3227,374041,0.759403,0.00186313,0,366214,0.0431274,69.5626
0,2,G4CMPDriftElectron,1,0.0460267,72.691,378323,0.8369,0.00173779,0,371113,0.0442889,59.1682
0,2,G4CMPDriftElectron,1,0.0389278,47.9721,347927,0.364317,0.00224035,0,337767,0.0366874,32.9137
0,2,G4CMPDriftElectron,1,0.036562,32.8732,337189,0.717214,0.00174291,0,329054,0.0348191,78.5288
0,2,G4CMPDriftElectron,1,0.0381986,82.2509,344653,0.287097,0.00227858,0,334215,0.03592,70.76
0,2,G4CMPDriftElectron,1,0.0242513,52.1,274616,0.622559,0.00152546,0,265839,0.0227259,62.2527
0,2,G4CMPDriftElectron,1,0.0232357,62.9369,268804,0.646636,0.00146548,0,260189,0.0217702,31.8433
0,2,G4CMPDriftElectron,1,0.0220515,31.4044,261865,0.316658,0.00170594,0,251532,0.0203455,54.2382
0,2,G4CMPDriftElectron,1,0.0247983,62.388,277696,0.592144,0.00157678,0,268722,0.0232215,62.9021
0,2,G4CMPDriftElectron,1,0.0261021,67.0443,284902,0.973618,0.00108466,0,278920,0.0250175,63.8173
0,2,G4CMPDriftElectron,1,0.0240296,62.545,273358,1.00316,0.000991894,0,267656,0.0230377,58.9189
0,2,G4CMPDriftElectron,1,0.00764359,30.7546,154172,1.06601,0.000484404,0,149207,0.00715919,24.161
0,2,G4CMPDriftElectron,1,0.00878668,32.2813,165299,0.559984,0.000943421,0,156173,0.00784326,17.3866
0,2,G4CMPDriftElectron,1,0.0192283,44.7486,244528,1.08209,0.000766443,0,239605,0.0184619,29.5312
0,2,G4CMPDriftElectron,1,0.0190721,29.7749,243533,0.774989,0.00118127,0,235870,0.0178908,55.9656
0,2,G4CMPDriftElectron,1,0.0090175,39.8307,167456,0.656233,0.000891716,0,158961,0.00812578,21.08
0,2,G4CMPDriftElectron,1,0.0171977,48.1294,231256,0.0725141,0.0015784,0,220388,0.0156193,41.8581
0,2,G4CMPDriftElectron,1,0.013213,35.465,202703,1.2332,0.000432385,0,199358,0.0127807,34.9828
0,2,G4CMPDriftElectron,1,0.0123838,32.9232,196239,1.17465,0.000492538,0,192297,0.0118913,20.1973
0,2,G4CMPDriftElectron,1,0.0154839,29.9542,219431,0.0204501,0.00149946,0,208536,0.0139845,29.6004
0,2,G4CMPDriftElectron,1,0.0135714,28.5838,205433,0.609277,0.00114259,0,196595,0.0124288,45.3833
0,2,G4CMPDriftElectron,1,0.019753,58.33,247842,0.840016,0.00112124,0,240705,0.0186317,57.4206
0,2,G4CMPDriftElectron,1,0.0184932,57.2166,239808,1.01532,0.000848168,0,234245,0.0176451,53.0389
0,2,G4CMPDriftElectron,1,0.0110794,33.9405,185616,0.249943,0.00122235,0,175078,0.00985701,38.612
0,2,G4CMPDriftElectron,1,0.00927443,37.5939,169825,0.611272,0.000936559,0,161022,0.00833787,32.758
0,2,G4CMPDriftElectron,1,0.00691245,28.0931,146613,0.407102,0.000905427,0,136675,0.00600702,10.3361
0,2,G4CMPDriftElectron,1,0.0230205,60.0129,267557,0.679822,0.00142019,0,259172,0.0216004,38.2072
0,2,G4CMPDriftElectron,1,0.0202175,35.6173,250739,0.417318,0.0015684,0,240817,0.0186491,46.8189
0,2,G4CMPDriftElectron,1,0.0180927,45.1122,237197,0.954934,0.000922171,0,231073,0.0171705,52.4004
0,2,G4CMPDriftElectron,1,0.0180615,54.0658,236992,1.0713,0.000757436,0,231970,0.017304,52.3965
0,2,G4CMPDriftElectron,1,0.0169489,51.4892,229577,0.620098,0.00127132,0,220799,0.0156775,43.2016
0,2,G4CMPDriftElectron,1,0.0110246,33.6692,185157,0.516369,0.00109036,0,175763,0.00993429,39.8013
0,2,G4CMPDriftElectron,1,0.0316011,74.4053,313480,1.13865,0.000882014,0,309074,0.0307191,59.9717
0,2,G4CMPDriftElectron,1,0.0355884,67.831,332669,0.351628,0.00215079,0,322460,0.0334376,76.8716
0,2,G4CMPDriftElectron,1,0.0325599,75.8689,318200,0.882442,0.0013786,0,311390,0.0311813,34.5905
0,2,G4CMPDriftElectron,1,0.0270811,25.8868,290196,0.455936,0.001788,0,280453,0.0252931,63.4451
0,2,G4CMPDriftElectron,1,0.0297705,69.1351,304265,0.341009,0.00197158,0,294017,0.027799,66.0341
0,2,G4CMPDriftElectron,1,0.0254404,63.019,281268,0.268355,0.00186263,0,270775,0.0235778,63.9075
0,2,G4CMPDriftElectron,1,0.0245863,65.3414,276506,1.08392,0.000868545,0,271578,0.0237178,37.2091
0,2,G4CMPDriftElectron,1,0.026327,44.5044,286127,0.222315,0.00191789,0,275508,0.0244091,59.2639
0,2,G4CMPDriftElectron,1,0.0242373,58.9853,274537,1.16831,0.000715526,0,270454,0.0235218,30.7557
0,2,G4CMPDriftElectron,1,0.0229539,27.1149,267169,1.1242,0.000770573,0,262646,0.0221833,57.7986
0,2,G4CMPDriftElectron,1,0.0159154,46.1577,222468,0.832242,0.00101153,0,215282,0.0149039,45.0105
0,2,G4CMPDriftElectron,1,0.0174373,49.2033,232862,1.03432,0.000796,0,227485,0.0166413,49.384
0,2,G4CMPDriftElectron,1,0.0188847,53.5485,242333,0.809713,0.00113327,0,234950,0.0177514,31.5474
0,2,G4CMPDriftElectron,1,0.0231625,42.2825,268380,0.820665,0.00124419,0,261073,0.0219183,45.0586
0,2,G4CMPDriftElectron,1,0.0208033,42.3505,254346,0.912256,0.00105275,0,247827,0.0197506,32.3945
0,2,G4CMPDriftElectron,1,0.0244279,41.5311,275614,0.990513,0.00102091,0,269793,0.023407,45.2353
0,2,G4CMPDriftElectron,1,0.0245847,45.2323,276497,1.14395,0.000764122,0,272166,0.0238206,63.9945
0,2,G4CMPDriftElectron,1,0.0261581,67.0321,285208,0.193925,0.00192333,0,274522,0.0242348,65.0095
0,2,G4CMPDriftElectron,1,0.0205236,59.4079,252630,0.650811,0.00137053,0,244049,0.0191531,26.6837
0,2,G4CMPDriftElectron,1,0.0201943,28.7258,250595,0.803468,0.00118113,0,243156,0.0190132,57.6119
0,2,G4CMPDriftElectron,1,0.021607,61.5365,259212,1.26151,0.000514795,0,256105,0.0210922,49.0719
0,2,G4CMPDriftElectron,1,0.0287676,62.6006,299095,0.32448,0.00194875,0,288787,0.0268188,68.2382
0,2,G4CMPDriftElectron,1,0.0253521,66.3497,280779,0.732336,0.00142521,0,272773,0.0239269,63.8093
0,2,G4CMPDriftElectron,1,0.0281099,68.5357,295657,0.453055,0.00182498,0,285898,0.0262849,62.4826
0,2,G4CMPDriftElectron,1,0.0268202,63.3393,288795,0.698906,0.00151138,0,280540,0.0253089,51.5895
0,2,G4CMPDriftElectron,1,0.0328905,62.0404,319811,0.628486,0.00177502,0,311061,0.0311154,73.3191
0,2,G4CMPDriftElectron,1,0.0296537,71.4689,303667,0.583909,0.00173754,0,294636,0.0279162,30.4071
0,2,G4CMPDriftElectron,1,0.027036,30.7981,289954,0.647811,0.00158235,0,281341,0.0254537,62.7103
0,2,G4CMPDriftElectron,1,0.0371929,76.8213,340085,0.524516,0.002025,0,330698,0.0351679,66.5438
0,2,G4CMPDriftElectron,1,0.0325564,62.443,318182,0.84377,0.00144406,0,311046,0.0311123,74.1666
0,2,G4CMPDriftElectron,1,0.0339006,77.4633,324685,0.375524,0.00207892,0,314572,0.0318217,56.8773
0,2,G4CMPDriftElectron,1,0.0302241,54.8729,306574,0.594773,0.00174157,0,297610,0.0284825,70.76
0,2,G4CMPDriftElectron,1,0.0266538,68.5046,287897,0.996369,0.00105821,0,282124,0.0255956,51.8724
0,2,G4CMPDriftElectron,1,0.0166462,36.2662,227518,0.67952,0.00120225,0,219148,0.0154439,51.6846
0,2,G4CMPDriftElectron,1,0.0190457,57.8147,243364,0.767043,0.00118987,0,235639,0.0178558,25.8408
0,2,G4CMPDriftElectron,1,0.0270585,52.6846,290075,1.00258,0.00105588,0,284359,0.0260027,65.2259
0,2,G4CMPDriftElectron,1,0.029742,69.8497,304119,0.577248,0.00174797,0,295047,0.027994,21.2244
0,2,G4CMPDriftElectron,1,0.0255942,15.8558,282117,0.159896,0.00191392,0,271364,0.0236803,23.1799
0,2,G4CMPDriftElectron,1,0.0234544,16.0942,270066,0.631024,0.00149016,0,261346,0.0219642,58.6543
0,2,G4CMPDriftElectron,1,0.0218607,58.6607,260729,0.82041,0.00120797,0,253423,0.0206527,32.293
0,2,G4CMPDriftElectron,1,0.0253879,46.1139,280978,0.709082,0.00145647,0,272799,0.0239315,65.0687
0,2,G4CMPDriftElectron,1,0.0296268,72.2126,303529,0.765293,0.00149606,0,295767,0.0281308,18.6188
0,2,G4CMPDriftElectron,1,0.0332875,29.191,321735,0.935881,0.00129928,0,315394,0.0319883,70.3817
0,2,G4CMPDriftElectron,1,0.0309044,68.7759,310004,0.330488,0.00201702,0,299717,0.0288873,50.1196
0,2,G4CMPDriftElectron,1,0.0284376,49.677,297375,0.567254,0.00171965,0,288244,0.026718,68.2594
0,2,G4CMPDriftElectron,1,0.0247245,65.5501,277282,0.468972,0.00169543,0,267606,0.023029,32.0425
0,2,G4CMPDriftElectron,1,0.0235599,34.1664,270673,0.577623,0.00155115,0,261611,0.0220087,51.0254
0,2,G4CMPDriftElectron,1,0.0241155,54.1369,273846,0.145169,0.00186098,0,263067,0.0222545,40.7468
0,2,G4CMPDriftElectron,1,0.0181397,32.8475,237505,0.835896,0.00107798,0,230340,0.0170617,45.2318
0,2,G4CMPDriftElectron,1,0.0178477,47.6211,235586,0.137852,0.00159735,0,224797,0.0162504,48.6165
0,2,G4CMPDriftElectron,1,0.014312,40.8543,210964,0.405273,0.00132066,0,200995,0.0129913,47.5876
0,2,G4CMPDriftElectron,1,0.00747296,36.173,152442,0.422774,0.000936189,0,142574,0.00653677,31.0302
0,2,G4CMPDriftElectron,1,0.0161142,50.6344,223853,0.528188,0.00131696,0,214510,0.0147972,27.8263
0,2,G4CMPDriftElectron,1,0.0142366,26.9433,210407,0.266873,0.00138433,0,199916,0.0128523,36.4404
0,2,G4CMPDriftElectron,1,0.0135624,33.5948,205365,0.575681,0.00116919,0,196313,0.0123932,38.473
0,2,G4CMPDriftElectron,1,0.00711589,30.7666,148755,0.658541,0.000786398,0,140295,0.00632949,23.9673
0,2,G4CMPDriftElectron,1,0.0262839,59.6084,285893,0.656367,0.00154925,0,277339,0.0247347,58.7322
0,2,G4CMPDriftElectron,1,0.0229317,55.6316,267040,0.543427,0.00156384,0,257774,0.0213678,53.1029
0,2,G4CMPDriftElectron,1,0.0220412,54.0794,261803,0.388992,0.00165968,0,251754,0.0203815,60.0762
0,2,G4CMPDriftElectron,1,0.0202424,59.8712,250893,0.921236,0.00102541,0,244456,0.0192169,40.4616
0,2,G4CMPDriftElectron,1,0.0138382,32.0346,207442,0.593092,0.00116744,0,198499,0.0126707,27.1669
0,2,G4CMPDriftElectron,1,0.01306,26.3294,201526,0.0265045,0.00137379,0,190632,0.0116862,24.3607
0,2,G4CMPDriftElectron,1,0.0115476,24.574,189498,0.402309,0.00118394,0,179521,0.0103636,41.6473
0,2,G4CMPDriftElectron,1,0.0159676,51.3544,222832,0.909932,0.000920447,0,216314,0.0150471,37.1804
0,2,G4CMPDriftElectron,1,0.0149997,37.1238,215973,0.704427,0.00111525,0,207789,0.0138845,48.6113
0,2,G4CMPDriftElectron,1,0.00407999,26.4928,112639,0.474295,0.000664138,0,103064,0.00341585,23.2158
0,2,G4CMPDriftElectron,1,0.00416151,23.8254,113758,0.440481,0.000683025,0,104005,0.00347848,22.0633
0,2,G4CMPDriftElectron,1,0.00741757,35.3506,151876,0.794239,0.00070783,0,144448,0.00670974,33.9173
0,2,G4CMPDriftElectron,1,0.0060742,31.1609,137437,1.23851,0.000276036,0,134278,0.00579817,24.4607
0,2,G4CMPDriftElectron,1,0.00978452,34.8966,174433,0.659989,0.00092765,0,165958,0.00885688,35.8532
0,2,G4CMPDriftElectron,1,0.00407802,17.0867,112611,0.459246,0.000669314,0,102956,0.00340871,24.5646
0,2,G4CMPDriftElectron,1,0.0207775,60.4084,254188,1.35387,0.000345258,0,252067,0.0204323,60.1253
0,2,G4CMPDriftElectron,1,0.0295634,72.3593,303204,0.534146,0.00179092,0,293877,0.0277725,35.7615
0,2,G4CMPDriftElectron,1,0.0275244,34.8264,292561,0.710109,0.00151671,0,284387,0.0260077,67.8681
0,2,G4CMPDriftElectron,1,0.028468,71.0061,297534,0.646551,0.0016263,0,288910,0.0268417,23.2675
0,2,G4CMPDriftElectron,1,0.0267938,21.1353,288652,0.601064,0.00163036,0,279732,0.0251634,61.1737
0,2,G4CMPDriftElectron,1,0.0108826,37.6752,183961,0.200308,0.00122539,0,173294,0.00965723,24.7291
0,2,G4CMPDriftElectron,1,0.0300207,61.2861,305540,1.30412,0.000526163,0,302851,0.0294946,71.8792
0,2,G4CMPDriftElectron,1,0.0394304,83.035,350166,0.257265,0.00233532,0,339638,0.0370951,72.926
0,2,G4CMPDriftElectron,1,0.0353516,70.9845,331560,1.34823,0.000474775,0,329326,0.0348768,68.9516
0,2,G4CMPDriftElectron,1,0.0272525,59.3403,291113,0.203154,0.00196023,0,280448,0.0252922,66.2253
0,2,G4CMPDriftElectron,1,0.0257504,66.8207,282976,0.104173,0.00193441,0,272140,0.023816,63.2559
0,2,G4CMPDriftElectron,1,0.00882797,38.4348,165687,1.07874,0.000510446,0,160826,0.00831752,38.1938
0,2,G4CMPDriftElectron,1,0.0143813,50.4655,211474,0.954074,0.000819061,0,205363,0.0135622,22.4226
0,2,G4CMPDriftElectron,1,0.0156851,28.1005,220852,0.61455,0.00122652,0,212041,0.0144586,38.1704
0,2,G4CMPDriftElectron,1,0.0167866,44.4322,228475,0.40778,0.00143187,0,218514,0.0153547,45.472
0,2,G4CMPDriftElectron,1,0.0238307,57.8166,272224,0.714938,0.0014026,0,264091,0.0224281,60.3648
0,2,G4CMPDriftElectron,1,0.0088834,31.9689,166206,0.325882,0.00106542,0,155921,0.00781798,14.0979
0,2,G4CMPDriftElectron,1,0.0088365,21.7277,165767,0.744876,0.000815966,0,157928,0.00802054,37.6184
0,2,G4CMPDriftElectron,1,0.0084262,38.4027,161873,1.32831,0.000234237,0,159607,0.00819197,34.8528
0,2,G4CMPDriftElectron,1,0.0163435,50.3506,225440,0.860483,0.000992141,0,218490,0.0153514,48.5971
0,2,G4CMPDriftElectron,1,0.0142518,47.0617,210520,0.697712,0.00109252,0,202290,0.0131593,26.7505
0,2,G4CMPDriftElectron,1,0.0126983,25.98,198715,0.896371,0.000831528,0,192099,0.0118668,45.7231
0,2,G4CMPDriftElectron,1,0.00943569,38.3128,171295,0.809479,0.000790069,0,163967,0.00864562,31.7772
0,2,G4CMPDriftElectron,1,0.00959159,33.8779,172704,0.795802,0.000808789,0,165263,0.0087828,24.0328
0,2,G4CMPDriftElectron,1,0.0235574,51.7879,270658,0.821613,0.00125376,0,263358,0.0223036,56.2013
0,2,G4CMPDriftElectron,1,0.0292378,64.6458,301530,1.09233,0.000934858,0,296670,0.028303,69.7738
0,2,G4CMPDriftElectron,1,0.0349115,77.9042,329490,0.597368,0.00187124,0,320538,0.0330402,47.7124
0,2,G4CMPDriftElectron,1,0.0319916,46.0905,315410,0.333725,0.00205053,0,305135,0.029941,57.1142
0,2,G4CMPDriftElectron,1,0.030654,57.8509,308746,0.946905,0.001226,0,302509,0.029428,71.9117
0,2,G4CMPDriftElectron,1,0.0294624,71.9546,302686,0.365444,0.00194322,0,292534,0.0275192,59.6202
0,2,G4CMPDriftElectron,1,0.0261661,57.3307,285251,0.5336,0.00168317,0,275924,0.0244829,18.4638
0,2,G4CMPDriftElectron,1,0.0224981,16.4308,264503,0.709836,0.00136792,0,256336,0.0211302,60.8644
0,2,G4CMPDriftElectron,1,0.0182364,56.4023,238138,0.616813,0.00132333,0,229335,0.0169131,26.8551
0,2,G4CMPDriftElectron,1,0.0209621,35.9274,255315,0.273484,0.00168478,0,244839,0.0192773,28.624
0,2,G4CMPDriftElectron,1,0.0186877,27.8715,241066,1.0845,0.000751457,0,236170,0.0179363,53.8634
0,2,G4CMPDriftElectron,1,0.0102097,41.8319,178182,0.233059,0.00117691,0,167598,0.00903278,39.988
0,2,G4CMPDriftElectron,1,0.0117016,44.4645,190757,0.493369,0.00113936,0,181232,0.0105622,25.8519
0,2,G4CMPDriftElectron,1,0.0114696,32.5089,188857,0.639054,0.00102428,0,180227,0.0104454,41.5932
0,2,G4CMPDriftElectron,1,0.0104648,41.6469,180394,0.943931,0.0007035,0,174225,0.00976128,39.0506
0,2,G4CMPDriftElectron,1,0.0068596,32.3177,146052,0.510639,0.000854889,0,136648,0.00600471,32.6044
0,2,G4CMPDriftElectron,1,0.00936667,40.5994,170667,0.852458,0.000749066,0,163701,0.0086176,15.9973
0,2,G4CMPDriftElectron,1,0.0110511,29.0104,185379,1.00951,0.000653396,0,179816,0.0103977,42.622
0,2,G4CMPDriftElectron,1,0.0202933,59.4533,251208,1.04194,0.000850162,0,245890,0.0194431,58.5997
0,2,G4CMPDriftElectron,1,0.0206036,60.3076,253122,0.321913,0.00164479,0,242808,0.0189588,48.4296
0,2,G4CMPDriftElectron,1,0.0181403,46.6387,237509,1.23895,0.000504151,0,234185,0.0176361,24.7689
0,2,G4CMPDriftElectron,1,0.0177722,24.2724,235087,0.96088,0.000905614,0,229019,0.0168666,49.5535
0,2,G4CMPDriftElectron,1,0.0109467,36.0788,184502,0.47288,0.00111305,0,174870,0.00983366,38.7904
0,2,G4CMPDriftElectron,1,0.0103703,40.1118,179579,1.17102,0.000451697,0,175624,0.00991865,41.8715
0,2,G4CMPDriftElectron,1,0.0235773,64.3944,270773,0.912551,0.00112276,0,264247,0.0224546,38.3567
0,2,G4CMPDriftElectron,1,0.0235444,41.7153,270584,0.406542,0.00170373,0,260610,0.0218407,61.1617
0,2,G4CMPDriftElectron,1,0.00858616,35.8339,163402,0.472309,0.000981696,0,153777,0.00760446,31.4118
0,2,G4CMPDriftElectron,1,0.0126996,42.6143,198726,0.731843,0.000998013,0,190757,0.0117016,29.1969
0,2,G4CMPDriftElectron,1,0.0186281,48.1414,240681,0.270978,0.00158717,0,230200,0.0170409,44.9829
0,2,G4CMPDriftElectron,1,0.0146815,39.3115,213670,0.434565,0.00132021,0,203837,0.0133613,11.1093
0,2,G4CMPDriftElectron,1,0.01304,16.65,201371,0.337068,0.00129378,0,191121,0.0117463,32.9967
0,2,G4CMPDriftElectron,1,0.0120188,30.3371,193325,0.12967,0.00130543,0,182524,0.0107134,29.7257
0,2,G4CMPDriftElectron,1,0.0108879,31.06,184006,0.442883,0.00112706,0,174222,0.00976089,41.5467
0,2,G4CMPDriftElectron,1,0.00811393,37.4302,158845,0.90475,0.000649717,0,152353,0.00746422,26.7423
0,2,G4CMPDriftElectron,1,0.0104221,34.2942,180027,0.736968,0.000896178,0,172113,0.00952597,27.9942
0,2,G4CMPDriftElectron,1,0.0113714,24.6088,188046,0.198636,0.00125389,0,177376,0.0101175,22.0762
0,2,G4CMPDriftElectron,1,0.0073908,18.0976,151602,0.115307,0.00101732,0,140782,0.00637348,20.5395
0,2,G4CMPDriftElectron,1,0.00619131,18.4672,138755,0.916381,0.00055378,0,132404,0.00563753,31.572
0,2,G4CMPDriftElectron,1,0.00862103,39.0717,163733,0.585165,0.000918468,0,154766,0.00770256,36.4989
0,2,G4CMPDriftElectron,1,0.0224853,62.027,264428,1.00948,0.000948358,0,258791,0.0215369,60.8228
0,2,G4CMPDriftElectron,1,0.021525,60.8131,258720,1.01413,0.000919902,0,253131,0.0206051,46.8358
0,2,G4CMPDriftElectron,1,0.0193328,44.6898,245192,1.26777,0.000474641,0,242163,0.0188582,55.4063
0,2,G4CMPDriftElectron,1,0.011444,42.6407,188645,0.491594,0.00112744,0,179112,0.0103165,40.6
0,2,G4CMPDriftElectron,1,0.0201173,57.2014,250117,1.08464,0.000780894,0,245214,0.0193364,54.6361
0,2,G4CMPDriftElectron,1,0.0205668,56.9956,252895,0.439092,0.00156619,0,243076,0.0190006,51.3429
0,2,G4CMPDriftElectron,1,0.018383,50.3883,239092,0.746635,0.00119179,0,231212,0.0171912,42.0572
0,2,G4CMPDriftElectron,1,0.0182436,43.7491,238184,0.6892,0.00125019,0,229878,0.0169934,32.0318
0,2,G4CMPDriftElectron,1,0.0174579,35.885,232999,0.9317,0.000935887,0,226668,0.016522,48.8165
0,2,G4CMPDriftElectron,1,0.012286,41.1692,195462,0.223153,0.00129782,0,184850,0.0109882,41.7363
0,2,G4CMPDriftElectron,1,0.0138709,47.1952,207688,0.212806,0.00138464,0,197049,0.0124863,42.2144
0,2,G4CMPDriftElectron,1,0.0110925,43.3502,185726,1.2693,0.000348363,0,182786,0.0107441,32.4661
0,2,G4CMPDriftElectron,1,0.0221814,57.4852,262635,0.73184,0.00133125,0,254631,0.0208501,25.2149
0,2,G4CMPDriftElectron,1,0.0238484,31.9258,272325,0.883035,0.00117347,0,265541,0.022675,61.887
0,2,G4CMPDriftElectron,1,0.0232302,62.7045,268772,1.23851,0.000576307,0,265418,0.0226539,58.4461
0,2,G4CMPDriftElectron,1,0.0233965,59.4927,269732,0.656249,0.00145965,0,261183,0.0219368,17.4419
0,2,G4CMPDriftElectron,1,0.023753,30.6442,271780,0.174896,0.00183763,0,261055,0.0219154,30.9423
0,2,G4CMPDriftElectron,1,0.0216361,29.066,259386,0.950359,0.00101879,0,253206,0.0206173,50.8208
0,2,G4CMPDriftElectron,1,0.0227626,54.1158,266054,0.611952,0.00148816,0,257210,0.0212745,52.0612
0,2,G4CMPDriftElectron,1,0.0208935,51.3284,254896,0.912651,0.00105455,0,248380,0.019839,25.4413
0,2,G4CMPDriftElectron,1,0.0213837,29.1386,257869,0.679995,0.00136719,0,249489,0.0200165,49.7266
0,2,G4CMPDriftElectron,1,0.0217549,53.1416,260097,0.509684,0.0015531,0,250641,0.0202017,41.7376
0,2,G4CMPDriftElectron,1,0.0180172,34.531,236702,0.242332,0.00157236,0,226137,0.0164448,48.5549
0,2,G4CMPDriftElectron,1,0.0184734,52.5279,239680,0.950299,0.000938567,0,233512,0.0175348,13.0615
0,2,G4CMPDriftElectron,1,0.0175217,13.0536,233424,0.130559,0.00158393,0,222624,0.0159377,16.4214
0,2,G4CMPDriftElectron,1,0.016059,16.7515,223469,0.542103,0.00130352,0,214208,0.0147555,43.3654
0,2,G4CMPDriftElectron,1,0.0222914,57.7576,263285,1.31457,0.000429472,0,260737,0.0218619,62.2215
0,2,G4CMPDriftElectron,1,0.0310717,74.1352,310843,0.499994,0.00187378,0,301324,0.0291979,65.4489
0,2,G4CMPDriftElectron,1,0.0266667,63.271,287967,0.670652,0.00154301,0,279512,0.0251237,22.3707
0,2,G4CMPDriftElectron,1,0.0484901,60.7143,388315,0.671293,0.00209293,0,379843,0.0463972,59.0008
0,2,G4CMPDriftElectron,1,0.0512453,67.2839,399195,1.17395,0.00104324,0,395111,0.0502021,93.837
0,2,G4CMPDriftElectron,1,0.05131,94.8928,399447,0.869434,0.00176833,0,392503,0.0495416,89.1992
0,2,G4CMPDriftElectron,1,0.0499836,89.5846,394250,0.74913,0.0019853,0,386341,0.0479983,90.6254
0,2,G4CMPDriftElectron,1,0.0506557,93.1051,396892,0.308542,0.00261223,0,386523,0.0480434,72.5201
0,2,G4CMPDriftElectron,1,0.0479561,72.4251,386171,0.524071,0.00230519,0,376775,0.0456509,50.9254
0,2,G4CMPDriftElectron,1,0.0457513,50.654,377190,0.327275,0.00246518,0,366887,0.0432861,82.5422
0,2,G4CMPDriftElectron,1,0.0450747,85.1529,374390,0.961428,0.00146369,0,368261,0.043611,44.3999
0,2,G4CMPDriftElectron,1,0.0424499,42.6237,363326,0.939661,0.00146441,0,357004,0.0409854,84.6619
0,2,G4CMPDriftElectron,1,0.040286,83.9082,353944,0.74243,0.00178971,0,345993,0.0384963,65.6941
0,2,G4CMPDriftElectron,1,0.0333772,59.576,322169,0.286329,0.00212793,0,311730,0.0312493,71.761
0,2,G4CMPDriftElectron,1,0.0340292,74.6935,325300,0.787262,0.00157101,0,317702,0.0324582,75.6722
0,2,G4CMPDriftElectron,1,0.0333158,76.6589,321872,0.202934,0.00217149,0,311205,0.0311443,74.0175
0,2,G4CMPDriftElectron,1,0.0273423,69.2501,291592,1.05328,0.000972894,0,286357,0.0263694,60.6377
0,2,G4CMPDriftElectron,1,0.0226956,55.6639,265662,1.37153,0.00033039,0,263721,0.0223652,57.4673
0,2,G4CMPDriftElectron,1,0.0218451,56.7202,260636,0.779269,0.00126143,0,252999,0.0205837,51.5133
0,2,G4CMPDriftElectron,1,0.016827,43.1175,228750,0.689004,0.00119936,0,220447,0.0156276,47.1906
0,2,G4CMPDriftElectron,1,0.0169486,49.8836,229576,1.06225,0.000745279,0,224471,0.0162034,51.3753
0,2,G4CMPDriftElectron,1,0.0244596,63.5634,275793,0.839337,0.00125298,0,268636,0.0232067,29.6071
0,2,G4CMPDriftElectron,1,0.0246657,35.3433,276952,0.452517,0.00170757,0,267194,0.0229581,36.7611
0,2,G4CMPDriftElectron,1,0.0258466,41.6943,283504,0.760142,0.00140191,0,275708,0.0244447,57.6534
0,2,G4CMPDriftElectron,1,0.0250445,59.5114,279071,0.704714,0.00145187,0,270861,0.0235927,48.046
0,2,G4CMPDriftElectron,1,0.018506,33.6657,239891,0.76813,0.00117107,0,232177,0.0173349,52.9137
0,2,G4CMPDriftElectron,1,0.0158126,49.5025,221748,0.383415,0.00140318,0,211681,0.0144095,29.3109
0,2,G4CMPDriftElectron,1,0.0194526,44.684,245950,0.427664,0.0015304,0,236077,0.0179222,13.2147
0,2,G4CMPDriftElectron,1,0.0248274,30.9952,277858,0.718812,0.00142746,0,269752,0.0233999,64.2541
0,2,G4CMPDriftElectron,1,0.0224353,62.858,264134,0.884229,0.00113532,0,257364,0.0213,46.3849
0,2,G4CMPDriftElectron,1,0.0170319,38.6485,230139,0.201738,0.00154212,0,219473,0.0154898,44.6998
0,2,G4CMPDriftElectron,1,0.0209147,53.6492,255025,1.30276,0.000435187,0,252358,0.0204795,60.0712
0,2,G4CMPDriftElectron,1,0.0224294,62.8489,264099,1.09002,0.000817862,0,259239,0.0216115,52.6454
0,2,G4CMPDriftElectron,1,0.0307522,64.8951,309240,0.528283,0.00183377,0,299879,0.0289184,38.7071
0,2,G4CMPDriftElectron,1,0.0290142,39.143,300375,0.796171,0.00143436,0,292856,0.0275798,65.4649
0,2,G4CMPDriftElectron,1,0.0361998,75.6902,335515,0.527238,0.00199406,0,326143,0.0342058,27.3733
0,2,G4CMPDriftElectron,1,0.0327129,25.8395,318946,0.244032,0.00213104,0,308383,0.0305818,51.9308
0,2,G4CMPDriftElectron,1,0.0320961,52.2994,315925,0.735791,0.00160326,0,307933,0.0304928,65.7704
0,2,G4CMPDriftElectron,1,0.0279708,61.8764,294924,0.64147,0.001618,0,286267,0.0263528,48.4316
0,2,G4CMPDriftElectron,1,0.0224724,42.3644,264352,0.388454,0.00167659,0,254300,0.0207958,14.6451
0,2,G4CMPDriftElectron,1,0.0239162,21.0237,272712,0.947082,0.00107818,0,266494,0.022838,57.9186
0,2,G4CMPDriftElectron,1,0.0195611,51.5544,246635,0.748112,0.00122886,0,238762,0.0183322,55.3392
0,2,G4CMPDriftElectron,1,0.0181835,55.0892,237792,1.00178,0.00085982,0,232102,0.0173237,18.083
0,2,G4CMPDriftElectron,1,0.0240003,29.0138,273191,0.664722,0.0014689,0,264699,0.0225313,55.7345
0,2,G4CMPDriftElectron,1,0.0259991,61.5694,284339,0.485384,0.00172453,0,274747,0.0242745,53.2099
0,2,G4CMPDriftElectron,1,0.0155493,28.7042,219894,0.606415,0.00122822,0,211031,0.0143211,50.3594
0,2,G4CMPDriftElectron,1,0.0126167,47.2684,198075,0.430875,0.00122321,0,188229,0.0113935,44.882
0,2,G4CMPDriftElectron,1,0.0105609,43.2298,181221,0.388636,0.00113725,0,171186,0.00942363,32.2503
0,2,G4CMPDriftElectron,1,0.013508,44.5006,204953,0.439084,0.00126204,0,195144,0.012246,44.1589
0,2,G4CMPDriftElectron,1,0.01146,42.8518,188778,0.449963,0.00115324,0,179028,0.0103068,39.9968
0,2,G4CMPDriftElectron,1,0.00766161,32.8077,154354,0.193554,0.00102346,0,143675,0.00663815,34.1671
0,2,G4CMPDriftElectron,1,0.0114535,45.0367,188724,0.491002,0.00112829,0,179188,0.0103253,32.6753
0,2,G4CMPDriftElectron,1,0.0102117,32.4028,178200,0.65645,0.000951212,0,169697,0.0092605,40.4824
0,2,G4CMPDriftElectron,1,0.00931091,40.5948,170159,0.541689,0.000983699,0,160919,0.00832721,32.4939
0,2,G4CMPDriftElectron,1,0.00749852,29.8461,152702,0.623741,0.000830553,0,143997,0.00666796,29.5332
0,2,G4CMPDriftElectron,1,0.016503,49.5935,226537,0.467514,0.00137921,0,216864,0.0151238,51.7092
0,2,G4CMPDriftElectron,1,0.01464,50.9184,213368,0.50324,0.00127188,0,203889,0.0133681,42.3227
0,2,G4CMPDriftElectron,1,0.014772,45.4934,214327,0.67914,0.00113069,0,205961,0.0136413,42.167
0,2,G4CMPDriftElectron,1,0.00610903,24.3392,137830,0.386084,0.00085674,0,127800,0.00525229,9.41018
0,2,G4CMPDriftElectron,1,0.00709043,16.1213,148489,1.14257,0.000393988,0,144305,0.00669644,15.8907
0,2,G4CMPDriftElectron,1,0.00629475,10.4355,139909,0.329712,0.000889603,0,129647,0.00540514,16.3566
0,2,G4CMPDriftElectron,1,0.0273777,68.345,291780,0.902129,0.00122963,0,285153,0.026148,51.7872
0,2,G4CMPDriftElectron,1,0.0335996,61.4265,323240,0.813587,0.00151801,0,315854,0.0320816,44.1787
0,2,G4CMPDriftElectron,1,0.0311842,41.2508,311405,0.729532,0.00158892,0,303368,0.0295953,60.351
0,2,G4CMPDriftElectron,1,0.0293834,60.0724,302280,0.659881,0.00163568,0,293746,0.0277477,68.8444
0,2,G4CMPDriftElectron,1,0.0274986,68.6579,292424,0.961339,0.00113503,0,286326,0.0263636,61.7404
0,2,G4CMPDriftElectron,1,0.031935,68.7299,315131,0.81576,0.00147548,0,307765,0.0304595,29.2595
0,2,G4CMPDriftElectron,1,0.0297659,21.8255,304241,0.873041,0.00133187,0,297356,0.028434,69.9258
0,2,G4CMPDriftElectron,1,0.0168458,52.284,228878,0.626167,0.00126165,0,220140,0.0155842,44.9675
0,2,G4CMPDriftElectron,1,0.00936961,33.9324,170694,0.244039,0.00112274,0,160141,0.00824686,30.6801
0,2,G4CMPDriftElectron,1,0.0140302,39.5627,208877,0.543912,0.00121454,0,199632,0.0128157,45.2431
0,2,G4CMPDriftElectron,1,0.0133229,44.4345,203544,0.613447,0.00112831,0,194734,0.0121946,40.2083
0,2,G4CMPDriftElectron,1,0.0148212,44.945,214684,0.379837,0.00135926,0,204603,0.0134619,34.6933
0,2,G4CMPDriftElectron,1,0.00992061,25.9042,175642,1.11515,0.000503523,0,171126,0.00941709,37.984
0,2,G4CMPDriftElectron,1,0.00615957,30.8305,138399,0.16325,0.000918939,0,127658,0.00524063,23.8305
0,2,G4CMPDriftElectron,1,0.00617694,25.7216,138594,0.923742,0.000547403,0,132310,0.00562953,27.5925
0,2,G4CMPDriftElectron,1,0.00690971,31.9934,146584,0.900169,0.000600314,0,140072,0.00630939,25.5306
0,2,G4CMPDriftElectron,1,0.0139809,43.3555,208510,0.51242,0.00123553,0,199083,0.0127454,12.0026
0,2,G4CMPDriftElectron,1,0.014128,26.566,209604,1.18628,0.000512878,0,205764,0.0136152,16.691
0,2,G4CMPDriftElectron,1,0.0125797,18.101,197785,0.331118,0.00127277,0,187513,0.011307,36.0788
0,2,G4CMPDriftElectron,1,0.00992242,22.9091,175658,0.857703,0.000767211,0,168730,0.00915521,39.5971
0,2,G4CMPDriftElectron,1,0.024148,65.3289,274030,1.04172,0.000931239,0,268695,0.0232168,48.7922
0,2,G4CMPDriftElectron,1,0.0252007,51.6213,279939,0.908582,0.00116822,0,273374,0.0240324,57.3172
0,2,G4CMPDriftElectron,1,0.0221659,53.9925,262543,0.412115,0.00164789,0,252596,0.0205181,54.6645
0,2,G4CMPDriftElectron,1,0.0226938,58.3477,265651,1.3103,0.000441359,0,263055,0.0222525,62.6602
0,2,G4CMPDriftElectron,1,0.0229042,63.5855,266880,0.160468,0.00180832,0,256128,0.0210959,59.1152
0,2,G4CMPDriftElectron,1,0.00900889,38.9761,167376,1.27651,0.000302084,0,164546,0.0087068,39.2691
0,2,G4CMPDriftElectron,1,0.0105829,42.7553,181409,0.580812,0.00102479,0,172402,0.00955806,14.592
0,2,G4CMPDriftElectron,1,0.0113892,28.437,188193,0.839795,0.000842414,0,181099,0.0105467,31.6224
0,2,G4CMPDriftElectron,1,0.00356723,6.26114,105323,0.576833,0.000580565,0,96372.2,0.00298667,21.5943
0,2,G4CMPDriftElectron,1,0.00612722,31.4291,138035,0.415423,0.000846998,0,128140,0.00528023,26.7984
0,2,G4CMPDriftElectron,1,0.00639121,31.5712,140977,0.825606,0.000631851,0,133827,0.00575936,9.96766
0,2,G4CMPDriftElectron,1,0.0052896,9.96858,128254,0.789445,0.000594863,0,120827,0.00469474,28.8221
0,2,G4CMPDriftElectron,1,0.00279162,22.1502,93172.2,1.11385,0.000249935,0,88903.5,0.00254169,13.8605
0,2,G4CMPDriftElectron,1,0.00579109,25.3578,134196,0.491619,0.000790983,0,124695,0.0050001,19.1534
0,2,G4CMPDriftElectron,1,0.0138287,46.3162,207371,0.417713,0.00129029,0,197460,0.0125384,45.5386
0,2,G4CMPDriftElectron,1,0.0107819,42.2454,183107,0.534131,0.00106643,0,173816,0.00971542,14.0343
0,2,G4CMPDriftElectron,1,0.0107949,18.0501,183217,1.14038,0.000497625,0,178945,0.0102973,28.4656
0,2,G4CMPDriftElectron,1,0.0238414,52.7387,272285,0.542102,0.00159661,0,263010,0.0222448,60.8897
0,2,G4CMPDriftElectron,1,0.0209063,58.8257,254975,0.469419,0.0015556,0,245305,0.0193507,45.0319
0,2,G4CMPDriftElectron,1,0.025742,55.6812,282930,1.1987,0.000682785,0,279153,0.0250593,66.4048
0,2,G4CMPDriftElectron,1,0.0268082,68.7717,288730,1.0328,0.000998774,0,283300,0.0258094,66.0139
0,2,G4CMPDriftElectron,1,0.0301462,71.4169,306178,0.24536,0.00204351,0,295619,0.0281027,68.4633
0,2,G4CMPDriftElectron,1,0.0197347,55.9439,247727,1.0244,0.000864006,0,242243,0.0188707,43.6705
0,2,G4CMPDriftElectron,1,0.0202659,45.0036,251039,0.870854,0.00109524,0,244161,0.0191706,50.5237
0,2,G4CMPDriftElectron,1,0.0243161,59.7843,274982,0.478401,0.00167276,0,265356,0.0226433,48.7937
0,2,G4CMPDriftElectron,1,0.0238253,50.2469,272193,0.932049,0.00109921,0,265840,0.0227261,44.6008
0,2,G4CMPDriftElectron,1,0.0279352,52.6544,294736,0.104899,0.00201624,0,283901,0.025919,53.3764
0,2,G4CMPDriftElectron,1,0.017503,39.3263,233299,0.402585,0.00146626,0,223314,0.0160367,53.0115
0,2,G4CMPDriftElectron,1,0.0241124,64.8599,273828,0.978496,0.00103327,0,267897,0.0230792,40.7303
0,2,G4CMPDriftElectron,1,0.0254176,44.7722,281142,0.647739,0.00153318,0,272531,0.0238844,59.6347
0,2,G4CMPDriftElectron,1,0.0147384,31.8963,214084,0.227387,0.00142368,0,203481,0.0133147,24.5749
0,2,G4CMPDriftElectron,1,0.0115674,20.664,189660,0.932172,0.0007542,0,183373,0.0108132,33.3792
0,2,G4CMPDriftElectron,1,0.0176461,50.1309,234252,1.13336,0.000657331,0,229847,0.0169888,45.6915
0,2,G4CMPDriftElectron,1,0.0187579,49.3868,241518,0.670219,0.00128842,0,233076,0.0174695,50.8153
0,2,G4CMPDriftElectron,1,0.0169161,50.1343,229355,0.474256,0.00139192,0,219716,0.0155242,25.2031
0,2,G4CMPDriftElectron,1,0.016041,26.5412,223344,1.19093,0.000542253,0,219536,0.0154988,18.1481
0,2,G4CMPDriftElectron,1,0.0194173,22.5144,245727,1.1652,0.000641364,0,241634,0.0187759,48.7682
0,2,G4CMPDriftElectron,1,0.0289039,63.0223,299803,0.836855,0.00136926,0,292616,0.0275347,29.7759
0,2,G4CMPDriftElectron,1,0.026704,22.0162,288168,0.628391,0.00159573,0,279426,0.0251083,61.3346
0,2,G4CMPDriftElectron,1,0.0272482,64.8538,291090,0.441993,0.00180597,0,281278,0.0254422,26.2348
0,2,G4CMPDriftElectron,1,0.0260219,26.5142,284464,0.61664,0.00158839,0,275646,0.0244335,58.5105
0,2,G4CMPDriftElectron,1,0.0251453,59.6752,279632,0.292436,0.00183851,0,269215,0.0233068,34.3977
0,2,G4CMPDriftElectron,1,0.0225995,31.489,265098,0.941666,0.00105516,0,258836,0.0215443,43.5031
0,2,G4CMPDriftElectron,1,0.0245208,48.3959,276137,0.244916,0.00183948,0,265578,0.0226813,49.4867
0,2,G4CMPDriftElectron,1,0.0216033,48.0006,259190,1.0929,0.000797307,0,254362,0.020806,60.4297
0,2,G4CMPDriftElectron,1,0.0223094,62.6641,263392,0.309512,0.00172018,0,253034,0.0205893,50.6597
0,2,G4CMPDriftElectron,1,0.0206698,50.5391,253528,0.282652,0.00166826,0,243082,0.0190016,25.723
0,2,G4CMPDriftElectron,1,0.0186006,25.443,240503,1.08912,0.000742729,0,235653,0.0178579,48.9923
0,2,G4CMPDriftElectron,1,0.0159784,45.8001,222907,0.795375,0.00105547,0,215419,0.0149229,48.8716
0,2,G4CMPDriftElectron,1,0.0173036,53.3394,231967,0.721101,0.00118294,0,223898,0.0161207,41.0376
0,2,G4CMPDriftElectron,1,0.0176193,45.0985,234073,0.881354,0.00100541,0,227297,0.0166138,42.7569
0,2,G4CMPDriftElectron,1,0.0169136,43.2462,229338,0.85056,0.001022,0,222301,0.0158916,28.7445
0,2,G4CMPDriftElectron,1,0.0159164,28.5976,222475,0.805141,0.00104242,0,215066,0.014874,45.7079
0,2,G4CMPDriftElectron,1,0.0145096,44.8643,212415,0.503534,0.00126582,0,202938,0.0132438,42.6469
0,2,G4CMPDriftElectron,1,0.0175728,49.6631,233764,0.630106,0.00128561,0,225051,0.0162872,38.4201
0,2,G4CMPDriftElectron,1,0.0161361,37.8991,224005,1.01824,0.000785857,0,218482,0.0153502,51.8079
0,2,G4CMPDriftElectron,1,0.00216031,15.6689,81962.7,0.200217,0.000524803,0,71315.6,0.00163551,15.5348
0,2,G4CMPDriftElectron,1,0.00807824,37.712,158495,1.23145,0.000331585,0,155208,0.00774665,36.7866
0,2,G4CMPDriftElectron,1,0.021029,61.0265,255721,1.00765,0.000918644,0,250073,0.0201103,48.6892
0,2,G4CMPDriftElectron,1,0.0208465,49.8376,254609,0.227521,0.00170035,0,244005,0.0191461,57.4438
0,2,G4CMPDriftElectron,1,0.00864283,39.1246,163940,0.533944,0.000950915,0,154659,0.00769192,20.9476
0,2,G4CMPDriftElectron,1,0.00520702,12.3884,127248,0.644663,0.000674686,0,118719,0.00453233,27.8821
0,2,G4CMPDriftElectron,1,0.00116195,9.56654,60110.8,0.353128,0.000357124,0,50027.7,0.00080483,11.8817
0,2,G4CMPDriftElectron,1,0.0114898,44.5141,189023,0.420783,0.00117109,0,179131,0.0103187,35.5515
0,2,G4CMPDriftElectron,1,0.00968121,34.1293,173509,0.308752,0.00112042,0,163160,0.00856079,37.5374
0,2,G4CMPDriftElectron,1,0.0134512,46.8947,204521,0.587823,0.00115467,0,195546,0.0122965,14.6646
0,2,G4CMPDriftElectron,1,0.0120226,24.1844,193356,0.639801,0.00104898,0,184728,0.0109736,33.0291
0,2,G4CMPDriftElectron,1,0.0139418,39.3976,208218,0.373598,0.00132052,0,198111,0.0126213,47.1444
0,2,G4CMPDriftElectron,1,0.0113233,44.6693,187648,0.995807,0.000677053,0,181951,0.0106462,21.9612
0,2,G4CMPDriftElectron,1,0.0152118,43.1048,217494,0.629682,0.00119385,0,208785,0.0140179,31.3613
0,2,G4CMPDriftElectron,1,0.0146241,32.0457,213252,1.30575,0.000353349,0,210660,0.0142708,35.6753
0,2,G4CMPDriftElectron,1,0.014218,35.4796,210270,0.92311,0.000850996,0,203881,0.013367,37.2773
0,2,G4CMPDriftElectron,1,0.0170701,44.4184,230397,0.283093,0.00151236,0,219954,0.0155578,20.8164
0,2,G4CMPDriftElectron,1,0.012565,19.7512,197669,0.885667,0.000838484,0,190960,0.0117265,40.5088
0,2,G4CMPDriftElectron,1,0.0109767,39.0138,184754,1.13909,0.000503634,0,180466,0.0104731,42.7032
0,2,G4CMPDriftElectron,1,0.0125646,46.4477,197666,0.282757,0.00129222,0,187226,0.0112724,42.57
0,2,G4CMPDriftElectron,1,0.0086151,36.9941,163677,0.314335,0.0010528,0,153350,0.0075623,28.9455
0,2,G4CMPDriftElectron,1,0.00783312,29.5478,156072,0.734154,0.000773916,0,148162,0.00705921,34.8963
0,2,G4CMPDriftElectron,1,0.0139409,49.0136,208211,0.14048,0.00140677,0,197427,0.0125342,46.8651
0,2,G4CMPDriftElectron,1,0.00769567,36.773,154697,0.73436,0.000766609,0,146790,0.00692906,14.461
0,2,G4CMPDriftElectron,1,0.0211834,47.402,256659,1.37733,0.000307665,0,254788,0.0208757,53.457
0,2,G4CMPDriftElectron,1,0.0316904,67.9244,313922,0.614663,0.00175935,0,305084,0.0299311,59.5224
0,2,G4CMPDriftElectron,1,0.0290811,57.6811,300721,0.825168,0.00139176,0,293437,0.0276894,54.0653
0,2,G4CMPDriftElectron,1,0.0335419,62.0134,322962,0.706461,0.00168366,0,314752,0.0318582,41.6661
0,2,G4CMPDriftElectron,1,0.0328592,44.4935,319659,0.175396,0.00216789,0,308934,0.0306913,55.5012
0,2,G4CMPDriftElectron,1,0.029991,54.1829,305389,1.04658,0.00103317,0,300083,0.0289578,62.1006
0,2,G4CMPDriftElectron,1,0.0285169,61.19,297790,0.241376,0.00198848,0,287220,0.0265285,54.8877
0,2,G4CMPDriftElectron,1,0.023705,52.6159,271505,0.357395,0.00174452,0,261324,0.0219605,60.1213
0,2,G4CMPDriftElectron,1,0.0248907,64.0294,278212,0.391777,0.00176403,0,268172,0.0231266,60.2331
0,2,G4CMPDriftElectron,1,0.023717,61.4429,271574,1.07785,0.000862554,0,266590,0.0228544,48.4313
0,2,G4CMPDriftElectron,1,0.0289039,59.7264,299803,0.303096,0.00196732,0,289420,0.0269366,30.6046
0,2,G4CMPDriftElectron,1,0.026547,28.7068,287320,0.311575,0.00187865,0,276967,0.0246683,50.6589
0,2,G4CMPDriftElectron,1,0.0253899,52.2739,280988,0.147687,0.00190979,0,270214,0.0234801,57.495
0,2,G4CMPDriftElectron,1,0.0218336,54.5734,260568,0.929119,0.00105492,0,254195,0.0207786,46.1921
0,2,G4CMPDriftElectron,1,0.0108331,27.1659,183542,0.227802,0.001215,0,172943,0.00961814,34.3343
0,2,G4CMPDriftElectron,1,0.00975436,33.4167,174164,0.873171,0.000745985,0,167371,0.00900838,31.3787
0,2,G4CMPDriftElectron,1,0.0119537,41.0386,192801,0.671377,0.00101985,0,184393,0.0109339,29.1867
0,2,G4CMPDriftElectron,1,0.00825973,21.8685,160266,0.601151,0.000888169,0,151404,0.00737156,35.567
0,2,G4CMPDriftElectron,1,0.0165506,54.1274,226863,0.367813,0.00144552,0,216730,0.015105,40.2084
0,2,G4CMPDriftElectron,1,0.0139496,37.9245,208276,1.44354,0.000147075,0,207175,0.0138025,43.1717
0,2,G4CMPDriftElectron,1,0.00950827,34.3268,171953,0.750618,0.000843134,0,164152,0.00866514,36.2125
0,2,G4CMPDriftElectron,1,0.00799772,34.9448,157703,0.505663,0.000928811,0,148264,0.00706891,28.9255
0,2,G4CMPDriftElectron,1,0.0338864,76.7255,324617,0.542551,0.00191029,0,315334,0.0319761,48.7667
0,2,G4CMPDriftElectron,1,0.0333567,48.1726,322069,1.09602,0.000993742,0,317236,0.0323629,34.1551
0,2,G4CMPDriftElectron,1,0.03407,37.1744,325495,1.17219,0.000847289,0,321422,0.0332227,49.0432
0,2,G4CMPDriftElectron,1,0.0349271,51.3531,329564,0.162552,0.00224124,0,318815,0.0326859,38.2161
0,2,G4CMPDriftElectron,1,0.0310819,37.5437,310894,0.789099,0.0014969,0,303315,0.029585,71.7749
0,2,G4CMPDriftElectron,1,0.0316021,74.2723,313485,0.4777,0.00191303,0,303848,0.0296891,66.1881
0,2,G4CMPDriftElectron,1,0.0295297,65.9074,303031,1.05082,0.0010171,0,297767,0.0285126,56.5447
0,2,G4CMPDriftElectron,1,0.0249039,49.61,278286,0.684945,0.00147237,0,269935,0.0234315,38.65
0,2,G4CMPDriftElectron,1,0.022861,37.589,266628,0.923308,0.00108902,0,260200,0.021772,61.9461
0,2,G4CMPDriftElectron,1,0.0233905,64.328,269698,0.216564,0.00180794,0,259065,0.0215825,60.3375
0,2,G4CMPDriftElectron,1,0.0194779,56.95,246110,0.355989,0.00157862,0,235926,0.0178993,52.4581
0,2,G4CMPDriftElectron,1,0.0203717,56.7198,251693,0.857704,0.00111584,0,244703,0.0192558,31.4706
0,2,G4CMPDriftElectron,1,0.0258619,44.1943,283588,0.874919,0.00123601,0,276728,0.0246259,51.6142
0,2,G4CMPDriftElectron,1,0.0245641,51.4763,276381,0.365391,0.00177106,0,266231,0.022793,32.9377
0,2,G4CMPDriftElectron,1,0.0212975,30.5055,257349,1.04053,0.000874064,0,252012,0.0204234,58.4979
0,2,G4CMPDriftElectron,1,0.0248955,65.2958,278239,0.19712,0.0018742,0,267561,0.0230213,63.5393
0,2,G4CMPDriftElectron,1,0.0216813,61.4353,259657,0.894381,0.00110108,0,252978,0.0205802,26.1628
0,2,G4CMPDriftElectron,1,0.0212024,33.7685,256774,0.956548,0.00099906,0,250651,0.0202033,58.3513
0,2,G4CMPDriftElectron,1,0.0226336,62.0596,265299,0.499682,0.00159392,0,255787,0.0210397,61.0232
0,2,G4CMPDriftElectron,1,0.0169824,54.8417,229804,0.885831,0.000980797,0,223069,0.0160016,53.015
0,2,G4CMPDriftElectron,1,0.0157439,52.1427,221266,0.746546,0.00110018,0,213395,0.0146437,34.6059
0,2,G4CMPDriftElectron,1,0.0119581,31.9499,192836,0.344476,0.00123398,0,182616,0.0107241,14.4611
0,2,G4CMPDriftElectron,1,0.0144649,26.1249,212088,0.936781,0.000842391,0,205819,0.0136225,48.5877
0,2,G4CMPDriftElectron,1,0.0182535,56.5487,238249,0.818854,0.00110243,0,230943,0.0171511,29.2503
0,2,G4CMPDriftElectron,1,0.017995,34.5505,236556,0.587965,0.00134138,0,227569,0.0166536,31.4404
0,2,G4CMPDriftElectron,1,0.0195354,37.1311,246473,0.719916,0.00126066,0,238388,0.0182748,50.79
0,2,G4CMPDriftElectron,1,0.0179829,50.2326,236476,1.2394,0.000501088,0,233158,0.0174818,55.2066
0,2,G4CMPDriftElectron,1,0.0163858,53.3661,225732,0.954797,0.000875926,0,219615,0.0155099,47.17
0,2,G4CMPDriftElectron,1,0.023876,59.5192,272483,0.606209,0.00153132,0,263600,0.0223447,62.8481
0,2,G4CMPDriftElectron,1,0.0242233,65.3972,274457,0.590385,0.00155984,0,265474,0.0226635,61.1671
0,2,G4CMPDriftElectron,1,0.00956585,28.0719,172472,0.830991,0.000776745,0,165322,0.0087891,36.8546
0,2,G4CMPDriftElectron,1,0.0155184,48.8149,219676,0.291255,0.00143665,0,209260,0.0140818,32.0471
0,2,G4CMPDriftElectron,1,0.0130311,33.5263,201302,1.14103,0.000549671,0,197011,0.0124814,13.9224
0,2,G4CMPDriftElectron,1,0.0131687,21.6584,202362,0.855641,0.000891863,0,195389,0.0122768,41.7943
0,2,G4CMPDriftElectron,1,0.0118216,40.8999,191733,0.653615,0.00102867,0,183201,0.0107929,40.0182
0,2,G4CMPDriftElectron,1,0.0140238,47.977,208829,0.649653,0.00112732,0,200260,0.0128965,46.9818
0,2,G4CMPDriftElectron,1,0.011768,44.7278,191297,0.510656,0.00113154,0,181868,0.0106364,33.7104
0,2,G4CMPDriftElectron,1,0.0243695,61.7636,275284,0.491917,0.00166248,0,265728,0.022707,36.1099
0,2,G4CMPDriftElectron,1,0.021181,27.6505,256644,0.694079,0.00134444,0,248365,0.0198366,50.599
0,2,G4CMPDriftElectron,1,0.0195304,50.2238,246441,1.19325,0.000598562,0,242635,0.0189318,56.7073
0,2,G4CMPDriftElectron,1,0.0206439,59.4872,253369,0.745868,0.00126616,0,245476,0.0193777,49.5943
0,2,G4CMPDriftElectron,1,0.0148723,38.9149,215054,0.483109,0.0012966,0,205466,0.0135757,13.362
0,2,G4CMPDriftElectron,1,0.0130197,17.6157,201214,0.441465,0.00123689,0,191418,0.0117828,40.4479
0,2,G4CMPDriftElectron,1,0.0139348,43.0781,208166,0.588974,0.001175,0,199196,0.0127598,22.8386
0,2,G4CMPDriftElectron,1,0.0128892,23.5581,200203,1.17666,0.000500653,0,196277,0.0123886,40.6915
0,2,G4CMPDriftElectron,1,0.0124067,40.7372,196421,0.700838,0.00101402,0,188223,0.0113927,42.115
0,2,G4CMPDriftElectron,1,0.0114092,42.1552,188359,0.0641582,0.00127928,0,177485,0.0101299,39.4132
0,2,G4CMPDriftElectron,1,0.00944463,37.6085,171376,0.997197,0.00061363,0,165715,0.008831,34.5806
0,2,G4CMPDriftElectron,1,0.00276318,16.6031,92696.3,0.260142,0.000589649,0,82213,0.00217353,11.3252
0,2,G4CMPDriftElectron,1,0.00206716,8.93772,80176.1,0.475617,0.000461386,0,70664.3,0.00160577,15.4456
0,2,G4CMPDriftElectron,1,0.018486,57.219,239762,0.427339,0.00149116,0,229888,0.0169949,50.8902
0,2,G4CMPDriftElectron,1,0.0122129,39.494,194880,0.65272,0.00104693,0,186340,0.011166,38.5545
0,2,G4CMPDriftElectron,1,0.0113723,38.9799,188054,0.0738695,0.00127627,0,177187,0.010096,36.2372
0,2,G4CMPDriftElectron,1,0.0105845,41.9877,181423,0.475283,0.00109245,0,171805,0.009492,35.0318
0,2,G4CMPDriftElectron,1,0.00364359,21.9101,106444,0.873021,0.000441164,0,99792.5,0.00320243,21.5285
0,2,G4CMPDriftElectron,1,0.0194357,58.6675,245843,0.45575,0.00150903,0,236106,0.0179267,35.1565
0,2,G4CMPDriftElectron,1,0.0156887,26.6184,220877,0.715623,0.00113014,0,212773,0.0145585,48.9714
0,2,G4CMPDriftElectron,1,0.0272336,67.4599,291012,0.575973,0.00167241,0,281935,0.0255612,20.1312
0,2,G4CMPDriftElectron,1,0.0243149,17.1119,274976,0.390077,0.00174431,0,264929,0.0225706,43.6935
0,2,G4CMPDriftElectron,1,0.0215164,40.9128,258668,0.77492,0.00125714,0,250998,0.0202593,57.0691
0,2,G4CMPDriftElectron,1,0.0388076,79.8587,347389,0.0430767,0.00239437,0,336502,0.0364132,75.2558
0,2,G4CMPDriftElectron,1,0.0330845,71.4819,320753,1.1258,0.000929533,0,316215,0.032155,72.1012
0,2,G4CMPDriftElectron,1,0.031083,70.7029,310899,0.507699,0.00186602,0,301423,0.029217,59.0533
0,2,G4CMPDriftElectron,1,0.0299214,60.5277,305035,0.692537,0.00160724,0,296729,0.0283141,69.1144
0,2,G4CMPDriftElectron,1,0.0194738,56.009,246084,0.811073,0.0011497,0,238709,0.0183241,56.8057
0,2,G4CMPDriftElectron,1,0.0182345,56.6688,238125,0.438476,0.00147292,0,228305,0.0167615,41.3549
0,2,G4CMPDriftElectron,1,0.0175646,43.3457,233710,0.344414,0.00150366,0,223482,0.0160609,36.1397
0,2,G4CMPDriftElectron,1,0.0126221,19.8297,198118,0.592663,0.00111358,0,189176,0.0115085,44.5542
0,2,G4CMPDriftElectron,1,0.023541,64.4346,270564,0.44592,0.00167273,0,260774,0.0218682,62.1989
0,2,G4CMPDriftElectron,1,0.019441,58.5924,245876,0.22546,0.00164152,0,235267,0.0177994,50.5801
0,2,G4CMPDriftElectron,1,0.018582,52.3447,240384,0.467679,0.00146572,0,230708,0.0171163,50.4666
0,2,G4CMPDriftElectron,1,0.0219373,59.8212,261186,0.526058,0.00154493,0,251821,0.0203924,47.0448
0,2,G4CMPDriftElectron,1,0.0202975,46.959,251235,0.774421,0.00122053,0,243564,0.019077,45.6164
0,2,G4CMPDriftElectron,1,0.0231325,53.9444,268207,0.607756,0.00150503,0,259335,0.0216275,54.199
0,2,G4CMPDriftElectron,1,0.0214974,53.9459,258554,0.556073,0.00150096,0,249364,0.0199965,55.3959
0,2,G4CMPDriftElectron,1,0.0199821,55.3498,249275,0.592819,0.00141084,0,240314,0.0185713,40.2483
0,2,G4CMPDriftElectron,1,0.0228229,46.5723,266406,1.03406,0.00091658,0,261001,0.0219063,51.3912
0,2,G4CMPDriftElectron,1,0.0245581,55.3458,276347,0.12882,0.00188266,0,265544,0.0226754,58.8453
0,2,G4CMPDriftElectron,1,0.0207337,56.0625,253920,0.456228,0.00155949,0,244184,0.0191742,57.2961
0,2,G4CMPDriftElectron,1,0.0233315,63.8003,269358,0.744279,0.00135051,0,261446,0.021981,53.2462
0,2,G4CMPDriftElectron,1,0.015704,39.1796,220985,0.411884,0.00138114,0,211044,0.0143229,49.554
0,2,G4CMPDriftElectron,1,0.0153872,51.4723,218745,0.496198,0.00131007,0,209225,0.0140771,37.4575
0,2,G4CMPDriftElectron,1,0.0107307,29.961,182672,0.350177,0.00116444,0,172476,0.00956623,18.3071
0,2,G4CMPDriftElectron,1,0.0100565,19.891,176840,0.558294,0.00101307,0,167697,0.00904343,27.1717
0,2,G4CMPDriftElectron,1,0.0293851,68.5307,302289,0.912726,0.0012576,0,295749,0.0281275,61.527
0,2,G4CMPDriftElectron,1,0.0286962,62.6154,298724,0.755911,0.00148531,0,290891,0.0272109,38.527
0,2,G4CMPDriftElectron,1,0.0257959,42.3046,283226,0.357558,0.00182137,0,273044,0.0239745,43.4262
0,2,G4CMPDriftElectron,1,0.0208481,34.3593,254619,1.28583,0.000463505,0,251773,0.0203846,24.1535
0,2,G4CMPDriftElectron,1,0.0205601,24.0749,252854,0.544858,0.00147743,0,243600,0.0190827,57.5751
0,2,G4CMPDriftElectron,1,0.0177614,55.6333,235015,0.881425,0.00100952,0,228239,0.0167519,54.3775
0,2,G4CMPDriftElectron,1,0.0240085,65.1957,273238,0.272967,0.001806,0,262760,0.0222025,61.0962
0,2,G4CMPDriftElectron,1,0.0195248,56.9168,246406,0.181906,0.00166035,0,235697,0.0178645,55.7531
0,2,G4CMPDriftElectron,1,0.0187724,57.2069,241612,0.781271,0.00116418,0,234000,0.0176082,50.2644
0,2,G4CMPDriftElectron,1,0.0181784,51.6734,237759,0.596814,0.00134016,0,228827,0.0168383,41.8746
0,2,G4CMPDriftElectron,1,0.019669,46.852,247315,0.551354,0.00143835,0,238100,0.0182307,18.7539
0,2,G4CMPDriftElectron,1,0.018987,25.6235,242989,0.512379,0.00144619,0,233552,0.0175408,37.1455
0,2,G4CMPDriftElectron,1,0.0176028,37.2536,233964,0.911506,0.000966298,0,227451,0.0166365,31.7681
0,2,G4CMPDriftElectron,1,0.0158165,26.2698,221775,0.618479,0.00122828,0,212990,0.0145882,50.2431
0,2,G4CMPDriftElectron,1,0.015721,51.9584,221105,0.287878,0.00144774,0,210678,0.0142733,44.5324
0,2,G4CMPDriftElectron,1,0.0161624,49.0104,224187,0.841085,0.00100933,0,217074,0.015153,51.1897
0,2,G4CMPDriftElectron,1,0.0211164,60.8248,256253,0.959984,0.000991904,0,250162,0.0201245,49.4932
0,2,G4CMPDriftElectron,1,0.0290607,65.0963,300615,0.324637,0.00195874,0,290308,0.027102,58.9905
0,2,G4CMPDriftElectron,1,0.0129051,14.154,200326,1.06509,0.000641982,0,195280,0.0122631,36.4237
0,2,G4CMPDriftElectron,1,0.0101108,19.9986,177317,0.392831,0.00110994,0,167301,0.00900082,31.0453
0,2,G4CMPDriftElectron,1,0.00896915,31.0178,167007,1.03629,0.000558103,0,161727,0.00841105,36.916
0,2,G4CMPDriftElectron,1,0.0436835,84.9774,368567,0.958225,0.00144711,0,362411,0.0422364,63.9966
0,2,G4CMPDriftElectron,1,0.0422145,63.7838,362317,1.13896,0.00102466,0,357893,0.0411898,20.6623
0,2,G4CMPDriftElectron,1,0.0427788,23.6001,364731,0.605501,0.0020637,0,355825,0.0407151,76.0257
0,2,G4CMPDriftElectron,1,0.0417037,77.2765,360119,0.278961,0.00238827,0,349655,0.0393154,63.8489
0,2,G4CMPDriftElectron,1,0.0361955,58.5795,335495,0.973588,0.00128412,0,329490,0.0349114,74.219
0,2,G4CMPDriftElectron,1,0.0335989,72.7206,323237,0.675143,0.00173033,0,314803,0.0318686,25.2567
0,2,G4CMPDriftElectron,1,0.0318541,23.8623,314732,0.915579,0.00130595,0,308213,0.0305481,73.3367
0,2,G4CMPDriftElectron,1,0.0260467,67.5903,284600,0.544846,0.00166772,0,275338,0.024379,39.9013
0,2,G4CMPDriftElectron,1,0.0336301,59.7489,323387,0.264907,0.00214933,0,312882,0.0314808,61.5546
0,2,G4CMPDriftElectron,1,0.0292472,57.7585,301579,0.451235,0.00186398,0,291810,0.0273833,61.7892
0,2,G4CMPDriftElectron,1,0.027256,61.8252,291131,0.161535,0.00197576,0,280381,0.0252802,58.0454
0,2,G4CMPDriftElectron,1,0.0244103,56.228,275515,0.72608,0.00140582,0,267464,0.0230045,63.4167
0,2,G4CMPDriftElectron,1,0.0284068,70.6693,297214,0.725487,0.00152037,0,289151,0.0268864,67.2068
0,2,G4CMPDriftElectron,1,0.0275626,68.2967,292764,0.910414,0.00122052,0,286209,0.026342,42.8754
0,2,G4CMPDriftElectron,1,0.0216753,34.2777,259622,1.13357,0.000732313,0,255198,0.020943,36.0142
0,2,G4CMPDriftElectron,1,0.0186916,33.2659,241091,1.11357,0.000707784,0,236483,0.0179838,42.4204
0,2,G4CMPDriftElectron,1,0.0193165,45.5272,245088,0.733116,0.00123829,0,237102,0.0180782,38.3268
0,2,G4CMPDriftElectron,1,0.0193239,40.6057,245135,0.6978,0.00127834,0,236888,0.0180455,56.2339
0,2,G4CMPDriftElectron,1,0.0227003,62.8928,265689,0.42062,0.00166169,0,255780,0.0210386,45.391
0,2,G4CMPDriftElectron,1,0.0215618,48.0447,258941,0.651461,0.00140501,0,250362,0.0201568,56.419
0,2,G4CMPDriftElectron,1,0.0416015,82.4346,359677,0.525361,0.00214279,0,350291,0.0394587,82.1357
0,2,G4CMPDriftElectron,1,0.0385087,81.2458,346049,0.837466,0.00158526,0,338851,0.0369235,71.3309
0,2,G4CMPDriftElectron,1,0.0355324,69.7204,332407,0.442187,0.00206754,0,322591,0.0334649,32.4365
0,2,G4CMPDriftElectron,1,0.0337369,32.899,323900,0.893161,0.00138511,0,317181,0.0323517,75.6637
0,2,G4CMPDriftElectron,1,0.0321604,75.4557,316242,0.433275,0.0019735,0,306385,0.0301869,66.8965
0,2,G4CMPDriftElectron,1,0.026445,62.2552,286768,0.814587,0.00134096,0,279402,0.0251041,65.9331
0,2,G4CMPDriftElectron,1,0.020112,59.0666,250084,0.913686,0.00103248,0,243580,0.0190795,15.6744
0,2,G4CMPDriftElectron,1,0.0181451,15.7448,237541,0.754704,0.00117465,0,229723,0.0169705,54.7618
0,2,G4CMPDriftElectron,1,0.0280114,70.4205,295138,0.827203,0.00136212,0,287873,0.0266493,17.5342
0,2,G4CMPDriftElectron,1,0.0281325,19.9008,295776,0.534699,0.00174552,0,286453,0.026387,57.8505
0,2,G4CMPDriftElectron,1,0.0272553,59.3116,291128,0.847956,0.00131163,0,284036,0.0259437,41.8932
0,2,G4CMPDriftElectron,1,0.0230612,36.9213,267793,0.70618,0.00138987,0,259598,0.0216714,48.4788
0,2,G4CMPDriftElectron,1,0.0214174,47.9277,258072,0.555472,0.00149867,0,248879,0.0199187,22.0863
0,2,G4CMPDriftElectron,1,0.0199152,22.0798,248857,0.933403,0.000999799,0,242530,0.0189154,51.1106
0,2,G4CMPDriftElectron,1,0.0119379,40.236,192673,0.45514,0.00117477,0,182948,0.0107631,16.7775
0,2,G4CMPDriftElectron,1,0.0106977,11.635,182391,0.39822,0.00114014,0,172398,0.00955755,30.5425
0,2,G4CMPDriftElectron,1,0.0149503,44.8545,215617,0.506454,0.00128335,0,206155,0.013667,49.1961
0,2,G4CMPDriftElectron,1,0.0130922,48.1434,201774,0.0866775,0.00137072,0,190919,0.0117215,45.3814
0,2,G4CMPDriftElectron,1,0.0120522,46.0041,193594,0.73247,0.000970684,0,185634,0.0110815,23.6332
0,2,G4CMPDriftElectron,1,0.014407,31.874,211663,0.75765,0.00103952,0,203884,0.0133675,45.5767
0,2,G4CMPDriftElectron,1,0.0131941,45.5068,202557,0.0746919,0.00137756,0,191691,0.0118165,40.8576
0,2,G4CMPDriftElectron,1,0.0118334,40.5153,191828,0.688345,0.00100017,0,183543,0.0108332,43.4179
0,2,G4CMPDriftElectron,1,0.00549472,30.9591,130717,1.23897,0.000260271,0,127583,0.00523445,28.0567
0,2,G4CMPDriftElectron,1,0.00929085,40.5317,169975,0.531628,0.000988726,0,160677,0.00830213,20.5075
0,2,G4CMPDriftElectron,1,0.0078358,17.2969,156099,0.69911,0.000799237,0,147924,0.00703657,34.4177
0,2,G4CMPDriftElectron,1,0.0211338,59.758,256358,0.620723,0.00142342,0,247574,0.0197103,21.7339
0,2,G4CMPDriftElectron,1,0.0195973,21.4533,246863,0.753899,0.0012232,0,239035,0.0183741,54.1503
0,2,G4CMPDriftElectron,1,0.0149786,47.6198,215821,0.335105,0.00139034,0,205561,0.0135883,47.1718
0,2,G4CMPDriftElectron,1,0.0175403,53.644,233548,1.35288,0.000315704,0,231437,0.0172246,44.1944
0,2,G4CMPDriftElectron,1,0.0197555,48.3092,247858,0.187093,0.00166871,0,237159,0.0180868,33.931
0,2,G4CMPDriftElectron,1,0.0156823,33.11,220832,1.20516,0.000515207,0,217174,0.0151671,50.3972
0,2,G4CMPDriftElectron,1,0.0318867,74.8792,314893,0.51763,0.00187973,0,305470,0.0300069,66.4791
0,2,G4CMPDriftElectron,1,0.0314298,67.797,312628,0.36703,0.00200706,0,302482,0.0294227,49.6467
0,2,G4CMPDriftElectron,1,0.0306857,52.6782,308906,0.472565,0.00188962,0,299244,0.0287961,65.8735
0,2,G4CMPDriftElectron,1,0.0368579,74.8948,338551,0.354418,0.0021872,0,328352,0.0346707,78.2137
0,2,G4CMPDriftElectron,1,0.0352011,78.8853,330854,0.631834,0.00183306,0,322124,0.033368,25.1341
0,2,G4CMPDriftElectron,1,0.0336362,25.2471,323416,0.56522,0.00187605,0,314267,0.0317602,69.7652
0,2,G4CMPDriftElectron,1,0.0335313,72.1246,322911,0.719037,0.00166478,0,314793,0.0318665,70.1568
0,2,G4CMPDriftElectron,1,0.0325377,70.8684,318091,0.72829,0.0016257,0,310043,0.030912,36.7376
0,2,G4CMPDriftElectron,1,0.030876,36.448,309862,0.387333,0.00197272,0,299800,0.0289033,68.1905
0,2,G4CMPDriftElectron,1,0.0325168,73.1801,317989,0.260924,0.00211513,0,307473,0.0304016,60.0617
0,2,G4CMPDriftElectron,1,0.024425,48.5044,275597,0.212492,0.00185,0,264955,0.022575,50.3495
0,2,G4CMPDriftElectron,1,0.033952,69.058,324931,1.03596,0.00112261,0,319514,0.0328294,75.5155
0,2,G4CMPDriftElectron,1,0.040836,84.1432,356352,0.403612,0.00225876,0,346357,0.0385772,78.1987
0,2,G4CMPDriftElectron,1,0.0375853,76.0791,341875,0.394559,0.00217387,0,331841,0.0354115,53.3
0,2,G4CMPDriftElectron,1,0.0371259,56.8625,339779,0.482026,0.00207194,0,330162,0.035054,62.0507
0,2,G4CMPDriftElectron,1,0.0362522,63.4102,335757,0.803343,0.00159571,0,328285,0.0346565,60.9752
0,2,G4CMPDriftElectron,1,0.0340245,60.5462,325278,0.942074,0.00130261,0,318990,0.0327219,75.893
0,2,G4CMPDriftElectron,1,0.0347714,78.2135,328828,0.802417,0.00156353,0,321350,0.0332079,41.7804
0,2,G4CMPDriftElectron,1,0.0374441,47.8219,341232,1.1833,0.000865562,0,337265,0.0365785,36.0215
0,2,G4CMPDriftElectron,1,0.036556,35.9219,337161,0.665091,0.00182127,0,328655,0.0347347,69.722
0,2,G4CMPDriftElectron,1,0.0364649,73.8353,336741,0.868515,0.0014864,0,329806,0.0349785,47.6579
0,2,G4CMPDriftElectron,1,0.0373001,50.6586,340575,0.605605,0.00192435,0,331674,0.0353757,64.3282
0,2,G4CMPDriftElectron,1,0.0365951,66.2008,337341,0.472428,0.00206722,0,327675,0.0345278,74.5626
0,2,G4CMPDriftElectron,1,0.03424,74.128,326306,0.885069,0.00141005,0,319516,0.0328299,53.5405
0,2,G4CMPDriftElectron,1,0.0380811,60.5929,344122,0.601454,0.00195047,0,335194,0.0361306,73.1756
0,2,G4CMPDriftElectron,1,0.0307683,65.789,309321,0.47074,0.00189401,0,299649,0.0288743,64.1431
0,2,G4CMPDriftElectron,1,0.0349733,71.555,329782,0.471356,0.00202117,0,320111,0.0329521,27.037
0,2,G4CMPDriftElectron,1,0.0313939,24.2432,312450,1.00728,0.00113158,0,306767,0.0302623,56.5537
0,2,G4CMPDriftElectron,1,0.0302858,56.638,306886,0.267703,0.00203613,0,296391,0.0282496,54.8947
0,2,G4CMPDriftElectron,1,0.0241522,46.0688,274054,0.476302,0.00166884,0,264417,0.0224834,21.5843
0,2,G4CMPDriftElectron,1,0.0224405,21.5481,264165,0.965324,0.0010156,0,258118,0.0214249,56.892
0,2,G4CMPDriftElectron,1,0.0254726,63.2451,281446,0.578045,0.00161395,0,272384,0.0238587,62.9045
0,2,G4CMPDriftElectron,1,0.0219226,60.3889,261098,0.564538,0.00150787,0,251959,0.0204147,17.3743
0,2,G4CMPDriftElectron,1,0.0247727,28.2169,277552,0.608241,0.00155826,0,268681,0.0232144,62.2498
0,2,G4CMPDriftElectron,1,0.0232677,62.4428,268989,0.817439,0.00125154,0,261655,0.0220161,43.6109
0,2,G4CMPDriftElectron,1,0.021928,43.3891,261130,0.741164,0.00131195,0,253198,0.020616,60.1489
0,2,G4CMPDriftElectron,1,0.0209548,60.6612,255270,0.249742,0.00169547,0,244725,0.0192593,54.8662
0,2,G4CMPDriftElectron,1,0.0111032,37.3117,185815,0.527929,0.00108686,0,176487,0.0100163,27.679
0,2,G4CMPDriftElectron,1,0.0150047,42.4929,216009,0.404553,0.00135359,0,206036,0.0136512,49.1592
0,2,G4CMPDriftElectron,1,0.0135314,48.9442,205130,0.521028,0.00120877,0,195754,0.0123227,36.3487
0,2,G4CMPDriftElectron,1,0.0122856,35.8136,195459,1.01361,0.000686241,0,189922,0.0115993,42.7741
0,2,G4CMPDriftElectron,1,0.0183935,56.3816,239161,0.372281,0.00152325,0,229044,0.0168703,42.7776
0,2,G4CMPDriftElectron,1,0.0169717,42.598,229731,0.759068,0.00112995,0,221952,0.0158417,50.4353
0,2,G4CMPDriftElectron,1,0.00493414,17.6362,123869,0.541997,0.00070557,0,114671,0.00422857,27.276
0,2,G4CMPDriftElectron,1,0.00266622,21.4499,91055.5,0.666115,0.00046358,0,82761.8,0.00220264,17.9619
0,2,G4CMPDriftElectron,1,0.0117501,42.2934,191152,0.744827,0.000946813,0,183289,0.0108033,32.1532
0,2,G4CMPDriftElectron,1,0.0136079,41.5086,205709,0.757147,0.0010097,0,197930,0.0125982,28.135
0,2,G4CMPDriftElectron,1,0.00959146,25.4585,172703,0.598407,0.000961934,0,163814,0.00862953,39.0922
0,2,G4CMPDriftElectron,1,0.0151078,49.9725,216750,0.151834,0.00146351,0,205984,0.0136443,42.2092
0,2,G4CMPDriftElectron,1,0.00205562,5.55396,79952,0.659389,0.000404712,0,71650.5,0.00165091,17.0981
0,2,G4CMPDriftElectron,1,0.00260323,21.2064,89973.5,0.837345,0.000383967,0,83073.5,0.00221926,15.5926
0,2,G4CMPDriftElectron,1,0.00189089,14.5727,76681.5,0.911827,0.000290894,0,70537,0.00159999,16.8278
0,2,G4CMPDriftElectron,1,0.0173781,55.1927,232466,0.673079,0.00123579,0,224048,0.0161423,14.8065
0,2,G4CMPDriftElectron,1,0.0154899,14.1899,219474,0.985024,0.000812232,0,213642,0.0146777,47.9422
0,2,G4CMPDriftElectron,1,0.0199196,57.2514,248885,0.458036,0.00152641,0,239159,0.0183932,53.3817
0,2,G4CMPDriftElectron,1,0.0129067,45.7897,200339,0.440879,0.0012317,0,190540,0.011675,20.7868
0,2,G4CMPDriftElectron,1,0.0173478,30.5249,232263,1.07955,0.000729741,0,227325,0.0166181,44.5137
0,2,G4CMPDriftElectron,1,0.0164899,44.0749,226447,0.895025,0.00095457,0,219795,0.0155353,50.0805
0,2,G4CMPDriftElectron,1,0.025765,65.0948,283056,0.762551,0.00139633,0,275279,0.0243687,60.766
0,2,G4CMPDriftElectron,1,0.0270043,63.6899,289784,0.578528,0.00166236,0,280723,0.0253419,50.023
0,2,G4CMPDriftElectron,1,0.0250737,49.3474,279234,1.13321,0.000791153,0,274793,0.0242826,60.0898
0,2,G4CMPDriftElectron,1,0.0184443,49.8921,239491,1.17825,0.00060394,0,235537,0.0178403,55.5783
0,2,G4CMPDriftElectron,1,0.0168886,53.9944,229169,0.351063,0.00147007,0,218968,0.0154186,51.8666
0,2,G4CMPDriftElectron,1,0.020794,60.4783,254289,0.242787,0.00169182,0,243725,0.0191022,51.2443
0,2,G4CMPDriftElectron,1,0.0180174,49.1287,236703,0.352199,0.00151901,0,226506,0.0164984,21.7378
0,2,G4CMPDriftElectron,1,0.0181541,30.9809,237599,1.07828,0.000749247,0,232644,0.0174048,54.3094
0,2,G4CMPDriftElectron,1,0.0188221,56.6472,241931,0.743499,0.00121,0,234026,0.0176121,40.5876
0,2,G4CMPDriftElectron,1,0.0313384,60.2808,312174,1.40829,0.000315806,0,310597,0.0310226,69.2464
0,2,G4CMPDriftElectron,1,0.0362251,75.1478,335632,0.737452,0.00170303,0,327647,0.0345221,41.1975
0,2,G4CMPDriftElectron,1,0.0337198,38.6928,323818,0.125963,0.00221344,0,313009,0.0315064,23.1862
0,2,G4CMPDriftElectron,1,0.0317208,25.3783,314073,1.19481,0.00077011,0,310237,0.0309507,52.4353
0,2,G4CMPDriftElectron,1,0.032228,55.5883,316573,0.273027,0.00209846,0,306093,0.0301295,60.9119
0,2,G4CMPDriftElectron,1,0.0290971,59.1949,300803,1.27238,0.000581657,0,297782,0.0285154,30.822
0,2,G4CMPDriftElectron,1,0.0284043,30.285,297201,0.832379,0.00136395,0,289977,0.0270403,69.1961
0,2,G4CMPDriftElectron,1,0.0255594,67.2796,281925,0.80354,0.00133347,0,274472,0.0242259,15.6039
0,2,G4CMPDriftElectron,1,0.0242791,15.5824,274773,0.42541,0.00171602,0,264885,0.0225631,48.5068
0,2,G4CMPDriftElectron,1,0.0115571,26.085,189576,1.05526,0.000616869,0,184447,0.0109403,32.2497
0,2,G4CMPDriftElectron,1,0.0109422,32.7234,184463,0.774134,0.000886259,0,176835,0.0100559,42.1449
0,2,G4CMPDriftElectron,1,0.0180102,56.3057,236656,0.834943,0.00107516,0,229483,0.016935,23.1197
0,2,G4CMPDriftElectron,1,0.0198336,36.8576,248347,0.601434,0.00139701,0,239441,0.0184366,50.9709
0,2,G4CMPDriftElectron,1,0.0178079,47.062,235323,1.10076,0.000708838,0,230592,0.017099,49.7024
0,2,G4CMPDriftElectron,1,0.0261604,62.9938,285220,0.185829,0.00192648,0,274518,0.024234,65.4941
0,2,G4CMPDriftElectron,1,0.0228698,63.6298,266679,0.723997,0.0013621,0,258616,0.0215077,15.1442
0,2,G4CMPDriftElectron,1,0.024762,23.1142,277492,0.464016,0.00170108,0,267791,0.0230609,46.5157
0,2,G4CMPDriftElectron,1,0.0289402,58.4193,299991,0.754731,0.00149347,0,292148,0.0274467,41.5789
0,2,G4CMPDriftElectron,1,0.0277812,42.1484,293923,0.754395,0.00146296,0,286079,0.0263183,59.2091
0,2,G4CMPDriftElectron,1,0.0189145,45.1346,242525,0.161824,0.00163944,0,231776,0.0172751,30.4868
0,2,G4CMPDriftElectron,1,0.0237355,48.3283,271680,0.180908,0.00183492,0,260967,0.0219006,44.6158
0,2,G4CMPDriftElectron,1,0.0198483,39.0837,248439,0.29962,0.00162552,0,238048,0.0182227,45.4443
0,2,G4CMPDriftElectron,1,0.0185044,46.0629,239881,0.733458,0.00121079,0,231900,0.0172936,32.9799
0,2,G4CMPDriftElectron,1,0.0190924,36.7202,243662,0.604091,0.00136737,0,234775,0.017725,53.7696
0,2,G4CMPDriftElectron,1,0.0182092,54.7651,237960,0.683792,0.00125469,0,229615,0.0169545,53.3669
0,2,G4CMPDriftElectron,1,0.0130544,46.1247,201482,0.422882,0.00124958,0,191597,0.0118049,24.0379
0,2,G4CMPDriftElectron,1,0.0126655,28.2818,198458,0.856429,0.000873092,0,191495,0.0117924,44.5211
0,2,G4CMPDriftElectron,1,0.0127442,46.1214,199074,0.405133,0.00124415,0,189107,0.0115,38.801
0,2,G4CMPDriftElectron,1,0.0125581,41.5706,197615,0.434418,0.00121823,0,187786,0.0113399,44.6392
0,2,G4CMPDriftElectron,1,0.0131026,47.1344,201854,0.746436,0.00100041,0,193995,0.0121022,46.2967
0,2,G4CMPDriftElectron,1,0.014112,49.9502,209484,1.25504,0.000417756,0,206361,0.0136942,40.809
0,2,G4CMPDriftElectron,1,0.0144958,42.2432,212314,0.526621,0.00124828,0,202967,0.0132475,20.6146
0,2,G4CMPDriftElectron,1,0.0154836,31.4546,219429,0.684585,0.00115324,0,211100,0.0143304,43.8478
0,2,G4CMPDriftElectron,1,0.0227893,57.2688,266209,0.724175,0.00135941,0,258147,0.0214299,53.9099
0,2,G4CMPDriftElectron,1,0.0168818,44.5791,229122,0.165361,0.0015458,0,218381,0.015336,38.5671
0,2,G4CMPDriftElectron,1,0.0161432,41.1031,224054,0.637092,0.00122412,0,215392,0.014919,43.2627
0,2,G4CMPDriftElectron,1,0.0112409,38.004,186964,0.994805,0.000675549,0,181259,0.0105654,37.6151
0,2,G4CMPDriftElectron,1,0.0159245,46.809,222531,0.989195,0.000818651,0,216736,0.0151059,47.6718
0,2,G4CMPDriftElectron,1,0.0150338,47.6539,216218,0.919483,0.000880527,0,209791,0.0141533,43.5525
0,2,G4CMPDriftElectron,1,0.0140092,43.219,208720,0.752637,0.00102957,0,200904,0.0129796,35.8669
0,2,G4CMPDriftElectron,1,0.0130447,36.3752,201407,1.02461,0.000695057,0,195968,0.0123496,40.8494
0,2,G4CMPDriftElectron,1,0.00621194,30.1825,138986,0.66266,0.000729783,0,130567,0.00548216,10.9588
0,2,G4CMPDriftElectron,1,0.0071555,17.6626,149169,0.0259226,0.00100697,0,138275,0.00614853,17.5744
0,2,G4CMPDriftElectron,1,0.00434341,11.0485,116218,0.324554,0.000733846,0,105946,0.00360957,10.0999
0,2,G4CMPDriftElectron,1,0.00687909,23.4635,146259,0.69558,0.000748775,0,138070,0.00613031,30.3287
0,2,G4CMPDriftElectron,1,0.00591343,29.5701,135606,0.445956,0.000819302,0,125861,0.00509412,29.5866
0,2,G4CMPDriftElectron,1,0.0153174,52.0591,218248,0.199701,0.00146109,0,207578,0.0138563,45.8288
0,2,G4CMPDriftElectron,1,0.0129734,43.9573,200856,0.210004,0.00133866,0,190211,0.0116347,35.1127
0,2,G4CMPDriftElectron,1,0.014183,41.7619,210011,0.888651,0.000889814,0,203317,0.0132932,43.2189
0,2,G4CMPDriftElectron,1,0.0195134,53.5493,246334,1.13879,0.000684693,0,241974,0.0188287,53.7491
0,2,G4CMPDriftElectron,1,0.0202325,56.1975,250832,0.443984,0.00154942,0,241036,0.018683,52.3454
0,2,G4CMPDriftElectron,1,0.0149596,48.1164,215684,0.336392,0.00138879,0,205429,0.0135708,46.7433
0,2,G4CMPDriftElectron,1,0.0126858,45.3136,198617,0.694497,0.00103146,0,190371,0.0116543,17.3026
0,2,G4CMPDriftElectron,1,0.0114069,13.5091,188340,0.916623,0.000765069,0,181914,0.0106419,42.3038
0,2,G4CMPDriftElectron,1,0.0218669,57.9133,260766,0.702489,0.00135677,0,252547,0.0205101,20.5014
0,2,G4CMPDriftElectron,1,0.0205696,21.738,252913,0.783667,0.00121743,0,245314,0.0193522,56.0822
0,2,G4CMPDriftElectron,1,0.0138145,47.0459,207265,0.661479,0.00110811,0,198779,0.0127064,36.5238
0,2,G4CMPDriftElectron,1,0.0122424,33.4952,195115,0.165049,0.00131077,0,184374,0.0109316,38.6289
0,2,G4CMPDriftElectron,1,0.0138967,46.0258,207881,1.12698,0.000587443,0,203439,0.0133093,48.5459
0,2,G4CMPDriftElectron,1,0.0146365,50.9029,213342,0.310341,0.00138568,0,202992,0.0132509,46.6927
0,2,G4CMPDriftElectron,1,0.00748521,31.8798,152567,1.16447,0.000384447,0,148597,0.00710077,31.354
0,2,G4CMPDriftElectron,1,0.0152162,47.9665,217526,0.409203,0.00136055,0,207573,0.0138556,43.2504
0,2,G4CMPDriftElectron,1,0.0124756,40.5965,196965,0.537816,0.00114743,0,187688,0.0113281,43.7188
0,2,G4CMPDriftElectron,1,0.0148434,50.544,214844,1.0419,0.000721623,0,209557,0.0141217,35.869
0,2,G4CMPDriftElectron,1,0.0183594,44.101,238939,0.660187,0.00128462,0,230429,0.0170748,33.1393
0,2,G4CMPDriftElectron,1,0.0188482,38.9904,242099,0.510714,0.00144213,0,232653,0.017406,40.5286
0,2,G4CMPDriftElectron,1,0.0227564,49.3734,266017,0.663276,0.00143099,0,257517,0.0213254,55.8696
0,2,G4CMPDriftElectron,1,0.0227983,58.3998,266262,0.485496,0.00161236,0,256674,0.0211859,45.0663
0,2,G4CMPDriftElectron,1,0.019574,41.0661,246716,0.39385,0.00155863,0,236690,0.0180153,38.0031
0,2,G4CMPDriftElectron,1,0.0177236,40.5847,234765,1.14283,0.000644702,0,230456,0.0170789,22.5045
0,2,G4CMPDriftElectron,1,0.0136642,14.9432,206134,0.978152,0.000768799,0,200252,0.0128954,46.0452
0,2,G4CMPDriftElectron,1,0.0263021,67.6226,285992,0.820322,0.00132885,0,278674,0.0249733,63.9664
0,2,G4CMPDriftElectron,1,0.0287172,68.5281,298834,1.30852,0.000504869,0,296195,0.0282124,69.3405
0,2,G4CMPDriftElectron,1,0.0293834,70.9081,302280,0.361949,0.00194319,0,292114,0.0274402,69.6487
0,2,G4CMPDriftElectron,1,0.0275494,69.7816,292694,1.20394,0.000697639,0,288965,0.0268518,54.0749
0,2,G4CMPDriftElectron,1,0.0314885,59.9317,312920,0.946095,0.00124453,0,306674,0.0302439,70.1284
0,2,G4CMPDriftElectron,1,0.0330212,73.3925,320446,0.404451,0.00202658,0,310457,0.0309946,68.7502
0,2,G4CMPDriftElectron,1,0.0285748,66.2534,298092,0.0714763,0.00204577,0,287223,0.026529,59.9205
0,2,G4CMPDriftElectron,1,0.028881,62.2834,299684,0.545506,0.00175742,0,290423,0.0271235,58.5877
0,2,G4CMPDriftElectron,1,0.0271025,58.5422,290311,0.238638,0.00193891,0,279734,0.0251636,64.7176
0,2,G4CMPDriftElectron,1,0.0277337,68.3342,293671,0.412293,0.00184765,0,283720,0.025886,53.3651
0,2,G4CMPDriftElectron,1,0.0189104,37.2786,242498,0.405258,0.00152379,0,232523,0.0173866,54.7074
0,2,G4CMPDriftElectron,1,0.0266218,68.3075,287724,0.323467,0.00187386,0,277414,0.0247479,64.031
0,2,G4CMPDriftElectron,1,0.0245002,63.6586,276021,0.838887,0.00125469,0,268861,0.0232455,22.0471
0,2,G4CMPDriftElectron,1,0.0245055,21.205,276051,0.292999,0.00181417,0,265637,0.0226913,26.6828
0,2,G4CMPDriftElectron,1,0.0256243,39.1526,282282,0.844569,0.00127563,0,275166,0.0243486,52.9019
0,2,G4CMPDriftElectron,1,0.0219487,49.6678,261254,1.21272,0.000603559,0,257637,0.0213451,61.3101
0,2,G4CMPDriftElectron,1,0.0139673,49.7223,208408,1.02961,0.000714306,0,203009,0.013253,48.2762
0,2,G4CMPDriftElectron,1,0.011112,43.2362,185889,0.582276,0.00104999,0,176889,0.010062,30.6308
0,2,G4CMPDriftElectron,1,0.0097442,29.9373,174073,0.547476,0.00100355,0,164866,0.00874065,36.2502
0,2,G4CMPDriftElectron,1,0.00861901,35.9242,163714,0.5902,0.000915153,0,154779,0.00770385,28.7165
0,2,G4CMPDriftElectron,1,0.0100069,38.826,176403,0.567871,0.00100415,0,167319,0.00900272,38.2648
0,2,G4CMPDriftElectron,1,0.0126276,46.6785,198161,0.916794,0.000806767,0,191726,0.0118208,44.239
0,2,G4CMPDriftElectron,1,0.0148071,50.0748,214582,0.40177,0.00134603,0,204596,0.0134611,48.6088
0,2,G4CMPDriftElectron,1,0.0129965,47.7215,201035,0.467733,0.00121951,0,191371,0.011777,45.4317
0,2,G4CMPDriftElectron,1,0.0254999,67.1919,281596,0.765203,0.00138531,0,273840,0.0241145,29.8536
0,2,G4CMPDriftElectron,1,0.0241427,29.8203,274000,0.681682,0.00145306,0,265627,0.0226896,63.3159
0,2,G4CMPDriftElectron,1,0.0228548,63.5482,266592,1.19342,0.000650322,0,262771,0.0222044,60.1474
0,2,G4CMPDriftElectron,1,0.024305,63.3827,274920,0.398908,0.00173741,0,264911,0.0225676,61.1209
0,2,G4CMPDriftElectron,1,0.0222303,60.824,262924,1.03253,0.000906528,0,257508,0.0213238,52.5459
0,2,G4CMPDriftElectron,1,0.0134717,39.0031,204677,0.0889165,0.00139071,0,193825,0.012081,31.9099
0,2,G4CMPDriftElectron,1,0.0173209,42.6162,232083,1.24665,0.000479895,0,228846,0.016841,45.7938
0,2,G4CMPDriftElectron,1,0.0186065,48.5223,240542,1.03341,0.000824824,0,235150,0.0177817,17.1586
0,2,G4CMPDriftElectron,1,0.0210854,25.9779,256064,0.592731,0.00145039,0,247100,0.019635,53.8316
0,2,G4CMPDriftElectron,1,0.0222509,58.5741,263046,0.722537,0.0013448,0,254973,0.0209061,51.4327
0,2,G4CMPDriftElectron,1,0.0318346,66.4024,314636,0.188385,0.00212805,0,303938,0.0297066,71.7696
0,2,G4CMPDriftElectron,1,0.0233052,63.5824,269206,0.48478,0.00163124,0,259613,0.0216739,61.2194
0,2,G4CMPDriftElectron,1,0.0236733,64.133,271323,0.549686,0.00158335,0,262093,0.0220899,62.3129
0,2,G4CMPDriftElectron,1,0.0230404,63.7149,267672,0.539616,0.00157132,0,258384,0.0214691,47.8837
0,2,G4CMPDriftElectron,1,0.0271897,56.2107,290777,0.783679,0.00140539,0,283163,0.0257843,58.3074
0,2,G4CMPDriftElectron,1,0.0191822,45.4632,244235,0.719447,0.00124939,0,236147,0.0179328,47.2944
0,2,G4CMPDriftElectron,1,0.0218233,53.5181,260506,0.47846,0.00158264,0,250883,0.0202407,13.8389
0,2,G4CMPDriftElectron,1,0.0196687,13.8127,247312,1.1772,0.00062658,0,243341,0.0190421,41.1352
0,2,G4CMPDriftElectron,1,0.0222482,48.8968,263030,0.690967,0.00138251,0,254727,0.0208657,38.9788
0,2,G4CMPDriftElectron,1,0.0344454,58.0656,327283,0.617498,0.00183209,0,318460,0.0326133,75.6363
0,2,G4CMPDriftElectron,1,0.0340601,77.1861,325447,0.70745,0.00169544,0,317244,0.0323646,51.8722
0,2,G4CMPDriftElectron,1,0.0271027,38.9764,290312,0.589361,0.0016533,0,281317,0.0254494,62.9749
0,2,G4CMPDriftElectron,1,0.0256606,63.3595,282483,0.65783,0.00152854,0,273940,0.0241321,39.9065
0,2,G4CMPDriftElectron,1,0.0201766,33.7903,250485,1.07233,0.000801134,0,245462,0.0193754,37.8707
0,2,G4CMPDriftElectron,1,0.0195078,38.2522,246299,0.971921,0.000934942,0,240324,0.0185729,56.8462
0,2,G4CMPDriftElectron,1,0.0224413,62.4535,264169,0.389677,0.00167454,0,254122,0.0207668,57.3801
0,2,G4CMPDriftElectron,1,0.0222949,51.3822,263306,0.71813,0.00135153,0,255200,0.0209434,35.9543
0,2,G4CMPDriftElectron,1,0.0210123,36.1982,255620,0.138678,0.00173623,0,244831,0.0192761,29.6443
0,2,G4CMPDriftElectron,1,0.0194294,28.5729,245804,0.488508,0.00148311,0,236236,0.0179463,56.0334
0,2,G4CMPDriftElectron,1,0.0182244,56.5158,238059,0.474982,0.00144564,0,228422,0.0167787,53.7217
0,2,G4CMPDriftElectron,1,0.0180112,55.793,236663,0.495754,0.00142086,0,227136,0.0165904,31.0232
0,2,G4CMPDriftElectron,1,0.0196927,35.4775,247463,0.107159,0.00168631,0,236631,0.0180064,37.2978
0,2,G4CMPDriftElectron,1,0.0171604,36.6532,231005,0.512251,0.00137308,0,221571,0.0157873,52.1387
0,2,G4CMPDriftElectron,1,0.0106072,41.968,181618,1.20862,0.000412825,0,178049,0.0101944,41.6797
0,2,G4CMPDriftElectron,1,0.00789461,36.6431,156684,0.920219,0.000626919,0,150334,0.00726769,33.716
0,2,G4CMPDriftElectron,1,0.00779011,35.5883,155643,0.889161,0.000649139,0,149017,0.00714097,21.3406
0,2,G4CMPDriftElectron,1,0.0160025,42.2645,223076,0.632933,0.00122247,0,214386,0.0147801,48.4763
0,2,G4CMPDriftElectron,1,0.00607128,23.7202,137404,0.813076,0.000623682,0,130155,0.0054476,27.1762
0,2,G4CMPDriftElectron,1,0.00318171,19.9252,99469.2,0.640256,0.000520901,0,90963.1,0.00266081,16.4953
0,2,G4CMPDriftElectron,1,0.0222133,62.551,262824,0.769552,0.00128485,0,255109,0.0209285,48.1035
0,2,G4CMPDriftElectron,1,0.0186977,45.5782,241131,0.3085,0.00157208,0,230771,0.0171256,54.2791
0,2,G4CMPDriftElectron,1,0.0157877,51.8306,221574,0.964089,0.000847272,0,215546,0.0149405,50.6079
0,2,G4CMPDriftElectron,1,0.0122672,45.8374,195313,1.18536,0.000476477,0,191482,0.0117907,44.4559
0,2,G4CMPDriftElectron,1,0.00639376,33.644,141006,0.813788,0.000640521,0,133756,0.00575324,13.456
0,2,G4CMPDriftElectron,1,0.0102783,36.0378,178780,0.502628,0.00105988,0,169311,0.0092184,38.9078
0,2,G4CMPDriftElectron,1,0.00502775,29.8281,125039,0.943938,0.0004759,0,118974,0.00455185,14.3422
0,2,G4CMPDriftElectron,1,0.013329,44.8283,203590,0.46645,0.00123631,0,193918,0.0120926,14.0071
0,2,G4CMPDriftElectron,1,0.0128712,11.6938,200063,1.13289,0.000556416,0,195691,0.0123147,35.0019
0,2,G4CMPDriftElectron,1,0.0125688,35.4299,197699,0.797394,0.000929791,0,190246,0.011639,32.4693
0,2,G4CMPDriftElectron,1,0.0171308,42.6984,230806,0.716414,0.00118182,0,222702,0.015949,53.129
0,2,G4CMPDriftElectron,1,0.0214218,61.5937,258099,1.03966,0.000878092,0,252753,0.0205437,60.2135
0,2,G4CMPDriftElectron,1,0.0230334,63.8,267631,0.264175,0.00177254,0,257127,0.0212608,59.4766
0,2,G4CMPDriftElectron,1,0.0201516,57.6959,250330,0.977543,0.000942706,0,244405,0.0192089,58.1739
0,2,G4CMPDriftElectron,1,0.0221422,62.3649,262403,0.271908,0.0017334,0,251922,0.0204088,56.238
0,2,G4CMPDriftElectron,1,0.0211184,55.8962,256264,0.500145,0.00153794,0,246757,0.0195804,32.0082
0,2,G4CMPDriftElectron,1,0.0139481,16.9659,208265,0.554649,0.00120269,0,199084,0.0127454,37.4174
0,2,G4CMPDriftElectron,1,0.00829429,21.2204,160601,0.19379,0.00106638,0,149922,0.00722792,17.7109
0,2,G4CMPDriftElectron,1,0.0103904,32.1893,179752,0.76276,0.000872606,0,172038,0.00951775,40.6849
0,2,G4CMPDriftElectron,1,0.00886764,39.6301,166059,1.141,0.000446784,0,161821,0.00842085,35.4827
0,2,G4CMPDriftElectron,1,0.00966504,38.6756,173364,1.07542,0.000539421,0,168457,0.00912562,36.6147
0,2,G4CMPDriftElectron,1,0.00972802,38.5586,173928,0.504381,0.00102905,0,164472,0.00869897,33.4779
0,2,G4CMPDriftElectron,1,0.00755989,22.3724,153326,0.766872,0.000735647,0,145675,0.00682424,34.1102
0,2,G4CMPDriftElectron,1,0.0100974,42.0619,177199,0.869802,0.000762856,0,170374,0.00933452,21.6546
0,2,G4CMPDriftElectron,1,0.0130016,35.8059,201074,0.60819,0.00111841,0,192231,0.0118832,45.8729
0,2,G4CMPDriftElectron,1,0.0116027,45.2982,189950,0.816902,0.000873089,0,182663,0.0107297,35.1383
0,2,G4CMPDriftElectron,1,0.0159573,51.6059,222761,0.744467,0.00111007,0,214873,0.0148473,31.1138
0,2,G4CMPDriftElectron,1,0.0147615,30.9321,214251,1.16044,0.000560884,0,210141,0.0142006,33.2405
0,2,G4CMPDriftElectron,1,0.00727353,17.013,150394,0.95342,0.000572025,0,144359,0.00670151,25.7816
0,2,G4CMPDriftElectron,1,0.00830268,32.5548,160682,1.00547,0.000565104,0,155117,0.00773758,33.5939
0,2,G4CMPDriftElectron,1,0.00798122,34.1234,157541,0.479037,0.00094171,0,147955,0.00703951,34.7039
0,2,G4CMPDriftElectron,1,0.00879091,39.0781,165339,0.628045,0.000899521,0,156652,0.00789139,22.0251
0,2,G4CMPDriftElectron,1,0.00466667,14.3393,120465,0.385293,0.00074424,0,110442,0.00392243,24.4307
0,2,G4CMPDriftElectron,1,0.00210692,14.9821,80943.5,0.764103,0.00037142,0,73463.3,0.0017355,12.6902
0,2,G4CMPDriftElectron,1,0.00170658,12.6236,72848.5,0.865585,0.00029277,0,66306,0.00141381,13.9972
0,2,G4CMPDriftElectron,1,0.00142719,13.9278,66619,0.339645,0.000402062,0,56460.7,0.00102512,5.51235
0,2,G4CMPDriftElectron,1,0.0080949,37.238,158659,0.515798,0.000929159,0,149276,0.00716574,25.276
0,2,G4CMPDriftElectron,1,0.00312157,9.18932,98524.6,0.97022,0.000352052,0,92802.6,0.00276952,16.9039
0,2,G4CMPDriftElectron,1,0.00956384,39.8286,172454,0.813794,0.000791891,0,165160,0.00877195,17.5598
0,2,G4CMPDriftElectron,1,0.0123323,28.4159,195831,1.35167,0.000260171,0,193754,0.0120722,27.9202
0,2,G4CMPDriftElectron,1,0.0240783,50.7366,273635,0.921146,0.00112195,0,267184,0.0229564,54.9012
0,2,G4CMPDriftElectron,1,0.025933,60.0205,283978,1.11046,0.00084604,0,279307,0.025087,46.5676
0,2,G4CMPDriftElectron,1,0.0262645,49.2372,285787,0.49581,0.00172367,0,276251,0.0245409,51.8503
0,2,G4CMPDriftElectron,1,0.0234048,49.2847,269781,0.529402,0.00159384,0,260433,0.021811,30.7239
0,2,G4CMPDriftElectron,1,0.0153121,13.6048,218210,1.15422,0.000580662,0,214033,0.0147314,33.7372
0,2,G4CMPDriftElectron,1,0.0138204,32.2351,207309,0.692022,0.00108057,0,199040,0.0127398,43.1758
0,2,G4CMPDriftElectron,1,0.0131098,44.0134,201910,0.88771,0.000855048,0,195214,0.0122548,45.0389
0,2,G4CMPDriftElectron,1,0.0105966,43.1307,181527,0.428502,0.00111908,0,171674,0.00947748,35.5837
0,2,G4CMPDriftElectron,1,0.00494843,12.0978,124049,0.557184,0.000699749,0,114944,0.00424868,21.2665
0,2,G4CMPDriftElectron,1,0.00732703,33.1028,150946,0.591903,0.000839797,0,142033,0.00648724,33.2573
0,2,G4CMPDriftElectron,1,0.00977184,41.3896,174320,0.692952,0.000901811,0,166081,0.00887003,36.9721
0,2,G4CMPDriftElectron,1,0.0108609,40.749,183777,0.564652,0.00104994,0,174668,0.00981094,9.5902
0,2,G4CMPDriftElectron,1,0.00972724,9.85744,173921,0.448478,0.00106026,0,164169,0.00866698,31.7
0,2,G4CMPDriftElectron,1,0.00828692,30.1582,160529,1.09318,0.000478995,0,155821,0.00780792,29.8013
0,2,G4CMPDriftElectron,1,0.00455432,13.6956,119006,0.67472,0.000613146,0,110706,0.00394117,25.4961
0,2,G4CMPDriftElectron,1,0.0132626,47.3228,203083,0.829239,0.000923219,0,195887,0.0123394,42.92
0,2,G4CMPDriftElectron,1,0.0127841,43.979,199386,1.25688,0.000393327,0,196294,0.0123908,46.4073
0,2,G4CMPDriftElectron,1,0.0272088,68.5613,290879,0.684763,0.00154096,0,282522,0.0256678,44.1433
0,2,G4CMPDriftElectron,1,0.0197353,36.1141,247731,0.626821,0.00136805,0,238990,0.0183672,36.3775
0,2,G4CMPDriftElectron,1,0.0184462,36.4511,239503,0.822047,0.00110451,0,232222,0.0173416,41.4361
0,2,G4CMPDriftElectron,1,0.0168573,38.8581,228956,0.824782,0.00105097,0,221704,0.0158063,52.8243
0,2,G4CMPDriftElectron,1,0.0206547,60.3362,253436,0.495464,0.00152451,0,243903,0.0191302,56.8426
0,2,G4CMPDriftElectron,1,0.0175299,54.5743,233479,0.619502,0.00129414,0,224696,0.0162358,53.49
0,2,G4CMPDriftElectron,1,0.0146842,50.8895,213690,0.662034,0.00114314,0,205204,0.0135411,33.6166
0,2,G4CMPDriftElectron,1,0.0214818,52.6024,258460,0.83442,0.00117844,0,251271,0.0203034,50.1028
0,2,G4CMPDriftElectron,1,0.0214515,51.643,258278,0.892667,0.00109744,0,251584,0.0203541,48.3404
0,2,G4CMPDriftElectron,1,0.0202222,48.2502,250768,0.809607,0.00117418,0,243379,0.019048,49.0397
0,2,G4CMPDriftElectron,1,0.0266717,60.1317,287994,0.208879,0.00193646,0,277343,0.0247353,65.6574
0,2,G4CMPDriftElectron,1,0.0200128,59.1338,249467,0.374833,0.0015889,0,239359,0.0184239,56.931
0,2,G4CMPDriftElectron,1,0.0194829,58.5751,246142,0.443372,0.00152019,0,236344,0.0179627,55.072
0,2,G4CMPDriftElectron,1,0.0160474,52.1004,223388,0.960007,0.000859766,0,217322,0.0151876,28.7802
0,2,G4CMPDriftElectron,1,0.009487,10.5104,171760,0.638466,0.000928516,0,163139,0.00855849,36.5007
0,2,G4CMPDriftElectron,1,0.00745268,32.7197,152235,0.95144,0.000581215,0,146178,0.00687146,32.8908
0,2,G4CMPDriftElectron,1,0.0110768,43.2374,185595,0.278202,0.00121261,0,175142,0.00986421,33.883
0,2,G4CMPDriftElectron,1,0.00871801,29.1272,164652,0.505898,0.000971286,0,155209,0.00774672,35.8011
0,2,G4CMPDriftElectron,1,0.0135021,47.2835,204908,0.626429,0.0011253,0,196183,0.0123768,27.0434
0,2,G4CMPDriftElectron,1,0.0121783,24.7927,194604,0.600797,0.00108692,0,185717,0.0110914,43.8243
0,2,G4CMPDriftElectron,1,0.0114913,44.314,189035,0.86943,0.000816738,0,182194,0.0106746,20.2776
0,2,G4CMPDriftElectron,1,0.0125062,30.2215,197206,0.341216,0.00126432,0,186972,0.0112418,42.6646
0,2,G4CMPDriftElectron,1,0.0109383,39.8152,184430,0.864479,0.000800791,0,177551,0.0101375,42.2313
0,2,G4CMPDriftElectron,1,0.0208904,60.4956,254878,0.503721,0.00152634,0,245390,0.0193641,29.0334
0,2,G4CMPDriftElectron,1,0.0187357,27.5317,241375,0.796432,0.0011448,0,233885,0.0175909,55.5271
0,2,G4CMPDriftElectron,1,0.0202242,59.7105,250781,0.256765,0.00166189,0,240256,0.0185623,57.335
0,2,G4CMPDriftElectron,1,0.0187633,57.6335,241553,0.284512,0.00158677,0,231114,0.0171765,48.4006
0,2,G4CMPDriftElectron,1,0.0163744,47.1801,225652,0.958944,0.000870244,0,219574,0.0155041,47.8717
0,2,G4CMPDriftElectron,1,0.0215623,56.8983,258944,0.459054,0.00158883,0,249221,0.0199735,54.2682
0,2,G4CMPDriftElectron,1,0.0305122,65.911,308031,0.769956,0.00151182,0,300303,0.0290004,69.5073
0,2,G4CMPDriftElectron,1,0.027556,67.741,292729,0.178407,0.00198096,0,282011,0.0255751,67.2037
0,2,G4CMPDriftElectron,1,0.026545,68.4823,287309,0.145363,0.0019543,0,276531,0.0245907,65.4713
0,2,G4CMPDriftElectron,1,0.0205505,59.8794,252796,0.647858,0.00137462,0,244195,0.0191759,47.4755
0,2,G4CMPDriftElectron,1,0.0331519,70.7967,321079,0.813284,0.00150811,0,313691,0.0316438,54.5977
0,2,G4CMPDriftElectron,1,0.0305144,53.0693,308042,0.634794,0.00170026,0,299337,0.0288141,40.2505
0,2,G4CMPDriftElectron,1,0.0292371,39.297,301526,0.656779,0.00163552,0,292971,0.0276016,68.4394
0,2,G4CMPDriftElectron,1,0.0256939,65.7386,282665,0.423731,0.00176777,0,272768,0.0239261,42.3211
0,2,G4CMPDriftElectron,1,0.0238194,42.2077,272159,0.283035,0.00179345,0,261713,0.0220259,29.9731
0,2,G4CMPDriftElectron,1,0.0215961,27.4943,259147,0.353657,0.00166574,0,248952,0.0199304,53.9224
0,2,G4CMPDriftElectron,1,0.0249121,62.2873,278332,1.04164,0.000946581,0,272993,0.0239655,61.0341
0,2,G4CMPDriftElectron,1,0.023929,60.9911,272785,0.250156,0.00181422,0,262240,0.0221148,62.312
0,2,G4CMPDriftElectron,1,0.0225837,63.0786,265006,0.26153,0.00175605,0,254494,0.0208276,55.3438
0,2,G4CMPDriftElectron,1,0.0207531,55.6105,254039,0.163031,0.00171874,0,243292,0.0190344,51.4569
0,2,G4CMPDriftElectron,1,0.0192668,51.7633,244772,0.551754,0.00142282,0,235561,0.0178439,56.1821
0,2,G4CMPDriftElectron,1,0.020932,60.8792,255131,0.794903,0.00121418,0,247621,0.0197178,45.2944
0,2,G4CMPDriftElectron,1,0.0275062,60.4849,292465,0.683885,0.00155071,0,284101,0.0259555,31.3511
0,2,G4CMPDriftElectron,1,0.0308732,40.7716,309848,0.283473,0.00204684,0,299401,0.0288264,63.252
0,2,G4CMPDriftElectron,1,0.0155151,43.165,219652,1.09182,0.00067133,0,214847,0.0148437,49.8001
0,2,G4CMPDriftElectron,1,0.0147756,49.722,214353,0.943626,0.000843492,0,208145,0.0139321,38.041
0,2,G4CMPDriftElectron,1,0.0101624,29.4435,177769,0.134916,0.00119646,0,166977,0.00896597,24.5271
0,2,G4CMPDriftElectron,1,0.011854,32.1633,191996,0.648688,0.00103415,0,183430,0.0108199,43.3753
0,2,G4CMPDriftElectron,1,0.0107313,43.1839,182677,0.172174,0.00122325,0,171950,0.00950803,38.6129
0,2,G4CMPDriftElectron,1,0.0155811,51.72,220118,0.267695,0.00144965,0,209629,0.0141314,47.8342
0,2,G4CMPDriftElectron,1,0.0165127,53.737,226604,0.55404,0.00131246,0,217412,0.0152002,39.0244
0,2,G4CMPDriftElectron,1,0.012012,29.0263,193270,0.793589,0.000911789,0,185790,0.0111002,40.9192
0,2,G4CMPDriftElectron,1,0.0114647,41.5501,188816,0.353894,0.00120319,0,178633,0.0102615,40.9817
0,2,G4CMPDriftElectron,1,0.0172049,52.4191,231305,0.531256,0.00135956,0,221978,0.0158454,17.7218
0,2,G4CMPDriftElectron,1,0.0142323,12.4231,210376,0.796641,0.000992654,0,202907,0.0132397,48.382
0,2,G4CMPDriftElectron,1,0.00734193,32.9589,151100,0.625199,0.000820532,0,142406,0.0065214,23.3529
0,2,G4CMPDriftElectron,1,0.00494761,9.73938,124038,0.63936,0.000659462,0,115476,0.00428814,27.194
0,2,G4CMPDriftElectron,1,0.026095,67.955,284863,0.34668,0.00183961,0,274639,0.0242553,55.981
0,2,G4CMPDriftElectron,1,0.0134742,37.8678,204696,0.580821,0.00116123,0,195677,0.012313,46.4591
0,2,G4CMPDriftElectron,1,0.0253957,67.0516,281021,0.861569,0.00124454,0,274048,0.0241512,31.1652
0,2,G4CMPDriftElectron,1,0.025049,32.4581,279096,0.740179,0.00140613,0,271149,0.0236428,63.4843
0,2,G4CMPDriftElectron,1,0.033215,75.9661,321385,0.53553,0.001899,0,312062,0.031316,57.6706
0,2,G4CMPDriftElectron,1,0.0267177,51.3,288242,1.05988,0.000949671,0,283073,0.025768,61.5154
0,2,G4CMPDriftElectron,1,0.0297332,67.9184,304074,0.23184,0.00203602,0,293478,0.0276972,69.7457
0,2,G4CMPDriftElectron,1,0.0275645,69.581,292775,0.732366,0.00148769,0,284764,0.0260768,63.6622
0,2,G4CMPDriftElectron,1,0.0448088,84.73,373284,0.765703,0.0018479,0,365506,0.0429609,33.8686
0,2,G4CMPDriftElectron,1,0.0430641,34.656,365945,0.94024,0.00147405,0,359627,0.04159,79.2628
0,2,G4CMPDriftElectron,1,0.044032,82.2373,370035,1.29288,0.000673362,0,367194,0.0433586,74.8942
0,2,G4CMPDriftElectron,1,0.0435503,75.4195,368005,0.0603304,0.00253643,0,357128,0.0410139,71.1651
0,2,G4CMPDriftElectron,1,0.042252,71.5035,362478,1.09052,0.00113561,0,357574,0.0411164,81.4824
0,2,G4CMPDriftElectron,1,0.040985,81.4661,357002,0.843588,0.00162524,0,349852,0.0393597,40.7916
0,2,G4CMPDriftElectron,1,0.0399638,41.4661,352526,0.674142,0.00189212,0,344080,0.0380717,80.2241
0,2,G4CMPDriftElectron,1,0.0219592,60.7135,261316,0.882204,0.00112566,0,254530,0.0208335,16.4222
0,2,G4CMPDriftElectron,1,0.0203642,15.9164,251647,0.640348,0.00137616,0,242996,0.0189881,53.5804
0,2,G4CMPDriftElectron,1,0.0232364,57.9967,268808,0.400448,0.00169681,0,258807,0.0215396,28.2164
0,2,G4CMPDriftElectron,1,0.0246232,42.0296,276714,0.734368,0.00140138,0,268724,0.0232218,64.1261
0,2,G4CMPDriftElectron,1,0.0224145,63.0041,264012,1.01515,0.000937893,0,258429,0.0214766,61.6402
0,2,G4CMPDriftElectron,1,0.0256539,67.4057,282446,0.497827,0.00170116,0,272920,0.0239528,36.7142
0,2,G4CMPDriftElectron,1,0.0207057,31.2407,253748,0.528176,0.00149795,0,244397,0.0192078,40.4791
0,2,G4CMPDriftElectron,1,0.0199564,41.7694,249115,0.247912,0.00165445,0,238565,0.018302,53.0985
0,2,G4CMPDriftElectron,1,0.015686,49.339,220859,1.15158,0.000591909,0,216652,0.0150941,33.0111
0,2,G4CMPDriftElectron,1,0.0106508,22.5075,181991,0.808077,0.00084308,0,174640,0.00980775,41.6746
0,2,G4CMPDriftElectron,1,0.00947388,38.9156,171641,0.558147,0.000982256,0,162500,0.00849162,38.3756
0,2,G4CMPDriftElectron,1,0.00639839,33.4352,141057,0.663019,0.000741004,0,132637,0.00565738,25.4931
0,2,G4CMPDriftElectron,1,0.0066954,29.2531,144293,0.715107,0.000725394,0,136253,0.00597001,29.9765
0,2,G4CMPDriftElectron,1,0.00506318,27.7638,125479,0.764224,0.000596715,0,117853,0.00446647,22.0984
0,2,G4CMPDriftElectron,1,0.0129577,45.9326,200735,0.547653,0.00116298,0,191515,0.0117947,32.3978
0,2,G4CMPDriftElectron,1,0.00530657,11.04,128459,0.236316,0.000837145,0,117892,0.00446942,10.0612
0,2,G4CMPDriftElectron,1,0.00530419,13.3093,128430,0.895388,0.000524602,0,121914,0.00477959,28.3463
0,2,G4CMPDriftElectron,1,0.00833128,37.5248,160958,1.24462,0.000323293,0,157805,0.00800798,37.0348
0,2,G4CMPDriftElectron,1,0.0219862,62.3735,261477,0.885028,0.00112238,0,254715,0.0208639,54.0864
0,2,G4CMPDriftElectron,1,0.0266172,63.6886,287699,1.07718,0.000917232,0,282699,0.0256999,66.4236
0,2,G4CMPDriftElectron,1,0.0258322,66.5654,283425,0.518185,0.00168752,0,274011,0.0241447,57.3254
0,2,G4CMPDriftElectron,1,0.021491,52.4811,258515,0.582829,0.00147459,0,249489,0.0200164,34.1401
0,2,G4CMPDriftElectron,1,0.0210682,38.3294,255960,1.1578,0.000681836,0,251784,0.0203864,55.893
0,2,G4CMPDriftElectron,1,0.020207,55.805,250674,0.465673,0.00153168,0,240986,0.0186753,43.8797
0,2,G4CMPDriftElectron,1,0.0163866,37.8825,225737,0.92343,0.000915997,0,219337,0.0154706,29.7988
0,2,G4CMPDriftElectron,1,0.0286703,53.6944,298589,0.158078,0.0020285,0,287832,0.0266418,59.7882
0,2,G4CMPDriftElectron,1,0.0223285,53.6484,263504,0.854106,0.00117501,0,256477,0.0211535,61.1905
0,2,G4CMPDriftElectron,1,0.0225876,63.1779,265029,0.0537959,0.00181669,0,254148,0.0207709,60.0374
0,2,G4CMPDriftElectron,1,0.0202349,59.3198,250847,0.930249,0.00101255,0,244490,0.0192223,33.8877
0,2,G4CMPDriftElectron,1,0.0208176,36.707,254433,0.582852,0.00145068,0,245408,0.0193669,57.2327
0,2,G4CMPDriftElectron,1,0.0192579,57.0477,244716,0.347475,0.00157449,0,234499,0.0176834,55.8095
0,2,G4CMPDriftElectron,1,0.0171098,54.9274,230665,0.674299,0.00122469,0,222256,0.0158851,27.8013
0,2,G4CMPDriftElectron,1,0.0158591,27.6787,222074,0.774497,0.00107435,0,214420,0.0147847,46.5191
0,2,G4CMPDriftElectron,1,0.00119229,4.15999,60890.3,0.876199,0.000234978,0,54561.2,0.000957308,12.8478
0,2,G4CMPDriftElectron,1,0.0159786,53.0108,222909,0.938234,0.000885491,0,216645,0.0150931,29.6986
0,2,G4CMPDriftElectron,1,0.0166961,32.7719,227859,1.19646,0.000545778,0,224104,0.0161503,50.6786
0,2,G4CMPDriftElectron,1,0.0178485,53.0586,235591,0.838404,0.00106591,0,228448,0.0167826,53.5037
0,2,G4CMPDriftElectron,1,0.0156257,51.4819,220434,0.534585,0.00129125,0,211130,0.0143345,33.1856
0,2,G4CMPDriftElectron,1,0.0163405,37.4184,225419,0.50961,0.001341,0,215971,0.0149995,44.2298
0,2,G4CMPDriftElectron,1,0.0104888,37.2477,180601,1.34008,0.000251264,0,178425,0.0102375,37.0225
0,2,G4CMPDriftElectron,1,0.0147602,47.6004,214242,0.802836,0.00100493,0,206820,0.0137553,43.7964
0,2,G4CMPDriftElectron,1,0.0149783,46.5847,215819,1.08771,0.000664462,0,210977,0.0143138,45.6542
0,2,G4CMPDriftElectron,1,0.0441116,83.7996,370369,1.28046,0.000704954,0,367397,0.0434066,66.9065
0,2,G4CMPDriftElectron,1,0.0520405,76.3808,402280,1.03422,0.00140315,0,396820,0.0506373,93.8069
0,2,G4CMPDriftElectron,1,0.0527511,95.8407,405018,0.249024,0.00271298,0,394465,0.0500381,88.6855
0,2,G4CMPDriftElectron,1,0.0498944,88.5511,393898,0.427974,0.00247361,0,384010,0.0474208,90.7405
0,2,G4CMPDriftElectron,1,0.0486598,92.0532,388994,0.606493,0.00220198,0,380091,0.0464578,56.5612
0,2,G4CMPDriftElectron,1,0.0443487,53.8462,371363,0.492718,0.00225505,0,361798,0.0420937,67.9272
0,2,G4CMPDriftElectron,1,0.0393799,62.6641,349941,0.614337,0.00196606,0,341094,0.0374138,74.9464
0,2,G4CMPDriftElectron,1,0.0373115,74.567,340627,0.431884,0.00213002,0,330762,0.0351815,77.2488
0,2,G4CMPDriftElectron,1,0.0371578,79.3772,339925,0.569009,0.00196892,0,330796,0.0351889,57.8933
0,2,G4CMPDriftElectron,1,0.0350889,57.761,330326,0.96456,0.00128098,0,324241,0.033808,48.4385
0,2,G4CMPDriftElectron,1,0.0339577,48.8198,324958,0.687729,0.00172169,0,316613,0.032236,70.5023
0,2,G4CMPDriftElectron,1,0.0298838,67.0095,304843,0.620096,0.00170064,0,296042,0.0281831,67.5664
0,2,G4CMPDriftElectron,1,0.0443575,86.8775,371400,0.451406,0.00230418,0,361625,0.0420534,41.4455
0,2,G4CMPDriftElectron,1,0.0393807,30.3135,349945,0.625794,0.00194975,0,341172,0.037431,76.4441
0,2,G4CMPDriftElectron,1,0.0343352,73.2236,326759,0.403653,0.00206798,0,316766,0.0322672,75.2588
0,2,G4CMPDriftElectron,1,0.0294269,72.031,302503,1.15904,0.000810361,0,298309,0.0286165,55.7874
0,2,G4CMPDriftElectron,1,0.0341651,61.6703,325949,0.457855,0.00201106,0,316210,0.0321541,30.9913
0,2,G4CMPDriftElectron,1,0.0326443,33.3904,318612,0.176179,0.00216036,0,307888,0.0304839,18.1693
0,2,G4CMPDriftElectron,1,0.0314037,19.1133,312499,0.26556,0.00207531,0,301997,0.0293284,34.7546
0,2,G4CMPDriftElectron,1,0.0285131,33.9202,297769,0.59897,0.00168553,0,288834,0.0268276,65.2426
0,2,G4CMPDriftElectron,1,0.043152,83.7349,366318,1.27275,0.000715762,0,363267,0.0424362,84.0041
0,2,G4CMPDriftElectron,1,0.0436997,85.3797,368636,1.05237,0.00124209,0,363359,0.0424577,55.7798
0,2,G4CMPDriftElectron,1,0.0427411,56.5302,364570,0.554805,0.00213377,0,355353,0.0406073,84.8015
0,2,G4CMPDriftElectron,1,0.0366282,80.5432,337494,0.578307,0.00194263,0,328422,0.0346856,45.0528
0,2,G4CMPDriftElectron,1,0.0374258,48.738,341149,0.532286,0.00202208,0,331805,0.0354038,60.7796
0,2,G4CMPDriftElectron,1,0.0319722,56.4763,315315,0.420518,0.00197928,0,305399,0.0299929,72.7761
0,2,G4CMPDriftElectron,1,0.0305785,73.4789,308366,0.377111,0.00197125,0,298261,0.0286072,58.2141
0,2,G4CMPDriftElectron,1,0.0262611,55.1137,285768,0.358912,0.00183711,0,275592,0.024424,39.6291
0,2,G4CMPDriftElectron,1,0.0414892,64.5076,359191,0.252094,0.00239977,0,348648,0.0390894,38.2563
0,2,G4CMPDriftElectron,1,0.0361621,33.1805,335339,0.197454,0.00226651,0,324661,0.0338956,43.7277
0,2,G4CMPDriftElectron,1,0.0348265,44.4666,329089,0.103918,0.00225592,0,318252,0.0325705,41.7236
0,2,G4CMPDriftElectron,1,0.0327724,44.2001,319236,0.662765,0.00172562,0,310718,0.0310468,52.995
0,2,G4CMPDriftElectron,1,0.0328963,55.0791,319839,0.831387,0.0014724,0,312599,0.0314239,52.4197
0,2,G4CMPDriftElectron,1,0.0317923,52.7704,314426,0.683269,0.00167088,0,306052,0.0301214,66.6785
0,2,G4CMPDriftElectron,1,0.0289155,64.8883,299863,1.08656,0.000940221,0,294948,0.0279752,65.8252
0,2,G4CMPDriftElectron,1,0.0253863,62.7969,280969,1.16314,0.000742555,0,276829,0.0246438,52.5979
0,2,G4CMPDriftElectron,1,0.0260551,55.4988,284645,0.433539,0.00177229,0,274794,0.0242828,51.673
0,2,G4CMPDriftElectron,1,0.0269786,55.3018,289646,0.711393,0.00149952,0,281481,0.025479,50.7707
0,2,G4CMPDriftElectron,1,0.0213468,45.9081,257647,0.544218,0.00150675,0,248387,0.01984,52.0955
0,2,G4CMPDriftElectron,1,0.00958716,24.8586,172664,0.506571,0.00102002,0,163221,0.00856714,30.6436
0,2,G4CMPDriftElectron,1,0.00688015,28.401,146271,0.575644,0.000821788,0,137257,0.00605836,12.6679
0,2,G4CMPDriftElectron,1,0.01125,29.842,187040,0.903783,0.000772815,0,180501,0.0104772,42.8611
0,2,G4CMPDriftElectron,1,0.0212351,61.3225,256972,0.211931,0.00172261,0,246328,0.0195125,56.6573
0,2,G4CMPDriftElectron,1,0.0171795,53.0517,231134,1.0239,0.000804274,0,225659,0.0163753,45.7995
0,2,G4CMPDriftElectron,1,0.0133931,37.8326,204079,0.608632,0.00113533,0,195238,0.0122578,46.445
0,2,G4CMPDriftElectron,1,0.0112052,44.4278,186667,0.487362,0.00111782,0,177112,0.0100874,33.6846
0,2,G4CMPDriftElectron,1,0.0108366,35.404,183571,0.918636,0.000742673,0,177169,0.0100939,40.2225
0,2,G4CMPDriftElectron,1,0.0121599,44.8489,194456,1.36196,0.000244378,0,192492,0.0119155,37.6428
0,2,G4CMPDriftElectron,1,0.0217091,57.8019,259824,0.567903,0.00149704,0,250705,0.0202121,31.0999
0,2,G4CMPDriftElectron,1,0.0201398,30.6974,250257,0.724149,0.00127569,0,242201,0.0188641,57.7976
0,2,G4CMPDriftElectron,1,0.0185362,57.2913,240087,0.779172,0.00115908,0,232459,0.0173771,39.4654
0,2,G4CMPDriftElectron,1,0.017464,39.7146,233040,0.518711,0.00138031,0,223641,0.0160837,53.0074
0,2,G4CMPDriftElectron,1,0.0170396,54.7841,230191,0.494348,0.00138204,0,220658,0.0156576,28.1473
0,2,G4CMPDriftElectron,1,0.0165021,28.385,226531,0.557727,0.00130894,0,217361,0.0151932,51.7971
0,2,G4CMPDriftElectron,1,0.0146467,50.8351,213416,0.829833,0.000971485,0,206217,0.0136752,22.7374
0,2,G4CMPDriftElectron,1,0.0101502,10.366,177662,0.534578,0.0010333,0,168376,0.00911686,34.2947
0,2,G4CMPDriftElectron,1,0.00409996,7.87688,112914,1.1949,0.000252338,0,109384,0.00384762,19.9373
0,2,G4CMPDriftElectron,1,0.0263412,62.1996,286204,0.451713,0.00176659,0,276440,0.0245746,64.6496
0,2,G4CMPDriftElectron,1,0.0218455,60.9584,260639,1.11846,0.000760236,0,256064,0.0210853,61.0648
0,2,G4CMPDriftElectron,1,0.0209591,60.8803,255296,0.690523,0.00134124,0,246992,0.0196178,50.9605
0,2,G4CMPDriftElectron,1,0.0198422,51.5598,248401,0.7517,0.00123368,0,240555,0.0186086,37.3831
0,2,G4CMPDriftElectron,1,0.0139934,27.7073,208602,0.502674,0.00124302,0,199122,0.0127503,47.5039
0,2,G4CMPDriftElectron,1,0.018214,56.6141,237991,0.625327,0.00131422,0,229244,0.0168998,45.5653
0,2,G4CMPDriftElectron,1,0.0202452,52.5974,250911,0.168802,0.00169543,0,240175,0.0185498,46.7286
0,2,G4CMPDriftElectron,1,0.0183589,43.258,238936,0.824624,0.00109864,0,231676,0.0172603,48.4692
0,2,G4CMPDriftElectron,1,0.0125388,40.5094,197463,1.09381,0.000597209,0,192704,0.0119416,43.339
0,2,G4CMPDriftElectron,1,0.0115375,41.5713,189415,1.0182,0.000658664,0,183929,0.0108788,35.4452
0,2,G4CMPDriftElectron,1,0.0151215,43.9808,216848,0.462128,0.00132225,0,207151,0.0137993,48.9869
0,2,G4CMPDriftElectron,1,0.0108124,43.0812,183367,0.884007,0.000776701,0,176658,0.0100357,22.9374
0,2,G4CMPDriftElectron,1,0.00904781,23.721,167737,0.575315,0.000948209,0,158705,0.0080996,37.8577
0,2,G4CMPDriftElectron,1,0.00417997,27.2021,114010,0.912847,0.000450449,0,107692,0.00372952,20.1461
0,2,G4CMPDriftElectron,1,0.00306405,14.4944,97612.6,1.08309,0.000282409,0,93005.4,0.00278164,7.19602
0,2,G4CMPDriftElectron,1,0.00853955,29.5838,162958,0.588081,0.000912093,0,154010,0.00762746,35.9269
0,2,G4CMPDriftElectron,1,0.00640961,32.4798,141180,0.484995,0.000837215,0,131637,0.00557239,26.8081
0,2,G4CMPDriftElectron,1,0.00584817,27.7966,134855,0.718844,0.000673128,0,126857,0.00517504,28.9341
0,2,G4CMPDriftElectron,1,0.0218123,62.1319,260440,0.546439,0.0015214,0,251193,0.0202909,51.9858
0,2,G4CMPDriftElectron,1,0.019957,51.8011,249118,0.637302,0.00136512,0,240447,0.0185919,47.968
0,2,G4CMPDriftElectron,1,0.0265725,59.9413,287458,0.365204,0.00184371,0,277306,0.0247288,65.9015
0,2,G4CMPDriftElectron,1,0.0137689,48.5157,206922,1.06333,0.000666608,0,201851,0.0131023,36.9025
0,2,G4CMPDriftElectron,1,0.00964526,30.8276,173187,0.453547,0.00105294,0,163461,0.00859232,38.5907
0,2,G4CMPDriftElectron,1,0.0174465,55.5176,232923,1.08448,0.000724812,0,228033,0.0167216,43.0209
0,2,G4CMPDriftElectron,1,0.0268894,61.9918,289167,0.803389,0.00136892,0,281710,0.0255205,54.045
0,2,G4CMPDriftElectron,1,0.0224328,50.5989,264119,1.07378,0.000844457,0,259100,0.0215883,43.4164
0,2,G4CMPDriftElectron,1,0.00927536,12.7732,169834,0.69933,0.000872752,0,161646,0.00840261,38.5766
0,2,G4CMPDriftElectron,1,0.00772336,36.9265,154975,0.286934,0.00100361,0,144556,0.00671975,29.3276
0,2,G4CMPDriftElectron,1,0.0174926,54.3008,233231,0.641833,0.0012712,0,224596,0.0162214,12.6761
0,2,G4CMPDriftElectron,1,0.0169577,13.1444,229637,1.13365,0.0006432,0,225240,0.0163145,38.155
0,2,G4CMPDriftElectron,1,0.0138047,30.1579,207191,0.688191,0.00108347,0,198894,0.0127212,47.466
0,2,G4CMPDriftElectron,1,0.0145213,50.707,212501,0.607081,0.00118508,0,203645,0.0133362,33.7962
0,2,G4CMPDriftElectron,1,0.0128409,32.6657,199828,0.835071,0.000901772,0,192684,0.0119392,39.6251
0,2,G4CMPDriftElectron,1,0.0119524,39.6611,192791,0.291458,0.00125608,0,182380,0.0106964,22.3348
0,2,G4CMPDriftElectron,1,0.0109648,22.2887,184654,0.415917,0.0011457,0,174741,0.00981912,38.8354
0,2,G4CMPDriftElectron,1,0.00486575,27.5559,123008,0.756591,0.000588749,0,115326,0.00427701,21.6054
0,2,G4CMPDriftElectron,1,0.02,58.4887,249387,0.393369,0.00157624,0,239358,0.0184238,37.8947
0,2,G4CMPDriftElectron,1,0.0164098,30.3682,225897,0.446748,0.00138971,0,216120,0.0150201,49.4133
0,2,G4CMPDriftElectron,1,0.0172445,53.4227,231571,0.867995,0.00101089,0,224681,0.0162336,14.9727
0,2,G4CMPDriftElectron,1,0.0232421,46.9064,268841,0.675309,0.00143252,0,260425,0.0218096,61.7279
0,2,G4CMPDriftElectron,1,0.0302287,72.0359,306597,0.321275,0.00200077,0,296277,0.028228,51.9501
0,2,G4CMPDriftElectron,1,0.0269086,50.839,289270,0.241274,0.00193055,0,278700,0.0249781,24.8987
0,2,G4CMPDriftElectron,1,0.0288024,30.916,299276,0.299175,0.00196624,0,288880,0.0268361,24.1026
0,2,G4CMPDriftElectron,1,0.0264262,23.9647,286666,0.0891381,0.00196305,0,275813,0.0244632,29.7666
0,2,G4CMPDriftElectron,1,0.024568,28.2426,276403,0.492496,0.00166886,0,266850,0.0228991,39.5845
0,2,G4CMPDriftElectron,1,0.0232825,42.648,269074,0.692688,0.00141309,0,260781,0.0218694,60.2543
0,2,G4CMPDriftElectron,1,0.0204712,58.2475,252308,0.14889,0.00171065,0,241536,0.0187606,57.6355
0,2,G4CMPDriftElectron,1,0.0348144,78.4855,329032,0.718576,0.00169775,0,320909,0.0331167,22.2714
0,2,G4CMPDriftElectron,1,0.0310307,20.4113,310638,0.325438,0.00202476,0,300332,0.029006,47.2828
0,2,G4CMPDriftElectron,1,0.0261725,40.0489,285286,0.618654,0.00159076,0,276481,0.0245818,56.41
0,2,G4CMPDriftElectron,1,0.0216128,52.888,259247,0.22139,0.0017345,0,248627,0.0198783,58.1315
0,2,G4CMPDriftElectron,1,0.0195398,57.4003,246500,0.804615,0.00115978,0,239073,0.01838,39.1682
0,2,G4CMPDriftElectron,1,0.0254668,51.2504,281414,0.339377,0.00182171,0,271162,0.0236451,56.5031
0,2,G4CMPDriftElectron,1,0.0210823,52.8191,256045,0.941496,0.00101807,0,249787,0.0200642,57.3374
0,2,G4CMPDriftElectron,1,0.0214102,59.5398,258029,0.593873,0.00146066,0,249072,0.0199495,57.6623
0,2,G4CMPDriftElectron,1,0.0172415,53.515,231550,0.847115,0.00103642,0,224483,0.0162051,24.4425
0,2,G4CMPDriftElectron,1,0.0166087,15.0904,227261,0.450173,0.00139597,0,217501,0.0152127,45.7375
0,2,G4CMPDriftElectron,1,0.0126002,42.0861,197946,0.440509,0.00121675,0,188146,0.0113834,14.2253
0,2,G4CMPDriftElectron,1,0.0138166,21.8202,207281,0.355973,0.00132354,0,197103,0.0124931,18.3399
0,2,G4CMPDriftElectron,1,0.0129089,21.5313,200356,0.964935,0.000761505,0,194357,0.0121474,37.2124
0,2,G4CMPDriftElectron,1,0.00998993,32.5326,176254,0.74134,0.00087296,0,168377,0.00911697,26.2041
0,2,G4CMPDriftElectron,1,0.017142,40.5145,230882,0.95096,0.000901842,0,224726,0.0162402,38.9638
0,2,G4CMPDriftElectron,1,0.0230456,49.7864,267702,0.519326,0.00159073,0,258298,0.0214548,58.2215
0,2,G4CMPDriftElectron,1,0.0200458,55.7429,249672,0.365509,0.00159614,0,239526,0.0184497,40.918
0,2,G4CMPDriftElectron,1,0.0178303,40.0883,235471,0.0659736,0.00160861,0,224598,0.0162217,39.5882
0,2,G4CMPDriftElectron,1,0.0162446,39.5963,224757,1.03331,0.000768324,0,219377,0.0154763,37.2086
0,2,G4CMPDriftElectron,1,0.0124632,26.8979,196867,0.733646,0.000986658,0,188914,0.0114766,41.8014
0,2,G4CMPDriftElectron,1,0.0115651,41.9738,189641,0.413722,0.00117885,0,179716,0.0103862,37.3134
0,2,G4CMPDriftElectron,1,0.0219051,60.6088,260994,1.08449,0.000816751,0,256082,0.0210883,51.8416
0,2,G4CMPDriftElectron,1,0.0214917,52.465,258519,0.898314,0.00109052,0,251875,0.0204011,60.0915
0,2,G4CMPDriftElectron,1,0.0214686,61.6017,258381,0.698609,0.00134854,0,250134,0.0201201,47.9055
0,2,G4CMPDriftElectron,1,0.0156135,39.8274,220347,0.960043,0.000847496,0,214284,0.014766,51.082
0,2,G4CMPDriftElectron,1,0.0142626,50.2195,210599,0.662247,0.00112586,0,202116,0.0131367,45.997
0,2,G4CMPDriftElectron,1,0.01292,45.6009,200442,0.291289,0.00130751,0,190029,0.0116125,42.7274
0,2,G4CMPDriftElectron,1,0.0158991,50.1002,222354,0.443124,0.00136974,0,212560,0.0145293,47.5871
0,2,G4CMPDriftElectron,1,0.00134325,13.0318,64630.5,0.556927,0.000346344,0,55678.3,0.00099691,10.1626
0,2,G4CMPDriftElectron,1,0.0426067,84.082,363996,0.946476,0.00145311,0,357735,0.0411536,45.1773
0,2,G4CMPDriftElectron,1,0.0422325,46.0694,362394,0.764071,0.00179575,0,354606,0.0404367,84.3871
0,2,G4CMPDriftElectron,1,0.0492097,93.0283,391186,1.05026,0.00132543,0,385882,0.0478843,89.9036
0,2,G4CMPDriftElectron,1,0.0512508,92.7371,399216,0.360714,0.00257981,0,389039,0.048671,90.1026
0,2,G4CMPDriftElectron,1,0.0481557,89.5668,386974,0.321037,0.00253551,0,376649,0.0456202,84.2507
0,2,G4CMPDriftElectron,1,0.0458479,84.6053,377588,0.518214,0.00226082,0,368160,0.0435871,77.977
0,2,G4CMPDriftElectron,1,0.0426624,77.026,364234,0.904909,0.00153887,0,357605,0.0411236,54.4861
0,2,G4CMPDriftElectron,1,0.0427736,57.8518,364709,1.21873,0.000843296,0,361095,0.0419303,53.62
0,2,G4CMPDriftElectron,1,0.0469413,63.2773,382064,0.240343,0.00256269,0,371488,0.0443786,81.312
0,2,G4CMPDriftElectron,1,0.0437605,80.5855,368892,1.11754,0.001094,0,364252,0.0426665,43.9838
0,2,G4CMPDriftElectron,1,0.0409676,35.5092,356926,0.881011,0.0015538,0,350092,0.0394138,79.866
0,2,G4CMPDriftElectron,1,0.0387569,79.0853,347163,0.536038,0.00205375,0,337839,0.0367032,64.751
0,2,G4CMPDriftElectron,1,0.0392628,67.4075,349421,0.627654,0.0019441,0,340660,0.0373187,73.4509
0,2,G4CMPDriftElectron,1,0.0358653,71.5115,333961,0.879795,0.00145356,0,327123,0.0344117,27.1136
0,2,G4CMPDriftElectron,1,0.0381626,34.0009,344490,0.888709,0.00148395,0,337726,0.0366787,80.4539
0,2,G4CMPDriftElectron,1,0.0367178,80.4965,337906,0.68732,0.00179243,0,329556,0.0349254,70.3698
0,2,G4CMPDriftElectron,1,0.0387361,76.0018,347069,0.637095,0.00191718,0,338372,0.0368189,23.7233
0,2,G4CMPDriftElectron,1,0.0368365,23.7602,338452,0.968887,0.00130498,0,332403,0.0355315,72.4883
0,2,G4CMPDriftElectron,1,0.0362773,73.142,335873,0.863663,0.00149117,0,328898,0.0347861,78.4918
0,2,G4CMPDriftElectron,1,0.0303478,73.3091,307200,0.133093,0.00209591,0,296402,0.0282519,68.4937
0,2,G4CMPDriftElectron,1,0.0334472,74.6566,322506,0.384117,0.00205751,0,312429,0.0313897,54.4515
0,2,G4CMPDriftElectron,1,0.0274347,48.6083,292084,0.427456,0.0018248,0,282203,0.0256099,67.297
0,2,G4CMPDriftElectron,1,0.0272024,69.3734,290845,0.482043,0.00176803,0,281234,0.0254344,67.0643
0,2,G4CMPDriftElectron,1,0.0254034,67.0231,281063,0.872981,0.00122759,0,274188,0.0241758,27.4045
0,2,G4CMPDriftElectron,1,0.0234864,27.0535,270250,0.849783,0.00121223,0,263183,0.0222741,56.2256
0,2,G4CMPDriftElectron,1,0.0231128,57.7537,268092,0.746056,0.00134172,0,260195,0.0217711,46.8371
0,2,G4CMPDriftElectron,1,0.020474,44.6342,252324,0.368968,0.00161131,0,242192,0.0188627,57.7821
0,2,G4CMPDriftElectron,1,0.0214146,61.5524,258056,0.763538,0.0012684,0,250297,0.0201462,59.6446
0,2,G4CMPDriftElectron,1,0.0198138,59.1695,248223,1.1105,0.000734647,0,243578,0.0190791,39.9244
0,2,G4CMPDriftElectron,1,0.0214225,47.1417,258103,0.866065,0.00113375,0,251180,0.0202887,58.9918
0,2,G4CMPDriftElectron,1,0.0130376,47.3989,201353,0.453684,0.00123031,0,191617,0.0118073,44.9744
0,2,G4CMPDriftElectron,1,0.0111639,42.8135,186323,0.291621,0.00121259,0,175913,0.00995129,38.6159
0,2,G4CMPDriftElectron,1,0.0103078,39.5629,179036,1.01453,0.000624391,0,173529,0.00968338,40.9401
0,2,G4CMPDriftElectron,1,0.00906941,39.4921,167937,0.340193,0.00107141,0,157706,0.007998,28.8386
0,2,G4CMPDriftElectron,1,0.0259052,65.3614,283826,0.653987,0.00154065,0,275256,0.0243646,54.5653
0,2,G4CMPDriftElectron,1,0.0242506,54.4389,274612,0.806152,0.00129426,0,267183,0.0229563,62.6173
0,2,G4CMPDriftElectron,1,0.010409,40.0146,179913,0.925905,0.000719808,0,173581,0.0096892,32.4328
0,2,G4CMPDriftElectron,1,0.0142395,40.1558,210429,0.644731,0.00114062,0,201825,0.0130988,47.9027
0,2,G4CMPDriftElectron,1,0.0134589,48.5803,204579,1.06752,0.000653366,0,199552,0.0128055,31.3779
0,2,G4CMPDriftElectron,1,0.0129085,31.734,200353,1.12992,0.000561056,0,195951,0.0123475,27.205
0,2,G4CMPDriftElectron,1,0.014088,35.1625,209307,0.761048,0.00102409,0,201556,0.0130639,36.2328
0,2,G4CMPDriftElectron,1,0.00918542,30.7423,169008,0.169866,0.00112932,0,158278,0.0080561,26.6592
0,2,G4CMPDriftElectron,1,0.036242,71.1491,335710,0.380607,0.00214639,0,325617,0.0340956,28.8493
0,2,G4CMPDriftElectron,1,0.0316159,23.7098,313553,0.22419,0.00210448,0,302937,0.0295114,39.933
0,2,G4CMPDriftElectron,1,0.0301766,39.961,306332,0.141276,0.00208748,0,295547,0.0280891,46.4666
0,2,G4CMPDriftElectron,1,0.0299897,51.9552,305383,0.858005,0.00136152,0,298370,0.0286282,63.5993
0,2,G4CMPDriftElectron,1,0.0319956,67.7945,315430,0.265252,0.00209531,0,304927,0.0299003,62.6299
0,2,G4CMPDriftElectron,1,0.0294619,62.0618,302683,0.942432,0.00120886,0,296408,0.028253,22.6403
0,2,G4CMPDriftElectron,1,0.0352801,48.6418,331225,0.938915,0.00133305,0,324907,0.033947,77.529
0,2,G4CMPDriftElectron,1,0.0395858,83.7317,350855,0.414846,0.00221234,0,340910,0.0373735,62.4238
0,2,G4CMPDriftElectron,1,0.0350725,60.6156,330249,0.385204,0.00210688,0,320176,0.0329656,71.0192
0,2,G4CMPDriftElectron,1,0.0322849,70.0816,316853,0.708961,0.00164748,0,308663,0.0306374,57.1524
0,2,G4CMPDriftElectron,1,0.0392523,68.0254,349374,0.363466,0.00225057,0,339210,0.0370017,42.1528
0,2,G4CMPDriftElectron,1,0.0330279,39.0339,320478,0.758776,0.00159183,0,312660,0.0314361,72.1976
0,2,G4CMPDriftElectron,1,0.0280108,67.6137,295135,0.25704,0.00196243,0,284609,0.0260484,67.2254
0,2,G4CMPDriftElectron,1,0.0340569,76.7354,325432,0.928018,0.00132905,0,319019,0.0327278,75.4447
0,2,G4CMPDriftElectron,1,0.0320514,74.6073,315705,0.863671,0.00139932,0,308736,0.030652,40.3256
0,2,G4CMPDriftElectron,1,0.0315042,43.7933,312998,0.447477,0.00193959,0,303210,0.0295646,70.9081
0,2,G4CMPDriftElectron,1,0.0178435,53.4615,235558,1.24035,0.000497496,0,232251,0.017346,50.3824
0,2,G4CMPDriftElectron,1,0.0161891,47.7796,224372,0.437291,0.00138644,0,214550,0.0148027,26.9868
0,2,G4CMPDriftElectron,1,0.0142465,25.6826,210481,0.760698,0.00103041,0,202726,0.0132161,43.3725
0,2,G4CMPDriftElectron,1,0.0132604,43.4737,203065,0.698828,0.00105146,0,194848,0.0122089,42.1678
0,2,G4CMPDriftElectron,1,0.0214408,61.4738,258213,0.981337,0.000967896,0,252318,0.0204729,42.7304
0,2,G4CMPDriftElectron,1,0.0256531,54.172,282441,0.500849,0.00169827,0,272932,0.0239548,65.1188
0,2,G4CMPDriftElectron,1,0.0236623,64.6526,271261,0.0651324,0.00185902,0,260387,0.0218033,62.1382
0,2,G4CMPDriftElectron,1,0.0223003,62.6968,263338,0.103712,0.0017976,0,252501,0.0205027,59.0201
0,2,G4CMPDriftElectron,1,0.020481,59.2679,252367,0.921577,0.00103118,0,245932,0.0194498,51.4342
0,2,G4CMPDriftElectron,1,0.0176259,48.4788,234117,0.514889,0.00138997,0,224697,0.0162359,41.5842
0,2,G4CMPDriftElectron,1,0.0238112,53.6727,272113,0.357899,0.00174817,0,261933,0.0220631,19.9212
0,2,G4CMPDriftElectron,1,0.0213568,18.4679,257707,0.449517,0.00158862,0,247937,0.0197682,49.2682
0,2,G4CMPDriftElectron,1,0.0338777,68.6834,324575,0.82819,0.00150013,0,317307,0.0323776,55.7387
0,2,G4CMPDriftElectron,1,0.0324911,55.9629,317863,0.697881,0.00166882,0,309592,0.0308223,73.5458
0,2,G4CMPDriftElectron,1,0.0327223,75.7426,318992,0.888159,0.00137224,0,312232,0.0313501,32.0862
0,2,G4CMPDriftElectron,1,0.0313089,31.5934,312027,0.604789,0.00176086,0,303126,0.0295481,71.9506
0,2,G4CMPDriftElectron,1,0.0297131,72.1568,303971,0.241899,0.00203028,0,293402,0.0276828,67.9431
0,2,G4CMPDriftElectron,1,0.0265345,66.3632,287253,0.372609,0.00183698,0,277131,0.0246976,38.9704
0,2,G4CMPDriftElectron,1,0.032396,56.3594,317398,1.15668,0.000856942,0,313172,0.031539,54.6292
0,2,G4CMPDriftElectron,1,0.0316913,55.0128,313926,0.426522,0.00196497,0,304038,0.0297263,66.7087
0,2,G4CMPDriftElectron,1,0.0253782,60.1618,280924,0.221966,0.00188247,0,270304,0.0234957,64.4992
0,2,G4CMPDriftElectron,1,0.0305282,73.5305,308112,1.0811,0.000977554,0,303139,0.0295507,69.4239
0,2,G4CMPDriftElectron,1,0.0333356,73.7359,321968,1.15263,0.000878192,0,317699,0.0324574,75.2636
0,2,G4CMPDriftElectron,1,0.0389876,82.7146,348194,0.325946,0.00227378,0,337888,0.0367138,64.7662
0,2,G4CMPDriftElectron,1,0.0286765,49.2856,298622,1.14125,0.000833469,0,294250,0.027843,46.168
0,2,G4CMPDriftElectron,1,0.0305312,50.0659,308127,1.05204,0.00103255,0,302872,0.0294987,53.8878
0,2,G4CMPDriftElectron,1,0.0286005,51.9688,298226,0.55919,0.00173367,0,289046,0.0268669,59.5778
0,2,G4CMPDriftElectron,1,0.0186309,47.9843,240699,0.439305,0.00148866,0,230883,0.0171423,49.4076
0,2,G4CMPDriftElectron,1,0.0155911,45.9984,220190,0.705417,0.00113678,0,212011,0.0144544,46.4042
0,2,G4CMPDriftElectron,1,0.0151602,47.6495,217125,0.530557,0.00127441,0,207799,0.0138858,43.8717
0,2,G4CMPDriftElectron,1,0.0112454,37.2625,187002,0.412179,0.00116272,0,177071,0.0100827,40.438
0,2,G4CMPDriftElectron,1,0.0234896,63.9239,270269,0.469631,0.00165101,0,260597,0.0218385,58.7725
0,2,G4CMPDriftElectron,1,0.0421876,85.0542,362202,0.359718,0.00233797,0,352022,0.0398496,63.1705
0,2,G4CMPDriftElectron,1,0.0388862,61.55,347741,0.35348,0.00224841,0,337538,0.0366378,19.666
0,2,G4CMPDriftElectron,1,0.036612,19.8267,337419,1.07851,0.00107959,0,332407,0.0355324,69.6154
0,2,G4CMPDriftElectron,1,0.0463896,83.2653,379812,0.372011,0.00244179,0,369681,0.0439478,83.7732
0,2,G4CMPDriftElectron,1,0.0436658,83.4399,368492,0.206799,0.00248951,0,357834,0.0411763,77.2109
0,2,G4CMPDriftElectron,1,0.0411769,77.2178,357837,0.404506,0.00226745,0,347845,0.0389095,41.5499
0,2,G4CMPDriftElectron,1,0.0429154,47.3186,365312,0.740549,0.00185167,0,357344,0.0410637,85.1169
0,2,G4CMPDriftElectron,1,0.0410129,85.0634,357123,0.64374,0.00196389,0,348468,0.039049,76.0805
0,2,G4CMPDriftElectron,1,0.0441628,82.3203,370584,0.350241,0.00240151,0,360367,0.0417613,85.9897
0,2,G4CMPDriftElectron,1,0.0358825,79.682,334041,1.10063,0.00102249,0,329247,0.03486,66.1473
0,2,G4CMPDriftElectron,1,0.0306412,58.9648,308682,1.08552,0.000970994,0,303751,0.0296702,72.0703
0,2,G4CMPDriftElectron,1,0.0293355,71.6652,302033,0.186045,0.0020422,0,291331,0.0272933,65.8735
0,2,G4CMPDriftElectron,1,0.0335184,73.405,322849,0.095107,0.0022144,0,312002,0.031304,65.7979
0,2,G4CMPDriftElectron,1,0.02804,61.6149,295289,1.04669,0.000997553,0,289989,0.0270425,15.8211
0,2,G4CMPDriftElectron,1,0.0268479,15.6319,288944,0.337853,0.0018725,0,278685,0.0249754,44.6234
0,2,G4CMPDriftElectron,1,0.0266704,46.652,287987,0.86238,0.00127509,0,281018,0.0253953,59.2243
0,2,G4CMPDriftElectron,1,0.0253533,59.2781,280786,0.251235,0.00186803,0,270244,0.0234853,64.4434
0,2,G4CMPDriftElectron,1,0.0221909,62.5754,262691,0.672115,0.00140254,0,254254,0.0207883,46.7196
0,2,G4CMPDriftElectron,1,0.027972,57.6058,294931,0.995381,0.00108671,0,289145,0.0268853,68.9325
0,2,G4CMPDriftElectron,1,0.0278323,70.1244,294193,0.779162,0.00142891,0,286542,0.0264034,17.9246
0,2,G4CMPDriftElectron,1,0.0262813,17.7595,285878,0.444679,0.00177064,0,276080,0.0245106,47.2284
0,2,G4CMPDriftElectron,1,0.0244788,47.1059,275901,0.759851,0.00136367,0,268106,0.0231151,61.5969
0,2,G4CMPDriftElectron,1,0.0264922,66.0878,287023,0.757289,0.00142373,0,279204,0.0250685,42.8711
0,2,G4CMPDriftElectron,1,0.0260265,46.5174,284489,1.02067,0.00100424,0,278947,0.0250222,61.0149
0,2,G4CMPDriftElectron,1,0.0268677,63.8233,289050,0.202392,0.00194638,0,278383,0.0249213,47.4859
0,2,G4CMPDriftElectron,1,0.0220878,40.59,262080,0.469134,0.00160025,0,252408,0.0204875,60.2124
0,2,G4CMPDriftElectron,1,0.0233195,64.221,269288,0.470939,0.00164377,0,259624,0.0216757,60.2588
0,2,G4CMPDriftElectron,1,0.0205131,57.8279,252565,0.553871,0.00146736,0,243364,0.0190457,29.6816
0,2,G4CMPDriftElectron,1,0.0178052,26.7384,235305,0.276939,0.0015482,0,224842,0.016257,32.3292
0,2,G4CMPDriftElectron,1,0.0165559,32.4772,226900,0.678033,0.00120036,0,218519,0.0153555,48.65
0,2,G4CMPDriftElectron,1,0.0147933,47.4504,214482,0.291776,0.00140156,0,204069,0.0133918,48.4047
0,2,G4CMPDriftElectron,1,0.01746,54.9446,233013,0.345223,0.00149862,0,222789,0.0159614,36.9824
0,2,G4CMPDriftElectron,1,0.0148206,35.9383,214680,1.16337,0.000558037,0,210599,0.0142625,34.3845
0,2,G4CMPDriftElectron,1,0.00880578,20.3627,165479,0.809565,0.000761872,0,158158,0.00804391,37.5677
0,2,G4CMPDriftElectron,1,0.00744719,36.1609,152179,0.663933,0.000801843,0,143753,0.00664535,12.4823
0,2,G4CMPDriftElectron,1,0.0149026,43.9513,215273,0.863634,0.000942063,0,208357,0.0139605,37.1373
0,2,G4CMPDriftElectron,1,0.0370683,71.1159,339515,0.873986,0.001489,0,332626,0.0355793,39.341
0,2,G4CMPDriftElectron,1,0.0355891,38.3065,332672,1.13446,0.000947228,0,328215,0.0346419,66.0256
0,2,G4CMPDriftElectron,1,0.0363008,67.9606,335982,1.05499,0.00112332,0,330743,0.0351774,43.2126
0,2,G4CMPDriftElectron,1,0.0353422,43.4675,331516,0.809296,0.00156509,0,324093,0.0337771,73.1822
0,2,G4CMPDriftElectron,1,0.0355405,75.8854,332445,0.45685,0.00205293,0,322701,0.0334876,54.9529
0,2,G4CMPDriftElectron,1,0.0326854,53.3738,318812,0.773528,0.0015605,0,311109,0.0311249,62.6716
0,2,G4CMPDriftElectron,1,0.0345559,66.9052,327808,0.558573,0.00191018,0,318619,0.0326457,24.2015
0,2,G4CMPDriftElectron,1,0.0326482,24.2522,318631,0.764847,0.00157308,0,310860,0.0310751,72.6947
0,2,G4CMPDriftElectron,1,0.0247136,64.7673,277221,0.786342,0.00133443,0,269633,0.0233792,64.308
0,2,G4CMPDriftElectron,1,0.0212151,61.2934,256851,0.665939,0.00137741,0,248373,0.0198377,54.5578
0,2,G4CMPDriftElectron,1,0.0175785,50.4177,233802,1.08405,0.000728321,0,228908,0.0168502,53.3543
0,2,G4CMPDriftElectron,1,0.0170475,53.2919,230244,0.678002,0.00121865,0,221862,0.0158289,25.9954
0,2,G4CMPDriftElectron,1,0.0255972,44.2231,282133,0.512596,0.00168511,0,272689,0.0239121,44.974
0,2,G4CMPDriftElectron,1,0.0312877,60.1402,311921,0.889912,0.001338,0,305179,0.0299497,67.165
0,2,G4CMPDriftElectron,1,0.0303936,67.827,307432,0.339707,0.00199344,0,297180,0.0284002,68.8039
0,2,G4CMPDriftElectron,1,0.0277814,68.0438,293924,0.841736,0.00133418,0,286779,0.0264472,67.7427
0,2,G4CMPDriftElectron,1,0.0171331,53.6104,230821,1.03368,0.000789583,0,225440,0.0163435,50.8885
0,2,G4CMPDriftElectron,1,0.00523258,20.1419,127560,0.443955,0.000769199,0,117812,0.00446338,25.8666
0,2,G4CMPDriftElectron,1,0.00872214,38.2575,164691,0.400447,0.00102479,0,154714,0.00769735,21.5736
0,2,G4CMPDriftElectron,1,0.00733712,11.6262,151050,0.496067,0.000892893,0,141561,0.00644423,24.7331
0,2,G4CMPDriftElectron,1,0.00702893,27.2421,147844,0.303366,0.000950715,0,137482,0.00607822,32.7094
0,2,G4CMPDriftElectron,1,0.00828098,36.7323,160472,1.01241,0.000557709,0,154974,0.00772327,27.3719
0,2,G4CMPDriftElectron,1,0.0154538,47.8394,219218,0.353434,0.00140332,0,209027,0.0140505,49.8613
0,2,G4CMPDriftElectron,1,0.0132801,48.4662,203217,0.605714,0.00113274,0,194357,0.0121474,40.1738
0,2,G4CMPDriftElectron,1,0.0129452,42.1754,200638,0.914757,0.0008196,0,194182,0.0121256,36.9214
0,2,G4CMPDriftElectron,1,0.00808973,31.9396,158608,0.321418,0.00101655,0,148308,0.00707318,35.2834
0,2,G4CMPDriftElectron,1,0.00620187,33.0628,138873,0.443678,0.000840921,0,129116,0.00536095,27.5043
0,2,G4CMPDriftElectron,1,0.00532432,27.8125,128674,0.755893,0.000618059,0,120975,0.00470626,28.6058
0,2,G4CMPDriftElectron,1,0.00981248,41.2715,174682,0.764433,0.000845499,0,166986,0.00896698,39.3499
0,2,G4CMPDriftElectron,1,0.0111909,44.4276,186548,0.983046,0.000686805,0,180733,0.0105041,27.7372
0,2,G4CMPDriftElectron,1,0.0138223,38.3141,207323,1.01495,0.000728565,0,201785,0.0130937,45.6075
0,2,G4CMPDriftElectron,1,0.0245116,63.317,276086,0.85383,0.00123334,0,269050,0.0232783,64.0319
0,2,G4CMPDriftElectron,1,0.0245922,65.8837,276539,0.426453,0.00172646,0,266656,0.0228657,57.6189
0,2,G4CMPDriftElectron,1,0.0131058,37.1047,201879,0.827926,0.000918889,0,194673,0.012187,46.2221
0,2,G4CMPDriftElectron,1,0.007493,34.9504,152646,0.504415,0.000898447,0,143203,0.00659456,20.9949
0,2,G4CMPDriftElectron,1,0.0262185,66.7491,285537,0.699082,0.00149367,0,277284,0.0247248,42.8176
0,2,G4CMPDriftElectron,1,0.0248568,42.7356,278023,0.846209,0.00125342,0,270923,0.0236034,58.56
0,2,G4CMPDriftElectron,1,0.0206559,54.6171,253443,0.818932,0.00117507,0,246129,0.0194808,58.5622
0,2,G4CMPDriftElectron,1,0.0173111,55.2259,232017,0.919946,0.000947056,0,225581,0.016364,30.9267
0,2,G4CMPDriftElectron,1,0.0156519,31.3628,220618,1.09968,0.00066365,0,215890,0.0149882,50.945
0,2,G4CMPDriftElectron,1,0.0168807,54.236,229115,0.509923,0.00136336,0,219668,0.0155174,45.775
0,2,G4CMPDriftElectron,1,0.0115449,38.1022,189475,0.493771,0.0011312,0,179953,0.0104137,30.7281
0,2,G4CMPDriftElectron,1,0.0111539,32.0019,186239,0.679315,0.000977365,0,177893,0.0101766,33.5778
0,2,G4CMPDriftElectron,1,0.0108048,35.4138,183302,0.523926,0.00107422,0,173952,0.00973062,38.5402
0,2,G4CMPDriftElectron,1,0.00751863,33.4844,152907,0.696692,0.000783779,0,144718,0.00673485,29.1699
0,2,G4CMPDriftElectron,1,0.00657066,29.5377,142943,0.362367,0.000898622,0,132809,0.00567204,21.0381
0,2,G4CMPDriftElectron,1,0.00685606,24.7531,146014,0.221563,0.000960194,0,135404,0.00589587,22.5399
0,2,G4CMPDriftElectron,1,0.00553468,22.2424,131191,0.850005,0.000568665,0,124269,0.00496601,27.4384
0,2,G4CMPDriftElectron,1,0.00447485,25.9072,117963,0.690757,0.000599073,0,109784,0.00387577,14.257
0,2,G4CMPDriftElectron,1,0.00472082,15.632,121162,0.423851,0.000735879,0,111319,0.00398494,25.7749
0,2,G4CMPDriftElectron,1,0.00395106,25.6995,110845,0.431039,0.000667649,0,101046,0.00328342,19.2425
0,2,G4CMPDriftElectron,1,0.0116467,41.5571,190309,1.08711,0.000582121,0,185492,0.0110646,36.4339
0,2,G4CMPDriftElectron,1,0.011274,36.7973,187239,0.590617,0.00105184,0,178291,0.0102222,42.4332
0,2,G4CMPDriftElectron,1,0.0131778,48.2684,202432,0.362249,0.00128856,0,192280,0.0118892,38.6636
0,2,G4CMPDriftElectron,1,0.0206476,59.7042,253392,0.805617,0.00119199,0,245969,0.0194556,42.9627
0,2,G4CMPDriftElectron,1,0.0254983,51.3244,281588,1.24205,0.000599001,0,278260,0.0248993,31.6661
0,2,G4CMPDriftElectron,1,0.0266632,35.2678,287948,0.0469333,0.00197779,0,277063,0.0246855,35.6583
0,2,G4CMPDriftElectron,1,0.0246742,35.636,277000,0.529222,0.00163768,0,267649,0.0230365,49.2053
0,2,G4CMPDriftElectron,1,0.0228344,48.5225,266473,0.843613,0.00120339,0,259356,0.021631,56.8313
0,2,G4CMPDriftElectron,1,0.0271023,65.5412,290309,0.477861,0.00176863,0,280677,0.0253337,26.4859
0,2,G4CMPDriftElectron,1,0.0252379,25.8978,280146,0.850048,0.00125763,0,273077,0.0239803,64.4987
0,2,G4CMPDriftElectron,1,0.0193879,58.0255,245541,0.47833,0.00148963,0,235920,0.0178983,39.0347
0,2,G4CMPDriftElectron,1,0.02177,48.4679,260188,0.438767,0.0016127,0,250365,0.0201573,41.595
0,2,G4CMPDriftElectron,1,0.0181711,31.1182,237711,0.529108,0.00140008,0,228370,0.0167711,37.5949
0,2,G4CMPDriftElectron,1,0.00993714,27.3371,175788,0.580137,0.000992307,0,166780,0.00894483,37.5403
0,2,G4CMPDriftElectron,1,0.00791898,34.8372,156925,0.638133,0.00084524,0,148314,0.00707374,34.3376
0,2,G4CMPDriftElectron,1,0.0184606,57.0118,239597,0.29865,0.00156679,0,229204,0.0168938,52.5379
0,2,G4CMPDriftElectron,1,0.0116356,43.7075,190218,0.857034,0.000834646,0,183269,0.0108009,33.6057
0,2,G4CMPDriftElectron,1,0.00832365,16.2288,160885,0.669688,0.000845887,0,152491,0.00747777,36.2807
0,2,G4CMPDriftElectron,1,0.0106807,43.4916,182246,1.01657,0.00063406,0,176753,0.0100466,41.8013
0,2,G4CMPDriftElectron,1,0.0189386,57.83,242679,0.913962,0.00100041,0,236183,0.0179382,54.5269
0,2,G4CMPDriftElectron,1,0.0194481,57.2886,245922,0.598734,0.00138562,0,236999,0.0180625,46.3918
0,2,G4CMPDriftElectron,1,0.0211034,51.2816,256173,0.396671,0.00161789,0,246158,0.0194855,58.5968
0,2,G4CMPDriftElectron,1,0.0186969,57.3785,241125,0.782441,0.00116037,0,233523,0.0175365,19.6136
0,2,G4CMPDriftElectron,1,0.0181908,20.5939,237839,0.271202,0.00156788,0,227359,0.0166229,18.8416
0,2,G4CMPDriftElectron,1,0.0164346,23.9508,226067,0.69288,0.00118093,0,217794,0.0152537,51.6629
0,2,G4CMPDriftElectron,1,0.00695483,33.3882,147062,0.682388,0.00076174,0,138775,0.00619309,10.5537
0,2,G4CMPDriftElectron,1,0.00669669,17.2765,144307,0.971154,0.000532611,0,138450,0.00616408,32.9745
0,2,G4CMPDriftElectron,1,0.0281381,70.491,295805,0.336869,0.00191855,0,285542,0.0262195,52.4661
0,2,G4CMPDriftElectron,1,0.025505,51.3963,281625,0.585261,0.00160718,0,272607,0.0238978,62.2462
0,2,G4CMPDriftElectron,1,0.0238686,62.0629,272440,1.10698,0.000816057,0,267743,0.0230525,58.403
0,2,G4CMPDriftElectron,1,0.0214729,55.718,258406,0.146045,0.00175368,0,247630,0.0197192,47.7724
0,2,G4CMPDriftElectron,1,0.0251589,57.9704,279707,1.31827,0.000451633,0,277185,0.0247073,64.6701
0,2,G4CMPDriftElectron,1,0.028507,69.8359,297738,0.70569,0.00155022,0,289529,0.0269567,61.674
0,2,G4CMPDriftElectron,1,0.0246686,59.0769,276968,0.178806,0.00187211,0,266251,0.0227965,56.4093
0,2,G4CMPDriftElectron,1,0.0258488,58.4107,283516,0.841963,0.00128524,0,276378,0.0245635,65.4179
0,2,G4CMPDriftElectron,1,0.0223601,62.2888,263690,0.321407,0.00171535,0,253374,0.0206447,50.6175
0,2,G4CMPDriftElectron,1,0.0225697,54.4871,264924,0.404344,0.0016689,0,254941,0.0209008,59.2211
0,2,G4CMPDriftElectron,1,0.0207996,59.0817,254323,0.574936,0.00145776,0,245249,0.0193419,33.2617
0,2,G4CMPDriftElectron,1,0.0186317,29.898,240705,0.480194,0.00145809,0,231094,0.0171737,54.474
0,2,G4CMPDriftElectron,1,0.0173881,54.8946,232532,1.26337,0.000454997,0,229470,0.0169331,52.0019
0,2,G4CMPDriftElectron,1,0.0170403,52.1996,230196,1.2956,0.000400232,0,227476,0.0166401,50.8953
0,2,G4CMPDriftElectron,1,0.0244966,63.6866,276001,1.07119,0.000888567,0,270949,0.0236081,50.7011
0,2,G4CMPDriftElectron,1,0.0270074,55.7498,289801,1.13509,0.000819065,0,285372,0.0261883,44.4248
0,2,G4CMPDriftElectron,1,0.0269823,45.5727,289666,0.564083,0.00167753,0,280517,0.0253048,66.4725
0,2,G4CMPDriftElectron,1,0.0254916,66.6847,281551,0.774072,0.0013729,0,273864,0.0241187,63.5058
0,2,G4CMPDriftElectron,1,0.0263037,66.3763,286000,0.3287,0.00185904,0,275708,0.0244446,65.7716
0,2,G4CMPDriftElectron,1,0.0222537,62.7343,263063,1.29892,0.000456945,0,260348,0.0217968,55.1722
0,2,G4CMPDriftElectron,1,0.0217591,55.1062,260123,1.17605,0.000662955,0,256130,0.0210962,53.5759
0,2,G4CMPDriftElectron,1,0.0204535,52.1871,252198,1.25189,0.000516011,0,248996,0.0199375,57.5379
0,2,G4CMPDriftElectron,1,0.0194573,56.7544,245980,0.299868,0.00160893,0,235590,0.0178484,40.8824
0,2,G4CMPDriftElectron,1,0.0286256,61.8955,298356,0.255385,0.00198514,0,287825,0.0266404,64.7474
0,2,G4CMPDriftElectron,1,0.0238979,60.5421,272607,0.459251,0.00167452,0,262883,0.0222234,57.6323
0,2,G4CMPDriftElectron,1,0.0228487,58.4274,266556,0.626391,0.00147538,0,257806,0.0213733,19.8921
0,2,G4CMPDriftElectron,1,0.019406,18.4235,245656,0.976608,0.000925723,0,239725,0.0184803,52.4289
0,2,G4CMPDriftElectron,1,0.0289692,68.7662,300142,0.481356,0.00182643,0,290526,0.0271428,63.2944
0,2,G4CMPDriftElectron,1,0.0241036,58.4002,273778,0.765405,0.00134552,0,266027,0.0227581,37.0666
0,2,G4CMPDriftElectron,1,0.0237471,38.3703,271746,0.556958,0.0015786,0,262558,0.0221685,62.3393
0,2,G4CMPDriftElectron,1,0.0208874,60.4459,254859,1.14923,0.000692741,0,250597,0.0201947,40.8858
0,2,G4CMPDriftElectron,1,0.0194407,38.7937,245875,0.579104,0.00140414,0,236829,0.0180365,55.4394
0,2,G4CMPDriftElectron,1,0.022329,62.143,263508,0.85514,0.00117359,0,256489,0.0211555,27.4451
0,2,G4CMPDriftElectron,1,0.0284523,42.1125,297452,0.181483,0.00201239,0,286740,0.0264399,56.574
0,2,G4CMPDriftElectron,1,0.0199785,46.6387,249252,0.669767,0.00133139,0,240804,0.0186471,56.8572
0,2,G4CMPDriftElectron,1,0.0190445,57.5324,243357,0.601689,0.00136793,0,234454,0.0176766,29.275
0,2,G4CMPDriftElectron,1,0.0164012,26.7356,225837,0.279569,0.00148323,0,215384,0.014918,44.4722
0,2,G4CMPDriftElectron,1,0.0152212,44.8969,217562,0.759168,0.00106797,0,209791,0.0141533,31.59
0,2,G4CMPDriftElectron,1,0.0181004,38.9789,237248,0.849908,0.00105938,0,230200,0.017041,35.6817
0,2,G4CMPDriftElectron,1,0.016445,33.4601,226139,1.32332,0.000350066,0,223719,0.0160949,39.4404
0,2,G4CMPDriftElectron,1,0.0199473,44.609,249058,0.781821,0.00120056,0,241447,0.0187468,57.0971
0,2,G4CMPDriftElectron,1,0.0216698,61.3597,259588,0.245272,0.00172679,0,249031,0.019943,55.8381
0,2,G4CMPDriftElectron,1,0.0110117,36.9087,185048,0.680584,0.000969835,0,176712,0.0100419,39.9866
0,2,G4CMPDriftElectron,1,0.00499255,27.7987,124600,0.758912,0.000595472,0,116934,0.00439707,11.5056
0,2,G4CMPDriftElectron,1,0.00547842,20.6059,130523,0.368973,0.000815062,0,120422,0.00466336,9.34396
0,2,G4CMPDriftElectron,1,0.00563703,12.933,132398,0.893548,0.000543322,0,125856,0.0050937,24.6708
0,2,G4CMPDriftElectron,1,0.0045927,20.8019,119507,0.601532,0.000652395,0,110694,0.0039403,26.3518
0,2,G4CMPDriftElectron,1,0.00455115,27.6999,118965,0.659287,0.000620881,0,110553,0.00393027,24.9712
0,2,G4CMPDriftElectron,1,0.0284193,70.8643,297279,1.01434,0.00106232,0,291670,0.027357,69.0805
0,2,G4CMPDriftElectron,1,0.0276676,69.5219,293321,0.269157,0.00194365,0,282831,0.0257239,65.9222
0,2,G4CMPDriftElectron,1,0.0258448,66.0696,283494,0.297713,0.00186139,0,273095,0.0239834,48.7427
0,2,G4CMPDriftElectron,1,0.0226012,46.6536,265109,0.369668,0.00169441,0,254978,0.0209068,60.8444
0,2,G4CMPDriftElectron,1,0.024876,66.3349,278130,0.57942,0.00159302,0,269078,0.023283,64.1943
0,2,G4CMPDriftElectron,1,0.0239601,65.1285,272962,1.36765,0.000347789,0,270974,0.0236123,60.7936
0,2,G4CMPDriftElectron,1,0.0337478,75.2402,323952,0.6776,0.00173075,0,315536,0.032017,56.9864
0,2,G4CMPDriftElectron,1,0.0355921,64.2545,332686,0.543274,0.00195785,0,323406,0.0336342,23.0364
0,2,G4CMPDriftElectron,1,0.0336456,23.0433,323461,0.694825,0.00170333,0,315167,0.0319423,75.1045
0,2,G4CMPDriftElectron,1,0.0297533,72.5015,304176,0.768984,0.00149386,0,296442,0.0282594,20.9317
0,2,G4CMPDriftElectron,1,0.0275922,27.1785,292922,1.22744,0.00065298,0,289435,0.0269392,37.1264
0,2,G4CMPDriftElectron,1,0.0208609,27.3884,254697,0.45684,0.0015639,0,244964,0.019297,31.3303
0,2,G4CMPDriftElectron,1,0.0196625,31.4609,247274,0.833339,0.00112717,0,240081,0.0185353,56.4335
0,2,G4CMPDriftElectron,1,0.0235635,64.0325,270694,1.10778,0.000809225,0,266005,0.0227543,48.3149
0,2,G4CMPDriftElectron,1,0.0233708,49.2703,269584,0.489176,0.00162971,0,260015,0.0217411,57.6728
0,2,G4CMPDriftElectron,1,0.0115967,40.7746,189900,1.2414,0.000392343,0,186660,0.0112044,28.922
0,2,G4CMPDriftElectron,1,0.0101643,27.4524,177786,0.420717,0.00109923,0,167897,0.00906509,24.3822
0,2,G4CMPDriftElectron,1,0.0133129,35.1376,203467,0.258745,0.00134042,0,192953,0.0119725,34.7677
0,2,G4CMPDriftElectron,1,0.0110095,32.6368,185030,0.333807,0.00118708,0,174770,0.00982238,41.4426
0,2,G4CMPDriftElectron,1,0.0169805,54.2892,229791,0.370369,0.00146319,0,219668,0.0155173,52.3491
0,2,G4CMPDriftElectron,1,0.0157124,52.7485,221044,0.294522,0.00144438,0,210640,0.014268,43.5763
0,2,G4CMPDriftElectron,1,0.0149841,45.9059,215860,0.674709,0.00114325,0,207462,0.0138408,48.7511
0,2,G4CMPDriftElectron,1,0.0257919,67.3838,283204,0.452888,0.00174666,0,273447,0.0240452,64.9847
0,2,G4CMPDriftElectron,1,0.0249738,65.7141,278676,0.299638,0.001828,0,268284,0.0231458,49.5471
0,2,G4CMPDriftElectron,1,0.0231934,50.595,268559,0.581768,0.00153446,0,259523,0.0216589,50.8239
0,2,G4CMPDriftElectron,1,0.0306491,63.468,308722,0.665876,0.00166337,0,300227,0.0289858,44.935
0,2,G4CMPDriftElectron,1,0.0301259,48.1619,306075,0.949493,0.00121055,0,299862,0.0289153,50.5707
0,2,G4CMPDriftElectron,1,0.0291973,51.4096,301321,0.483768,0.00183139,0,291718,0.0273659,68.5704
0,2,G4CMPDriftElectron,1,0.0247153,65.2489,277230,1.1423,0.000769161,0,272882,0.0239461,38.5418
0,2,G4CMPDriftElectron,1,0.0223392,38.7097,263568,0.660632,0.00142046,0,255050,0.0209188,60.1866
0,2,G4CMPDriftElectron,1,0.0233657,63.5991,269555,0.564143,0.00155835,0,260411,0.0218074,37.1182
0,2,G4CMPDriftElectron,1,0.0200965,29.3905,249988,0.711929,0.00128836,0,241842,0.0188082,54.8758
0,2,G4CMPDriftElectron,1,0.0183169,54.1164,238663,0.205543,0.00159936,0,228005,0.0167176,46.6399
0,2,G4CMPDriftElectron,1,0.0169716,47.0774,229731,0.827109,0.0010519,0,222498,0.0159197,53.0598
0,2,G4CMPDriftElectron,1,0.0159217,53.1026,222512,0.489358,0.00133834,0,212955,0.0145834,37.6137
0,2,G4CMPDriftElectron,1,0.0102899,28.3981,178881,0.164105,0.00119872,0,168139,0.00909116,32.8235
0,2,G4CMPDriftElectron,1,0.014983,44.8173,215852,0.773159,0.0010446,0,208192,0.0139384,46.2118
0,2,G4CMPDriftElectron,1,0.0248139,64.6606,277783,0.408976,0.0017482,0,267819,0.0230657,53.801
0,2,G4CMPDriftElectron,1,0.0223866,52.7822,263847,0.410097,0.00165775,0,253890,0.0207289,56.4381
0,2,G4CMPDriftElectron,1,0.0207856,56.5114,254237,0.332213,0.00164631,0,243961,0.0191393,56.954
0,2,G4CMPDriftElectron,1,0.0263688,66.1947,286354,0.85948,0.00127206,0,279362,0.0250968,62.5408
0,2,G4CMPDriftElectron,1,0.0241015,61.2307,273766,1.12012,0.000797598,0,269198,0.0233039,64.1883
0,2,G4CMPDriftElectron,1,0.0230721,63.8698,267856,0.797985,0.0012725,0,260365,0.0217996,57.9724
0,2,G4CMPDriftElectron,1,0.0225338,58.4667,264713,1.11761,0.000774143,0,260126,0.0217596,60.6506
0,2,G4CMPDriftElectron,1,0.0241842,64.2526,274236,1.19674,0.000664131,0,270444,0.0235201,47.1388
0,2,G4CMPDriftElectron,1,0.0277077,55.5357,293534,0.976382,0.00111398,0,287573,0.0265938,68.6284
0,2,G4CMPDriftElectron,1,0.028063,70.4953,295410,0.960471,0.00114848,0,289302,0.0269145,31.7294
0,2,G4CMPDriftElectron,1,0.0269586,31.821,289539,0.592265,0.00164552,0,280563,0.0253131,66.9559
0,2,G4CMPDriftElectron,1,0.024836,66.3223,277907,0.402763,0.00175377,0,267915,0.0230823,48.1174
0,2,G4CMPDriftElectron,1,0.0298501,60.6503,304671,0.840577,0.0013862,0,297513,0.0284639,41.5029
0,2,G4CMPDriftElectron,1,0.0281883,41.0444,296069,0.386422,0.00188392,0,286004,0.0263044,57.2064
0,2,G4CMPDriftElectron,1,0.0336241,66.7102,323358,0.56919,0.00187087,0,314233,0.0317532,74.9867
0,2,G4CMPDriftElectron,1,0.0301477,73.0594,306186,0.473474,0.00187175,0,296528,0.0282759,67.3549
0,2,G4CMPDriftElectron,1,0.0387107,79.3708,346955,0.495633,0.00210097,0,337409,0.0366097,70.704
0,2,G4CMPDriftElectron,1,0.0364225,70.4389,336545,1.12879,0.000970798,0,332029,0.0354517,75.124
0,2,G4CMPDriftElectron,1,0.0313993,69.8767,312477,1.06063,0.0010313,0,307302,0.030368,63.2832
0,2,G4CMPDriftElectron,1,0.0294766,62.1321,302759,0.348614,0.00195617,0,292540,0.0275204,68.4487
0,2,G4CMPDriftElectron,1,0.0286484,69.8439,298475,0.47227,0.0018248,0,288813,0.0268236,68.9148
0,2,G4CMPDriftElectron,1,0.0174511,55.4768,232953,0.463085,0.0014226,0,223256,0.0160285,43.9285
0,2,G4CMPDriftElectron,1,0.017191,45.6841,231211,0.674376,0.00122761,0,222803,0.0159634,48.7896
0,2,G4CMPDriftElectron,1,0.00535159,11.8278,129003,0.531951,0.00074104,0,119739,0.00461055,21.0509
0,2,G4CMPDriftElectron,1,0.00452858,23.5488,118670,0.645854,0.000626029,0,110162,0.00390255,26.1345
0,2,G4CMPDriftElectron,1,0.0161328,52.6691,223982,1.02485,0.000776934,0,218522,0.0153559,24.8811
0,2,G4CMPDriftElectron,1,0.0283564,49.7517,296950,0.823752,0.001376,0,289656,0.0269804,62.8328
0,2,G4CMPDriftElectron,1,0.0280285,64.5817,295228,1.15554,0.000796581,0,291003,0.0272319,58.1493
0,2,G4CMPDriftElectron,1,0.0311471,64.4241,311219,0.541169,0.00183143,0,301931,0.0293156,59.4398
0,2,G4CMPDriftElectron,1,0.0288656,58.4831,299604,1.25473,0.000614524,0,296398,0.028251,41.3525
0,2,G4CMPDriftElectron,1,0.0252972,30.3092,280475,0.375032,0.001791,0,270364,0.0235062,43.0601
0,2,G4CMPDriftElectron,1,0.0195991,36.7987,246874,0.948296,0.000970704,0,240683,0.0186284,55.5474
0,2,G4CMPDriftElectron,1,0.0206089,58.7671,253154,0.968265,0.000967379,0,247141,0.0196415,56.4482
0,2,G4CMPDriftElectron,1,0.0207872,57.5411,254247,0.68968,0.00133653,0,245938,0.0194507,57.9362
0,2,G4CMPDriftElectron,1,0.017019,54.19,230051,0.602919,0.00128993,0,221161,0.0157291,49.6229
0,2,G4CMPDriftElectron,1,0.0232293,60.5387,268767,0.416982,0.00168416,0,258841,0.0215451,61.0412
0,2,G4CMPDriftElectron,1,0.0216532,61.1081,259489,0.485659,0.00157024,0,249903,0.0200829,43.0531
0,2,G4CMPDriftElectron,1,0.0199954,42.6902,249358,0.96312,0.000959694,0,243300,0.0190357,54.5554
0,2,G4CMPDriftElectron,1,0.0188985,54.857,242422,1.04214,0.000818804,0,237112,0.0180797,23.5582
0,2,G4CMPDriftElectron,1,0.0158713,18.9438,222159,0.435959,0.00137326,0,212331,0.014498,46.1956
0,2,G4CMPDriftElectron,1,0.0167925,49.9972,228516,0.629418,0.00125653,0,219800,0.015536,48.0925
0,2,G4CMPDriftElectron,1,0.00688198,30.4745,146290,0.652347,0.000776603,0,137789,0.00610538,25.3015
0,2,G4CMPDriftElectron,1,0.0150717,48.7577,216491,0.744833,0.00107738,0,208610,0.0139943,44.2175
0,2,G4CMPDriftElectron,1,0.0232782,63.0848,269050,0.376936,0.00171517,0,258948,0.021563,61.5159
0,2,G4CMPDriftElectron,1,0.0147414,50.5242,214105,0.757545,0.00105206,0,206323,0.0136893,40.543
0,2,G4CMPDriftElectron,1,0.0142221,41.0441,210300,1.16946,0.000537612,0,206287,0.0136844,49.2294
0,2,G4CMPDriftElectron,1,0.0126712,47.3418,198503,0.239805,0.00131329,0,187935,0.011358,41.5576
0,2,G4CMPDriftElectron,1,0.0114322,41.6839,188548,0.343816,0.00120599,0,178326,0.0102262,38.3057
0,2,G4CMPDriftElectron,1,0.0117388,42.117,191060,1.02068,0.000661888,0,185595,0.0110769,41.7152
0,2,G4CMPDriftElectron,1,0.0140752,46.3401,209212,1.07401,0.000660674,0,204243,0.0134146,35.8616
0,2,G4CMPDriftElectron,1,0.0144023,32.9436,211628,0.736169,0.00106099,0,203684,0.0133413,39.6394
0,2,G4CMPDriftElectron,1,0.0125397,38.7258,197470,0.660369,0.00105489,0,188982,0.0114848,43.0839
0,2,G4CMPDriftElectron,1,0.0119517,45.991,192785,0.535238,0.00112405,0,183496,0.0108277,27.2088
0,2,G4CMPDriftElectron,1,0.0127117,23.2912,198820,0.27538,0.00130281,0,188356,0.0114089,21.6477
0,2,G4CMPDriftElectron,1,0.0147167,37.1367,213926,0.615061,0.00118642,0,205122,0.0135303,37.3036
0,2,G4CMPDriftElectron,1,0.013446,36.6878,204482,0.817999,0.000941661,0,197192,0.0125043,37.8171
0,2,G4CMPDriftElectron,1,0.00880655,30.5397,165486,0.738939,0.000819171,0,157601,0.00798738,37.2522
0,2,G4CMPDriftElectron,1,0.0256221,66.6482,282271,0.771422,0.00138017,0,274563,0.024242,23.4842
0,2,G4CMPDriftElectron,1,0.0242372,23.0017,274536,0.410831,0.00172589,0,264581,0.0225113,53.8076
0,2,G4CMPDriftElectron,1,0.0216451,52.7772,259440,1.03202,0.000894805,0,254021,0.0207503,59.6095
0,2,G4CMPDriftElectron,1,0.0219927,61.3367,261516,0.398037,0.00165146,0,251505,0.0203413,37.4811
0,2,G4CMPDriftElectron,1,0.0195188,35.8838,246368,0.543424,0.00143983,0,237107,0.018079,44.0439
0,2,G4CMPDriftElectron,1,0.0178146,43.3827,235367,0.383049,0.00149192,0,225296,0.0163226,12.8062
0,2,G4CMPDriftElectron,1,0.0162302,13.3827,224657,0.191097,0.00150775,0,213968,0.0147225,18.2902
0,2,G4CMPDriftElectron,1,0.015619,20.795,220386,0.249172,0.00145877,0,209842,0.0141602,35.8257
0,2,G4CMPDriftElectron,1,0.012673,35.1075,198517,0.36488,0.0012616,0,188377,0.0114114,31.3773
0,2,G4CMPDriftElectron,1,0.00808644,11.7071,158576,0.679163,0.000826622,0,150252,0.00725982,35.8125
0,2,G4CMPDriftElectron,1,0.0107425,43.4879,182772,0.40627,0.00113857,0,172815,0.00960391,36.4995
0,2,G4CMPDriftElectron,1,0.00420584,8.78888,114363,0.418609,0.000694157,0,104500,0.00351168,16.0175
0,2,G4CMPDriftElectron,1,0.0280766,69.7417,295481,0.533964,0.00174452,0,286154,0.026332,53.0449
0,2,G4CMPDriftElectron,1,0.0255882,51.9938,282084,0.850064,0.00126657,0,275014,0.0243216,48.3055
0,2,G4CMPDriftElectron,1,0.0300449,59.1531,305664,0.510163,0.00183138,0,296201,0.0282135,64.1253
0,2,G4CMPDriftElectron,1,0.0276666,62.7501,293316,0.714118,0.00151534,0,285171,0.0261513,31.2224
0,2,G4CMPDriftElectron,1,0.0263224,32.5594,286102,1.1257,0.000825159,0,281582,0.0254972,54.0214
0,2,G4CMPDriftElectron,1,0.0371322,72.1545,339808,0.764317,0.00168104,0,332027,0.0354511,71.5627
0,2,G4CMPDriftElectron,1,0.0357287,71.7045,333324,0.107444,0.00228458,0,322491,0.0334442,63.3657
0,2,G4CMPDriftElectron,1,0.0324334,62.4295,317581,0.920221,0.00130991,0,311102,0.0311235,69.5617
0,2,G4CMPDriftElectron,1,0.0311371,69.5776,311170,0.774929,0.00152004,0,303479,0.0296171,60.3239
0,2,G4CMPDriftElectron,1,0.0213752,49.9477,257818,0.783373,0.00124215,0,250215,0.0201331,49.3286
0,2,G4CMPDriftElectron,1,0.0224218,53.7393,264054,0.266785,0.00174707,0,253558,0.0206747,59.8477
0,2,G4CMPDriftElectron,1,0.0201912,59.1046,250576,0.574666,0.00143597,0,241501,0.0187552,34.2546
0,2,G4CMPDriftElectron,1,0.0202716,36.9255,251074,0.587492,0.00142652,0,242079,0.0188451,43.019
0,2,G4CMPDriftElectron,1,0.0156264,38.1347,220439,0.144719,0.00149069,0,209661,0.0141357,25.8906
0,2,G4CMPDriftElectron,1,0.0155108,27.9557,219622,1.07436,0.000694976,0,214645,0.0148158,48.5753
0,2,G4CMPDriftElectron,1,0.0214612,58.9844,258336,0.365776,0.00165268,0,248190,0.0198086,59.1928
0,2,G4CMPDriftElectron,1,0.0169538,54.7202,229611,1.03475,0.000783749,0,224241,0.0161701,27.2313
0,2,G4CMPDriftElectron,1,0.0161392,27.0831,224026,0.80481,0.00105033,0,216614,0.0150888,47.8175
0,2,G4CMPDriftElectron,1,0.0213231,57.6365,257503,0.768012,0.00126,0,249780,0.0200631,40.064
0,2,G4CMPDriftElectron,1,0.0191182,37.1391,243827,0.523296,0.00144207,0,234451,0.0176761,53.5981
0,2,G4CMPDriftElectron,1,0.02084,58.822,254570,0.496342,0.00153076,0,245042,0.0193093,52.8077
0,2,G4CMPDriftElectron,1,0.0105064,36.9468,180752,0.385027,0.00113594,0,170702,0.00937043,15.3647
0,2,G4CMPDriftElectron,1,0.00939563,15.4644,170931,0.68053,0.000892974,0,162606,0.00850265,34.7553
0,2,G4CMPDriftElectron,1,0.0178694,54.4517,235729,0.666852,0.00126007,0,227266,0.0166093,53.3079
0,2,G4CMPDriftElectron,1,0.0156099,51.2754,220322,0.85697,0.000972858,0,213346,0.0146371,12.779
0,2,G4CMPDriftElectron,1,0.0177163,22.3375,234717,0.380891,0.00148902,0,224637,0.0162273,48.5254
0,2,G4CMPDriftElectron,1,0.0101367,36.824,177544,0.851326,0.000781848,0,170560,0.00935488,38.9205
0,2,G4CMPDriftElectron,1,0.0105349,42.1168,180998,0.25598,0.00118907,0,170478,0.00934584,34.1199
0,2,G4CMPDriftElectron,1,0.0098804,34.8631,175285,0.195023,0.00116708,0,164608,0.00871332,38.0888
0,2,G4CMPDriftElectron,1,0.00734426,35.1469,151123,0.53156,0.000874868,0,141837,0.00646939,32.6322
0,2,G4CMPDriftElectron,1,0.00464758,24.1184,120219,1.03847,0.000389464,0,115071,0.00425812,12.0129
0,2,G4CMPDriftElectron,1,0.0128665,36.1366,200027,0.546264,0.00115976,0,190799,0.0117068,44.5048
0,2,G4CMPDriftElectron,1,0.00804875,32.0453,158206,0.41641,0.000975905,0,148305,0.00707285,27.6536
0,2,G4CMPDriftElectron,1,0.0102387,38.3951,178435,0.450489,0.00108768,0,168692,0.00915104,39.8749
0,2,G4CMPDriftElectron,1,0.00212373,19.254,81265.8,0.75444,0.00037684,0,73704,0.00174689,10.6519
0,2,G4CMPDriftElectron,1,0.00958047,36.0554,172604,0.619055,0.000947078,0,163851,0.00863339,32.3034
0,2,G4CMPDriftElectron,1,0.00682307,25.9489,145663,0.595516,0.000807001,0,136777,0.00601607,18.214
0,2,G4CMPDriftElectron,1,0.0251192,65.086,279487,0.488586,0.00169151,0,269912,0.0234277,50.3566
0,2,G4CMPDriftElectron,1,0.0202521,40.9212,250953,0.213151,0.00168091,0,240313,0.0185712,51.9675
0,2,G4CMPDriftElectron,1,0.0187101,53.0811,241210,0.639634,0.00131822,0,232558,0.0173919,55.2782
0,2,G4CMPDriftElectron,1,0.0194336,58.5039,245830,0.389414,0.00155581,0,235784,0.0178778,40.4908
0,2,G4CMPDriftElectron,1,0.0135926,26.2813,205593,0.724408,0.00104095,0,197564,0.0125516,46.1246
0,2,G4CMPDriftElectron,1,0.0215985,61.849,259161,0.604652,0.00145619,0,250272,0.0201423,44.6418
0,2,G4CMPDriftElectron,1,0.0174038,37.5287,232638,1.16597,0.000604014,0,228565,0.0167998,19.6995
0,2,G4CMPDriftElectron,1,0.0182921,23.2119,238501,1.02177,0.000834159,0,232999,0.0174579,54.2312
0,2,G4CMPDriftElectron,1,0.0218046,60.7015,260395,0.788422,0.00124843,0,252830,0.0205562,60.279
0,2,G4CMPDriftElectron,1,0.0203512,59.9948,251567,0.844385,0.00113292,0,244464,0.0192183,54.9403
0,2,G4CMPDriftElectron,1,0.0381,80.6622,344207,0.837085,0.00157731,0,337007,0.0365226,34.3578
0,2,G4CMPDriftElectron,1,0.0411665,42.0206,357792,0.883385,0.00155306,0,350978,0.0396135,80.9545
0,2,G4CMPDriftElectron,1,0.0407576,82.1014,356010,0.679485,0.00190285,0,347600,0.0388547,60.5626
0,2,G4CMPDriftElectron,1,0.0427072,66.9435,364425,0.503638,0.00219888,0,354920,0.0405083,74.9322
0,2,G4CMPDriftElectron,1,0.0413848,75.648,358739,0.864226,0.00159421,0,351761,0.0397906,83.6668
0,2,G4CMPDriftElectron,1,0.0382477,82.0408,344874,0.805197,0.00163685,0,337414,0.0366108,76.8776
0,2,G4CMPDriftElectron,1,0.0364625,76.6894,336730,0.436005,0.00210112,0,326884,0.0343614,68.5418
0,2,G4CMPDriftElectron,1,0.0363985,70.5274,336434,1.30628,0.00057831,0,333751,0.0358202,56.0864
0,2,G4CMPDriftElectron,1,0.0381204,56.4131,344300,1.37712,0.000426262,0,342370,0.0376942,62.294
0,2,G4CMPDriftElectron,1,0.0376851,62.2685,342328,1.37202,0.000435599,0,340344,0.0372495,41.1247
0,2,G4CMPDriftElectron,1,0.0379086,40.7238,343342,0.447137,0.00213168,0,333549,0.0357769,63.5198
0,2,G4CMPDriftElectron,1,0.0320322,58.6929,315611,1.20034,0.00076267,0,311831,0.0312695,27.2775
0,2,G4CMPDriftElectron,1,0.0281015,21.3985,295613,0.269089,0.00195917,0,285122,0.0261424,32.106
0,2,G4CMPDriftElectron,1,0.0249128,26.0632,278336,0.384059,0.00177053,0,268263,0.0231423,36.1987
0,2,G4CMPDriftElectron,1,0.0198686,30.5007,248566,0.662156,0.00133581,0,240065,0.0185328,50.7687
0,2,G4CMPDriftElectron,1,0.0219348,55.857,261171,0.853276,0.00116541,0,254138,0.0207694,56.5232
0,2,G4CMPDriftElectron,1,0.0202675,55.8704,251049,0.663998,0.00134754,0,242560,0.01892,57.5954
0,2,G4CMPDriftElectron,1,0.0188666,57.5118,242217,0.715757,0.00124287,0,234103,0.0176237,15.2217
0,2,G4CMPDriftElectron,1,0.0178781,21.9597,235787,0.675936,0.00125104,0,227387,0.0166271,48.4374
0,2,G4CMPDriftElectron,1,0.0170136,49.0881,230015,1.01224,0.000816198,0,224430,0.0161974,47.1916
0,2,G4CMPDriftElectron,1,0.0168113,48.4388,228643,0.636609,0.00125044,0,219976,0.0155609,31.0536
0,2,G4CMPDriftElectron,1,0.0218912,41.0206,260911,0.363863,0.00167079,0,250757,0.0202204,16.4087
0,2,G4CMPDriftElectron,1,0.0202161,16.7127,250730,1.11344,0.000737809,0,246112,0.0194783,44.7541
0,2,G4CMPDriftElectron,1,0.0163738,39.8469,225648,0.398658,0.00141934,0,215647,0.0149544,51.461
0,2,G4CMPDriftElectron,1,0.0151189,51.7463,216829,0.983265,0.000804213,0,210984,0.0143147,50.3414
0,2,G4CMPDriftElectron,1,0.01041,42.9369,179922,0.967228,0.000677566,0,173968,0.00973248,41.1247
0,2,G4CMPDriftElectron,1,0.0149419,51.3979,215556,0.768139,0.0010484,0,207857,0.0138935,33.0734
0,2,G4CMPDriftElectron,1,0.0145256,34.4402,212533,0.272288,0.00139655,0,202058,0.0131291,31.7259
0,2,G4CMPDriftElectron,1,0.00826694,17.8438,160336,0.691421,0.000827503,0,152100,0.00743943,31.7422
0,2,G4CMPDriftElectron,1,0.00594493,26.7269,135966,0.711941,0.000683303,0,127914,0.00526162,23.1779
0,2,G4CMPDriftElectron,1,0.0133285,42.661,203586,0.548687,0.00117927,0,194371,0.0121492,45.941
0,2,G4CMPDriftElectron,1,0.00665869,34.3385,143897,0.233199,0.000943073,0,133318,0.00571562,31.1596
0,2,G4CMPDriftElectron,1,0.0114735,43.9023,188888,1.22069,0.000415905,0,185433,0.0110576,43.1723
0,2,G4CMPDriftElectron,1,0.0147687,49.5556,214304,0.39558,0.00134785,0,204291,0.0134209,46.8817
0,2,G4CMPDriftElectron,1,0.0138479,47.4768,207515,0.286423,0.00135701,0,197086,0.0124909,46.248
0,2,G4CMPDriftElectron,1,0.0161641,52.2836,224199,0.133789,0.00151916,0,213404,0.0146449,47.8497
0,2,G4CMPDriftElectron,1,0.0136828,46.4606,206275,0.797258,0.000971921,0,198814,0.0127109,21.3112
0,2,G4CMPDriftElectron,1,0.0145648,24.1828,212819,0.121945,0.00144236,0,202006,0.0131224,16.3896
0,2,G4CMPDriftElectron,1,0.0133498,23.4008,203749,0.558528,0.00117285,0,194593,0.0121769,31.9674
0,2,G4CMPDriftElectron,1,0.0137576,35.1506,206838,0.610383,0.00114974,0,198007,0.0126079,36.4762
0,2,G4CMPDriftElectron,1,0.00919744,31.9315,169119,0.183156,0.00112732,0,158416,0.00807012,22.1969
0,2,G4CMPDriftElectron,1,0.0111713,28.9982,186384,0.476139,0.00112286,0,176769,0.0100484,15.5647
0,2,G4CMPDriftElectron,1,0.0112969,25.1398,187430,0.46863,0.00113386,0,177775,0.0101631,32.1346
0,2,G4CMPDriftElectron,1,0.0106965,33.2632,182381,0.234991,0.00120497,0,171801,0.00949155,18.0883
0,2,G4CMPDriftElectron,1,0.0211705,54.298,256580,0.402336,0.00161656,0,246590,0.0195539,57.3303
0,2,G4CMPDriftElectron,1,0.00612551,31.6129,138016,0.57732,0.000772372,0,129022,0.00535314,21.7229
0,2,G4CMPDriftElectron,1,0.0122779,43.0067,195398,0.525842,0.00114632,0,186053,0.0111316,44.2376
0,2,G4CMPDriftElectron,1,0.00814339,36.0737,159133,0.301871,0.00102673,0,148763,0.00711666,31.076
0,2,G4CMPDriftElectron,1,0.0124524,45.2939,196782,0.427936,0.00121666,0,186922,0.0112358,40.0161
0,2,G4CMPDriftElectron,1,0.0101231,42.3021,177425,0.481865,0.00106377,0,167844,0.00905937,28.9248
0,2,G4CMPDriftElectron,1,0.00733912,21.4742,151071,1.25433,0.000291334,0,148042,0.00704778,18.8296
0,2,G4CMPDriftElectron,1,0.00717311,15.0823,149352,0.612298,0.000818434,0,140574,0.00635468,33.5243
0,2,G4CMPDriftElectron,1,0.0100879,42.2592,177117,0.536925,0.00102852,0,167845,0.00905941,34.8987
0,2,G4CMPDriftElectron,1,0.0157563,47.2401,221353,0.847956,0.000988116,0,214300,0.0147682,23.6074
0,2,G4CMPDriftElectron,1,0.0176401,28.9656,234212,0.288888,0.00153535,0,223787,0.0161048,21.5466
0,2,G4CMPDriftElectron,1,0.0175856,29.8789,233849,0.748646,0.00116258,0,225987,0.016423,50.4142
0,2,G4CMPDriftElectron,1,0.0184582,53.2984,239581,0.799626,0.00113217,0,232118,0.0173261,45.8396
0,2,G4CMPDriftElectron,1,0.0148459,40.0324,214863,1.01489,0.000756526,0,209316,0.0140893,49.6486
0,2,G4CMPDriftElectron,1,0.0106824,43.2816,182261,0.582524,0.00102858,0,173264,0.00965384,20.6092
0,2,G4CMPDriftElectron,1,0.010679,26.1835,182232,0.330621,0.00116988,0,171961,0.00950915,9.80579
0,2,G4CMPDriftElectron,1,0.0168199,31.949,228702,0.307011,0.00148981,0,218338,0.0153301,26.002
0,2,G4CMPDriftElectron,1,0.0153164,32.9218,218241,0.506771,0.00129919,0,208780,0.0140172,49.5922
0,2,G4CMPDriftElectron,1,0.010656,43.3814,182035,0.544482,0.00105318,0,172806,0.00960285,36.8018
0,2,G4CMPDriftElectron,1,0.00699278,33.3468,147463,0.293004,0.000951315,0,137066,0.00604147,32.6592
0,2,G4CMPDriftElectron,1,0.00626723,33.1181,139603,0.392236,0.000865969,0,129600,0.00540126,20.1075
0,2,G4CMPDriftElectron,1,0.0114684,41.291,188847,0.353731,0.00120347,0,178663,0.0102649,40.8492
0,2,G4CMPDriftElectron,1,0.0138559,46.1541,207575,0.0956751,0.00141003,0,196730,0.0124459,46.0836
0,2,G4CMPDriftElectron,1,0.0112203,43.8253,186793,1.238,0.000389517,0,183522,0.0108308,40.6241
0,2,G4CMPDriftElectron,1,0.0106572,39.9159,182045,1.03284,0.000615581,0,176710,0.0100416,15.7639
0,2,G4CMPDriftElectron,1,0.0219804,44.1965,261442,1.08258,0.000821309,0,256511,0.0211591,60.7963
0,2,G4CMPDriftElectron,1,0.0337335,77.1574,323884,0.56487,0.00187925,0,314733,0.0318543,70.6261
0,2,G4CMPDriftElectron,1,0.031377,69.9309,312366,0.588852,0.00178242,0,303364,0.0295945,52.656
0,2,G4CMPDriftElectron,1,0.0324803,56.5786,317811,0.769585,0.0015616,0,310077,0.0309187,56.7848
0,2,G4CMPDriftElectron,1,0.0305454,55.0845,308199,0.685991,0.00163331,0,299845,0.0289121,71.1454
0,2,G4CMPDriftElectron,1,0.0145051,49.282,212383,0.260457,0.00140018,0,201872,0.013105,39.5535
0,2,G4CMPDriftElectron,1,0.0153142,44.7509,218226,0.66823,0.00116236,0,209780,0.0141519,20.4721
0,2,G4CMPDriftElectron,1,0.0142222,20.6807,210301,0.59733,0.00118056,0,201383,0.0130416,48.0589
0,2,G4CMPDriftElectron,1,0.0103677,42.825,179556,0.839596,0.000802184,0,172470,0.00956553,38.6458
0,2,G4CMPDriftElectron,1,0.00491498,23.4619,123629,0.258665,0.000799485,0,113128,0.0041155,26.1533
0,2,G4CMPDriftElectron,1,0.00473666,28.5821,121365,0.629042,0.000649629,0,112736,0.00408703,6.5291
0,2,G4CMPDriftElectron,1,0.00675121,18.9726,144894,0.133268,0.000968351,0,134100,0.00578286,21.3711
0,2,G4CMPDriftElectron,1,0.0138981,47.7862,207891,0.4027,0.00130234,0,197911,0.0125958,47.0155
0,2,G4CMPDriftElectron,1,0.00595143,30.8646,136041,0.824067,0.000609465,0,128887,0.00534196,17.6872
0,2,G4CMPDriftElectron,1,0.00619444,22.8313,138790,0.35908,0.000872536,0,128645,0.0053219,28.1182
0,2,G4CMPDriftElectron,1,0.00437819,24.6926,116682,0.53149,0.000666811,0,107430,0.00371138,22.3798
0,2,G4CMPDriftElectron,1,0.00622487,30.1393,139131,0.868872,0.000591456,0,132356,0.00563341,29.7441
0,2,G4CMPDriftElectron,1,0.00591488,31.0294,135622,0.140184,0.000903049,0,124841,0.00501183,29.4331
0,2,G4CMPDriftElectron,1,0.00406507,25.6369,112433,0.749786,0.000538517,0,104721,0.00352655,18.6785
0,2,G4CMPDriftElectron,1,0.00586392,28.4997,135037,0.701244,0.000684944,0,126905,0.00517898,27.355
0,2,G4CMPDriftElectron,1,0.0249786,63.0742,278703,0.354048,0.00179406,0,268508,0.0231845,60.9062
0,2,G4CMPDriftElectron,1,0.0222197,59.4071,262862,0.196185,0.00176884,0,252182,0.0204509,45.7318
0,2,G4CMPDriftElectron,1,0.0211536,47.2773,256478,0.819887,0.00118834,0,249170,0.0199653,57.951
0,2,G4CMPDriftElectron,1,0.0218039,61.5065,260390,1.0654,0.000845425,0,255292,0.0209585,40.4387
0,2,G4CMPDriftElectron,1,0.0272585,54.4512,291145,0.933939,0.0011753,0,284799,0.0260832,58.4645
0,2,G4CMPDriftElectron,1,0.0293259,62.7883,301984,0.716005,0.00155863,0,293849,0.0277672,58.8385
0,2,G4CMPDriftElectron,1,0.0270852,58.9993,290218,0.272604,0.00192081,0,279738,0.0251644,62.5379
0,2,G4CMPDriftElectron,1,0.022816,58.7272,266365,0.438393,0.00165219,0,256540,0.0211638,54.7436
0,2,G4CMPDriftElectron,1,0.0261246,61.6021,285025,0.614348,0.00159424,0,276191,0.0245303,28.9722
0,2,G4CMPDriftElectron,1,0.0244394,28.8216,275679,0.509335,0.00164876,0,266217,0.0227906,62.6875
0,2,G4CMPDriftElectron,1,0.0228471,62.7381,266547,1.00314,0.000966268,0,260849,0.0218808,25.5112
0,2,G4CMPDriftElectron,1,0.0218742,25.2002,260810,0.645747,0.00142174,0,252192,0.0204525,59.5348
0,2,G4CMPDriftElectron,1,0.0110162,44.1697,185086,0.625405,0.00101353,0,176367,0.0100027,36.0843
0,2,G4CMPDriftElectron,1,0.0126511,42.7021,198345,0.137618,0.00133885,0,187556,0.0113122,37.8676
0,2,G4CMPDriftElectron,1,0.00873003,28.6464,164765,0.417923,0.00101724,0,154869,0.00771279,34.3546
0,2,G4CMPDriftElectron,1,0.00454295,26.1489,118858,0.925627,0.000462758,0,112642,0.00408019,19.2146
0,2,G4CMPDriftElectron,1,0.0152007,45.1604,217415,0.231872,0.00144487,0,206825,0.0137559,33.4577
0,2,G4CMPDriftElectron,1,0.0115517,28.7742,189531,0.466412,0.00114833,0,179864,0.0104033,27.772
0,2,G4CMPDriftElectron,1,0.00977356,25.0778,174335,1.12089,0.000493192,0,169879,0.00928037,39.8216
0,2,G4CMPDriftElectron,1,0.00882411,38.7453,165651,0.676914,0.000866845,0,157304,0.00795726,21.9159
0,2,G4CMPDriftElectron,1,0.0115483,31.8806,189504,0.374518,0.00119796,0,179405,0.0103504,42.6891
0,2,G4CMPDriftElectron,1,0.00498581,28.8667,124516,0.575119,0.000694136,0,115524,0.00429168,27.5591
0,2,G4CMPDriftElectron,1,0.0119397,45.7608,192688,0.494239,0.00115072,0,183167,0.0107889,21.0857
0,2,G4CMPDriftElectron,1,0.00945067,24.6706,171431,0.902244,0.000706588,0,164898,0.00874409,26.5958
0,2,G4CMPDriftElectron,1,0.00492358,19.6293,123737,0.883679,0.000511922,0,117128,0.00441166,27.9394
0,2,G4CMPDriftElectron,1,0.0145078,50.3837,212402,0.996365,0.000770709,0,206683,0.0137371,44.0769
0,2,G4CMPDriftElectron,1,0.0178354,53.1985,235505,0.501143,0.00140947,0,226008,0.016426,46.2188
0,2,G4CMPDriftElectron,1,0.0158465,45.203,221986,0.972224,0.000838491,0,216033,0.015008,46.8229
0,2,G4CMPDriftElectron,1,0.0114215,42.9167,188460,0.359382,0.00119832,0,178300,0.0102232,31.5776
0,2,G4CMPDriftElectron,1,0.0103346,31.7427,179269,0.767207,0.00086629,0,171591,0.00946833,29.2433
0,2,G4CMPDriftElectron,1,0.00987404,27.5108,175229,0.462186,0.00106111,0,165546,0.00881293,31.6193
0,2,G4CMPDriftElectron,1,0.0169562,50.8336,229627,0.511895,0.00136494,0,220190,0.0155913,14.8534
0,2,G4CMPDriftElectron,1,0.0158754,14.0972,222188,0.266562,0.0014641,0,211694,0.0144112,23.2226
0,2,G4CMPDriftElectron,1,0.014423,23.3494,211780,1.21834,0.000474219,0,208269,0.0139487,16.6541
0,2,G4CMPDriftElectron,1,0.0120719,16.6868,193752,0.602857,0.00108041,0,184878,0.0109915,38.1997
0,2,G4CMPDriftElectron,1,0.0133494,42.9047,203746,0.294437,0.00132839,0,193343,0.012021,38.527
0,2,G4CMPDriftElectron,1,0.0119854,38.4601,193057,0.252701,0.00127195,0,182525,0.0107135,25.0736
0,2,G4CMPDriftElectron,1,0.0221211,46.6066,262278,0.612537,0.00146588,0,253439,0.0206552,54.8975
0,2,G4CMPDriftElectron,1,0.016881,47.8176,229117,0.731015,0.00115737,0,221123,0.0157237,32.9398
0,2,G4CMPDriftElectron,1,0.0145847,30.8586,212964,0.932127,0.000851617,0,206653,0.013733,44.5165
0,2,G4CMPDriftElectron,1,0.0144279,45.9876,211816,1.28684,0.000377726,0,209025,0.0140502,40.3689
0,2,G4CMPDriftElectron,1,0.0232055,58.7458,268629,0.998389,0.000981641,0,262886,0.0222238,61.5713
0,2,G4CMPDriftElectron,1,0.0218981,61.3631,260952,0.182957,0.00176028,0,250244,0.0201378,58.7228
0,2,G4CMPDriftElectron,1,0.0196459,58.3041,247169,0.390925,0.0015635,0,237130,0.0180824,42.4976
0,2,G4CMPDriftElectron,1,0.017779,41.6707,235132,0.997397,0.000855845,0,229403,0.0169232,27.1936
0,2,G4CMPDriftElectron,1,0.0182515,30.3902,238236,0.732709,0.00120306,0,230250,0.0170484,49.1118
0,2,G4CMPDriftElectron,1,0.0181537,51.3136,237597,0.0619339,0.00162391,0,226721,0.0165298,46.3661
0,2,G4CMPDriftElectron,1,0.013341,37.1515,203682,0.567628,0.00116552,0,194581,0.0121755,19.5559
0,2,G4CMPDriftElectron,1,0.0124549,30.0046,196801,0.44152,0.00120889,0,187006,0.011246,14.7378
0,2,G4CMPDriftElectron,1,0.0151752,26.9105,217233,0.261321,0.00143268,0,206724,0.0137425,35.5088
0,2,G4CMPDriftElectron,1,0.0099072,28.4012,175523,0.534645,0.00102036,0,166239,0.00888685,18.9314
0,2,G4CMPDriftElectron,1,0.0189558,39.9794,242789,1.01737,0.000856233,0,237242,0.0180996,26.5863
0,2,G4CMPDriftElectron,1,0.0179213,25.6104,236071,0.41739,0.00147436,0,226152,0.0164469,26.6273
0,2,G4CMPDriftElectron,1,0.0143052,22.6975,210914,0.61039,0.00117314,0,202080,0.013132,48.1443
0,2,G4CMPDriftElectron,1,0.00807617,37.4291,158475,1.22337,0.000339992,0,155103,0.00773617,36.0141
0,2,G4CMPDriftElectron,1,0.00848333,38.2397,162421,0.733651,0.000807333,0,154499,0.007676,35.9941
0,2,G4CMPDriftElectron,1,0.0120312,45.1727,193425,0.275033,0.00126656,0,182961,0.0107647,32.3989
0,2,G4CMPDriftElectron,1,0.00886388,27.6205,166024,0.745273,0.000816976,0,158188,0.0080469,36.4715
0,2,G4CMPDriftElectron,1,0.00563962,29.4353,132429,0.650218,0.000700598,0,123931,0.00493902,27.9265
0,2,G4CMPDriftElectron,1,0.0356902,79.4922,333144,0.735621,0.001693,0,325147,0.0339972,45.0612
0,2,G4CMPDriftElectron,1,0.035316,46.0036,331394,0.589244,0.00189282,0,322390,0.0334232,46.8276
0,2,G4CMPDriftElectron,1,0.0341509,52.1029,325881,0.605993,0.00183917,0,316984,0.0323117,71.0332
0,2,G4CMPDriftElectron,1,0.0312552,69.8948,311759,0.570414,0.00180095,0,302644,0.0294542,53.989
0,2,G4CMPDriftElectron,1,0.0297487,54.6049,304153,0.62426,0.00169153,0,295379,0.0280572,58.6531
0,2,G4CMPDriftElectron,1,0.0416332,74.9092,359814,0.466489,0.00221425,0,350115,0.0394189,34.3339
0,2,G4CMPDriftElectron,1,0.0391248,34.479,348806,0.76672,0.0017225,0,341042,0.0374023,78.5684
0,2,G4CMPDriftElectron,1,0.0325187,73.1917,317998,0.0893082,0.00218175,0,307145,0.0303369,70.1663
0,2,G4CMPDriftElectron,1,0.0358863,76.5101,334059,0.978463,0.001269,0,328099,0.0346173,26.6356
0,2,G4CMPDriftElectron,1,0.0374494,32.2619,341256,0.643387,0.00187544,0,332602,0.035574,79.0207
0,2,G4CMPDriftElectron,1,0.032774,75.8784,319244,0.648524,0.00174509,0,310628,0.0310289,29.8016
0,2,G4CMPDriftElectron,1,0.0319235,34.8923,315075,0.675138,0.00168568,0,306643,0.0302379,71.5575
0,2,G4CMPDriftElectron,1,0.0279662,68.8451,294900,0.483396,0.00179191,0,285296,0.0261743,29.1763
0,2,G4CMPDriftElectron,1,0.0268968,30.3359,289207,0.699602,0.00151268,0,280956,0.0253841,57.99
0,2,G4CMPDriftElectron,1,0.0262597,59.5502,285761,0.643755,0.0015638,0,277122,0.0246959,51.5259
0,2,G4CMPDriftElectron,1,0.0162365,36.9816,224701,0.497718,0.00134564,0,215188,0.0148909,50.9941
0,2,G4CMPDriftElectron,1,0.0227242,63.3065,265829,0.506069,0.00159145,0,256352,0.0211328,58.5076
0,2,G4CMPDriftElectron,1,0.0209908,58.258,255489,0.717954,0.00131048,0,247386,0.0196803,39.994
0,2,G4CMPDriftElectron,1,0.0189255,37.4223,242595,0.675011,0.00128926,0,234186,0.0176363,55.8346
0,2,G4CMPDriftElectron,1,0.0282547,70.7403,296417,0.387288,0.0018855,0,286356,0.0263692,64.6058
0,2,G4CMPDriftElectron,1,0.0182647,53.1718,238322,0.349161,0.0015314,0,228112,0.0167333,29.1676
0,2,G4CMPDriftElectron,1,0.0206496,37.0502,253404,0.413783,0.00158801,0,243465,0.0190616,18.1968
0,2,G4CMPDriftElectron,1,0.0210352,30.8631,255759,0.339045,0.00165236,0,245509,0.0193828,38.1127
0,2,G4CMPDriftElectron,1,0.0201159,35.0964,250108,0.819784,0.00115801,0,242803,0.0189579,45.9093
0,2,G4CMPDriftElectron,1,0.0182432,41.0933,238182,1.26221,0.000468819,0,235102,0.0177744,42.8619
0,2,G4CMPDriftElectron,1,0.023886,52.7266,272540,0.838487,0.00123895,0,265377,0.0226471,38.7779
0,2,G4CMPDriftElectron,1,0.022585,38.0988,265013,0.205248,0.00178028,0,254354,0.0208047,50.6177
0,2,G4CMPDriftElectron,1,0.022639,54.3557,265330,0.625036,0.0014699,0,256572,0.0211691,50.7701
0,2,G4CMPDriftElectron,1,0.0168511,43.5321,228914,0.178584,0.00154073,0,218198,0.0153103,39.9431
0,2,G4CMPDriftElectron,1,0.023091,53.1974,267966,0.803668,0.00126538,0,260520,0.0218256,40.8269
0,2,G4CMPDriftElectron,1,0.022732,43.1677,265875,0.94554,0.00105252,0,259647,0.0216795,55.7149
0,2,G4CMPDriftElectron,1,0.0254162,62.6849,281134,0.957453,0.00109601,0,275006,0.0243202,38.8288
0,2,G4CMPDriftElectron,1,0.0307056,53.9063,309006,0.987338,0.00115498,0,303139,0.0295507,66.6271
0,2,G4CMPDriftElectron,1,0.0299758,67.2807,305312,0.615555,0.00170894,0,296481,0.0282669,66.5364
0,2,G4CMPDriftElectron,1,0.0265379,64.0387,287271,0.613124,0.00160852,0,278428,0.0249293,64.0978
0,2,G4CMPDriftElectron,1,0.025046,64.2281,279079,0.895186,0.00118507,0,272397,0.0238609,40.4222
0,2,G4CMPDriftElectron,1,0.022618,36.7316,265207,0.327931,0.00172157,0,254914,0.0208964,15.7398
0,2,G4CMPDriftElectron,1,0.0198004,14.2156,248139,0.670032,0.00132499,0,239693,0.0184754,55.0592
0,2,G4CMPDriftElectron,1,0.0235731,62.296,270748,0.748034,0.00135284,0,262865,0.0222202,45.7844
0,2,G4CMPDriftElectron,1,0.0220447,45.3736,261824,0.653932,0.00141833,0,253261,0.0206263,60.4394
0,2,G4CMPDriftElectron,1,0.0240225,65.2113,273317,1.39616,0.000294657,0,271636,0.0237278,63.6451
0,2,G4CMPDriftElectron,1,0.0371724,80.6856,339992,0.396732,0.00215969,0,329967,0.0350127,75.2526
0,2,G4CMPDriftElectron,1,0.025541,63.7591,281823,0.493146,0.00170173,0,272273,0.0238392,43.0999
0,2,G4CMPDriftElectron,1,0.0258822,46.104,283699,0.587882,0.00161641,0,274698,0.0242658,45.8835
0,2,G4CMPDriftElectron,1,0.0191677,39.0586,244142,0.19773,0.00163964,0,233466,0.017528,42.2647
0,2,G4CMPDriftElectron,1,0.0178765,42.8478,235776,1.03969,0.000798793,0,230448,0.0170778,41.1234
0,2,G4CMPDriftElectron,1,0.0187871,44.2068,241706,0.622803,0.00133784,0,232941,0.0174493,25.7887
0,2,G4CMPDriftElectron,1,0.0275469,53.7679,292681,0.837363,0.00133505,0,285500,0.0262118,57.8144
0,2,G4CMPDriftElectron,1,0.0267849,58.5951,288604,0.348922,0.00186272,0,278388,0.0249222,27.5805
0,2,G4CMPDriftElectron,1,0.0240228,26.2356,273319,0.578879,0.00156537,0,264264,0.0224574,55.8781
0,2,G4CMPDriftElectron,1,0.021232,53.7147,256953,0.402602,0.00161877,0,246963,0.0196132,56.899
0,2,G4CMPDriftElectron,1,0.0279965,69.2604,295060,1.24371,0.00062624,0,291741,0.0273703,52.5549
0,2,G4CMPDriftElectron,1,0.0352755,66.053,331203,0.948817,0.00131435,0,324975,0.0339612,44.5121
0,2,G4CMPDriftElectron,1,0.0334689,46.9935,322611,0.910891,0.00134799,0,316047,0.032121,48.8442
0,2,G4CMPDriftElectron,1,0.0317722,48.4754,314327,0.696735,0.00165145,0,306049,0.0301208,60.1264
0,2,G4CMPDriftElectron,1,0.0309615,61.1783,310291,0.14117,0.00211498,0,299506,0.0288466,67.8377
0,2,G4CMPDriftElectron,1,0.0250139,63.0596,278900,1.17657,0.000712625,0,274899,0.0243013,33.3485
0,2,G4CMPDriftElectron,1,0.0197479,27.7963,247810,0.568037,0.00142593,0,238696,0.018322,56.963
0,2,G4CMPDriftElectron,1,0.0201997,59.7474,250629,0.465541,0.0015315,0,240940,0.0186682,32.9624
0,2,G4CMPDriftElectron,1,0.0176793,36.1783,234472,0.283548,0.00153958,0,224030,0.0161397,48.0658
0,2,G4CMPDriftElectron,1,0.0109105,35.5977,184196,0.52228,0.00108071,0,174836,0.00982979,39.5787
0,2,G4CMPDriftElectron,1,0.00885672,37.7569,165957,0.52338,0.000969276,0,156612,0.00788744,34.6716
0,2,G4CMPDriftElectron,1,0.013612,47.706,205740,0.513085,0.00121814,0,196319,0.0123939,46.715
0,2,G4CMPDriftElectron,1,0.0122294,46.4978,195012,0.550962,0.00112637,0,185814,0.011103,43.4632
0,2,G4CMPDriftElectron,1,0.00884079,38.7517,165807,0.984974,0.000604333,0,160040,0.00823645,26.7699
0,2,G4CMPDriftElectron,1,0.00733799,22.8546,151059,0.499036,0.000891447,0,141586,0.00644655,20.9388
0,2,G4CMPDriftElectron,1,0.0108947,38.9053,184063,0.358405,0.00116991,0,173899,0.00972478,41.1866
0,2,G4CMPDriftElectron,1,0.00476094,28.8646,121676,0.861324,0.000517362,0,114875,0.00424358,19.3849
0,2,G4CMPDriftElectron,1,0.00593561,28.191,135860,1.05175,0.000434161,0,130797,0.00550144,29.7966
0,2,G4CMPDriftElectron,1,0.015004,49.5839,216004,0.337197,0.00139051,0,205752,0.0136135,48.5708
0,2,G4CMPDriftElectron,1,0.00796078,37.1554,157339,0.196943,0.00104327,0,146667,0.00691751,30.771
0,2,G4CMPDriftElectron,1,0.011945,42.1296,192731,0.379078,0.00121674,0,182651,0.0107283,43.1617
0,2,G4CMPDriftElectron,1,0.00886283,39.0136,166014,0.746849,0.00081568,0,158190,0.00804715,32.3447
0,2,G4CMPDriftElectron,1,0.00925907,36.0014,169684,0.579372,0.000957025,0,160676,0.00830204,35.3496
0,2,G4CMPDriftElectron,1,0.00875999,36.3679,165048,0.558066,0.000943106,0,155910,0.00781689,10.4368
0,2,G4CMPDriftElectron,1,0.0137558,38.7755,206824,0.463313,0.0012586,0,197135,0.0124972,46.299
0,2,G4CMPDriftElectron,1,0.00629054,32.8798,139863,0.862285,0.000599685,0,133029,0.00569085,31.2549
0,2,G4CMPDriftElectron,1,0.0185924,56.9708,240451,0.533646,0.00141278,0,231135,0.0171796,54.3006
0,2,G4CMPDriftElectron,1,0.0168014,53.7996,228576,0.889004,0.00097141,0,221870,0.01583,35.7222
0,2,G4CMPDriftElectron,1,0.0137081,30.9747,206465,0.51469,0.00122143,0,197052,0.0124867,46.9709
0,2,G4CMPDriftElectron,1,0.0143524,50.3257,211262,0.581605,0.00119907,0,202244,0.0131534,37.4226
0,2,G4CMPDriftElectron,1,0.0132956,44.8845,203335,0.342788,0.00130405,0,193106,0.0119915,46.0836
0,2,G4CMPDriftElectron,1,0.0119008,44.0368,192374,0.457511,0.00117147,0,182661,0.0107294,42.6058
0,2,G4CMPDriftElectron,1,0.00997975,41.2435,176164,0.681174,0.000920982,0,167839,0.00905877,35.8025
0,2,G4CMPDriftElectron,1,0.0189531,56.0266,242772,1.17003,0.000625625,0,238731,0.0183275,54.3081
0,2,G4CMPDriftElectron,1,0.0226095,60.5517,265157,0.801472,0.00125465,0,257695,0.0213549,25.8685
0,2,G4CMPDriftElectron,1,0.0211765,24.7551,256617,0.684357,0.00135542,0,248269,0.0198211,58.634
0,2,G4CMPDriftElectron,1,0.0218875,61.5842,260889,0.433375,0.00162132,0,251040,0.0202661,59.4158
0,2,G4CMPDriftElectron,1,0.011207,44.2363,186682,0.670776,0.000986759,0,178274,0.0102202,42.4064
0,2,G4CMPDriftElectron,1,0.0140619,49.8911,209113,1.04293,0.00070004,0,203841,0.0133619,29.6524
0,2,G4CMPDriftElectron,1,0.0133545,29.8063,203785,0.798946,0.000958002,0,196339,0.0123965,41.3492
0,2,G4CMPDriftElectron,1,0.0177815,48.706,235148,0.731156,0.00118869,0,227153,0.0165928,52.1751
0,2,G4CMPDriftElectron,1,0.0191383,56.0871,243955,1.06558,0.000789375,0,238871,0.018349,50.4862
0,2,G4CMPDriftElectron,1,0.0184567,50.8181,239572,0.750225,0.00119016,0,231719,0.0172666,33.3193
0,2,G4CMPDriftElectron,1,0.0177637,35.7854,235031,0.556541,0.00136052,0,225851,0.0164032,53.2352
0,2,G4CMPDriftElectron,1,0.0164642,53.3319,226270,0.87557,0.000977678,0,219449,0.0154865,36.7774
0,2,G4CMPDriftElectron,1,0.0153568,36.378,218529,0.801039,0.00102778,0,211090,0.0143291,41.7165
0,2,G4CMPDriftElectron,1,0.0150053,42.376,216014,0.6143,0.00119903,0,207203,0.0138063,34.2127
0,2,G4CMPDriftElectron,1,0.0134074,33.3286,204188,0.238272,0.00135251,0,193616,0.0120549,34.2668
0,2,G4CMPDriftElectron,1,0.0131995,36.4957,202599,0.182336,0.00135827,0,191892,0.0118413,41.8874
0,2,G4CMPDriftElectron,1,0.00727292,32.117,150388,0.73466,0.00074398,0,142488,0.00652894,17.1098
0,2,G4CMPDriftElectron,1,0.0138029,33.5713,207178,0.31391,0.00134294,0,196842,0.01246,19.6465
0,2,G4CMPDriftElectron,1,0.0107347,16.8806,182706,0.783495,0.000869029,0,175154,0.00986563,40.9793
0,2,G4CMPDriftElectron,1,0.00472931,28.8352,121271,0.713379,0.000604524,0,113255,0.00412479,26.2775
0,2,G4CMPDriftElectron,1,0.00505138,28.8541,125332,0.636813,0.000668074,0,116751,0.00438331,20.9905
0,2,G4CMPDriftElectron,1,0.00936137,31.1947,170619,0.0606301,0.00115547,0,159743,0.0082059,28.13
0,2,G4CMPDriftElectron,1,0.00685876,24.1772,146043,0.630169,0.000788807,0,137389,0.00606995,30.5939
0,2,G4CMPDriftElectron,1,0.0070903,33.6069,148488,0.338632,0.000943443,0,138256,0.00614686,30.7684
0,2,G4CMPDriftElectron,1,0.0136659,43.4032,206147,0.696307,0.00107033,0,197910,0.0125956,43.1184
0,2,G4CMPDriftElectron,1,0.0121936,41.8162,194726,0.831024,0.000881861,0,187552,0.0113117,43.6341
0,2,G4CMPDriftElectron,1,0.0195914,58.4237,246826,1.15101,0.000666883,0,242589,0.0189245,50.2669
0,2,G4CMPDriftElectron,1,0.0197135,51.492,247594,1.24196,0.000522225,0,244292,0.0191913,32.0608
0,2,G4CMPDriftElectron,1,0.0207414,34.6378,253967,0.181785,0.00171251,0,243257,0.0190289,18.7119
0,2,G4CMPDriftElectron,1,0.0187217,23.2941,241285,0.578714,0.00137758,0,232238,0.0173441,53.0085
0,2,G4CMPDriftElectron,1,0.0186009,54.8846,240505,0.258227,0.0015916,0,229986,0.0170093,38.045
0,2,G4CMPDriftElectron,1,0.0142657,33.2915,210623,0.00773288,0.001438,0,199725,0.0128277,32.0994
0,2,G4CMPDriftElectron,1,0.016455,38.7075,226207,0.925041,0.000915947,0,219822,0.015539,35.9969
0,2,G4CMPDriftElectron,1,0.0119633,21.6974,192879,0.469238,0.00116756,0,183225,0.0107958,28.9863
0,2,G4CMPDriftElectron,1,0.0103033,30.4047,178997,0.879411,0.000761734,0,172253,0.00954157,40.3376
0,2,G4CMPDriftElectron,1,0.0267206,68.7082,288258,0.170041,0.00195305,0,277523,0.0247675,63.6162
0,2,G4CMPDriftElectron,1,0.0028541,19.6429,94209.1,0.320052,0.000588582,0,83934.8,0.00226552,19.8407
0,2,G4CMPDriftElectron,1,0.0259311,67.5358,283968,0.266205,0.00188201,0,273469,0.0240491,58.923
0,2,G4CMPDriftElectron,1,0.0193756,50.6579,245463,0.967816,0.000937465,0,239451,0.0184382,55.5379
0,2,G4CMPDriftElectron,1,0.0118039,44.3247,191589,0.321677,0.00123576,0,181283,0.0105681,43.0223
0,2,G4CMPDriftElectron,1,0.012779,47.5015,199346,0.269623,0.00130853,0,188864,0.0114705,42.8333
0,2,G4CMPDriftElectron,1,0.010506,40.9208,180750,0.769357,0.000871867,0,173087,0.00963417,31.0905
0,2,G4CMPDriftElectron,1,0.00810577,19.2184,158765,0.667049,0.000836059,0,150355,0.00726972,34.7249
0,2,G4CMPDriftElectron,1,0.0132734,44.5057,203165,0.998074,0.000733489,0,197472,0.01254,13.9945
0,2,G4CMPDriftElectron,1,0.013077,14.5222,201657,0.908393,0.000831066,0,195144,0.0122459,46.4176
0,2,G4CMPDriftElectron,1,0.0160711,53.0108,223553,0.804312,0.0010486,0,216137,0.0150225,22.5089
0,2,G4CMPDriftElectron,1,0.0153095,15.5636,218192,1.14648,0.000591416,0,213936,0.0147181,40.0347
0,2,G4CMPDriftElectron,1,0.0257172,57.9994,282794,0.551515,0.00165001,0,273571,0.0240672,65.2641
0,2,G4CMPDriftElectron,1,0.0195109,58.6613,246319,0.810877,0.00115108,0,238942,0.0183599,55.7724
0,2,G4CMPDriftElectron,1,0.00247256,20.3139,87686.2,0.201388,0.000563973,0,77039.5,0.00190858,18.2581
0,2,G4CMPDriftElectron,1,0.00762029,36.3447,153937,0.856232,0.000668822,0,147027,0.00695147,35.0794
0,2,G4CMPDriftElectron,1,0.00682615,34.7401,145695,0.528166,0.000843824,0,136393,0.00598232,22.8108
0,2,G4CMPDriftElectron,1,0.00538695,17.2317,129428,0.798204,0.000594996,0,122071,0.00479195,25.847
0,2,G4CMPDriftElectron,1,0.0156614,49.5877,220685,0.887528,0.00093833,0,213972,0.0147231,50.7586
0,2,G4CMPDriftElectron,1,0.0171853,54.9786,231173,0.808896,0.00108028,0,223789,0.0161051,47.5516
0,2,G4CMPDriftElectron,1,0.0235446,58.9312,270585,0.556984,0.00157167,0,261398,0.021973,62.1678
0,2,G4CMPDriftElectron,1,0.0206332,60.197,253304,0.420168,0.00158277,0,243394,0.0190504,44.661
0,2,G4CMPDriftElectron,1,0.0323109,67.8445,316980,0.601511,0.00179355,0,308057,0.0305173,64.4245
0,2,G4CMPDriftElectron,1,0.0274157,60.5409,291983,0.699045,0.00152831,0,283728,0.0258874,63.2633
0,2,G4CMPDriftElectron,1,0.0224382,58.9704,264151,0.76413,0.0012985,0,256394,0.0211397,27.2755
0,2,G4CMPDriftElectron,1,0.0263201,36.4974,286089,0.331759,0.00185765,0,275809,0.0244625,61.4527
0,2,G4CMPDriftElectron,1,0.0157494,48.9524,221304,1.01582,0.000779121,0,215761,0.0149703,13.5769
0,2,G4CMPDriftElectron,1,0.0149372,13.6602,215522,0.505138,0.00128373,0,206053,0.0136534,45.6494
0,2,G4CMPDriftElectron,1,0.0130739,43.6212,201633,0.56431,0.00115593,0,192513,0.011918,38.3069
0,2,G4CMPDriftElectron,1,0.0112304,36.0901,186877,0.564977,0.00106807,0,177769,0.0101624,37.2214
0,2,G4CMPDriftElectron,1,0.0131035,42.8137,201860,0.546082,0.00117087,0,192631,0.0119326,37.6087
0,2,G4CMPDriftElectron,1,0.0110575,34.9109,185433,0.363956,0.00117636,0,175292,0.00988116,41.1979
0,2,G4CMPDriftElectron,1,0.0100284,41.7744,176593,0.660772,0.000939016,0,168122,0.00908935,16.4778
0,2,G4CMPDriftElectron,1,0.00903276,16.3149,167598,1.17204,0.000417906,0,163675,0.00861485,33.2282
0,2,G4CMPDriftElectron,1,0.00521373,23.8941,127330,1.08512,0.00037841,0,122623,0.00483532,29.1254
0,2,G4CMPDriftElectron,1,0.00443228,27.8013,117401,0.783812,0.000544577,0,109952,0.00388771,13.1053
0,2,G4CMPDriftElectron,1,0.00994649,37.6814,175870,0.83638,0.000787882,0,168761,0.0091586,34.7489
0,2,G4CMPDriftElectron,1,0.0125154,44.9686,197279,0.20201,0.0013164,0,186615,0.011199,42.8773
0,2,G4CMPDriftElectron,1,0.0146932,47.7435,213755,1.01346,0.000754242,0,208197,0.013939,49.4383
0,2,G4CMPDriftElectron,1,0.0214345,61.2379,258175,0.687258,0.00136055,0,249847,0.0200739,22.8634
0,2,G4CMPDriftElectron,1,0.0198529,20.7241,248468,0.682831,0.00131284,0,240112,0.0185401,55.256
0,2,G4CMPDriftElectron,1,0.0216403,60.57,259412,0.640597,0.00141953,0,250759,0.0202208,59.843
0,2,G4CMPDriftElectron,1,0.0204568,60.1908,252219,0.385157,0.00160008,0,242154,0.0188567,55.8599
0,2,G4CMPDriftElectron,1,0.0169909,52.6771,229861,0.175381,0.00154817,0,219139,0.0154427,45.6445
0,2,G4CMPDriftElectron,1,0.0189737,52.5888,242904,0.632018,0.00133544,0,234199,0.0176383,55.0724
0,2,G4CMPDriftElectron,1,0.0227718,62.0164,266107,0.705409,0.00138181,0,257907,0.02139,44.0169
0,2,G4CMPDriftElectron,1,0.0166025,29.6925,227219,0.401543,0.00142769,0,217230,0.0151748,44.4506
0,2,G4CMPDriftElectron,1,0.0287931,68.1827,299228,0.347796,0.0019335,0,289007,0.0268596,66.5836
0,2,G4CMPDriftElectron,1,0.0265037,66.1441,287086,0.547742,0.00167959,0,277840,0.0248241,60.9488
0,2,G4CMPDriftElectron,1,0.0231339,58.9016,268215,0.439208,0.00166328,0,258393,0.0214706,60.8923
0,2,G4CMPDriftElectron,1,0.0260542,67.0693,284641,1.01929,0.00100714,0,279085,0.025047,53.6762
0,2,G4CMPDriftElectron,1,0.0256862,55.0631,282623,0.268035,0.00187196,0,272130,0.0238143,64.0651
0,2,G4CMPDriftElectron,1,0.0236882,63.8843,271409,0.629757,0.00149918,0,262680,0.0221891,60.1986
0,2,G4CMPDriftElectron,1,0.0169958,53.0822,229895,0.142079,0.00155688,0,219112,0.0154389,52.2814
0,2,G4CMPDriftElectron,1,0.0169292,54.7428,229444,1.13959,0.000633958,0,225107,0.0162952,37.5057
0,2,G4CMPDriftElectron,1,0.0166,37.8546,227202,0.441894,0.00140128,0,217401,0.0151987,51.8757
0,2,G4CMPDriftElectron,1,0.0157318,52.7834,221181,0.40481,0.00138675,0,211207,0.014345,45.9973
0,2,G4CMPDriftElectron,1,0.0150158,47.0886,216089,0.536763,0.00126337,0,206799,0.0137525,43.5737
0,2,G4CMPDriftElectron,1,0.0156089,46.3694,220315,0.254405,0.00145627,0,209786,0.0141526,50.0184
0,2,G4CMPDriftElectron,1,0.0140243,49.8038,208832,0.0673654,0.00142218,0,197961,0.0126021,46.7687
0,2,G4CMPDriftElectron,1,0.0126503,46.8097,198339,0.892767,0.000833789,0,191691,0.0118165,43.1561
0,2,G4CMPDriftElectron,1,0.0179192,53.7566,236057,0.63437,0.00129442,0,227371,0.0166247,52.6648
0,2,G4CMPDriftElectron,1,0.0151852,50.4823,217304,0.297409,0.00141801,0,206909,0.0137671,46.2035
0,2,G4CMPDriftElectron,1,0.0215407,60.3897,258814,0.637736,0.00141926,0,250142,0.0201214,26.3759
0,2,G4CMPDriftElectron,1,0.020071,26.0725,249829,1.10979,0.000740755,0,245175,0.0193302,51.2537
0,2,G4CMPDriftElectron,1,0.0193642,51.2655,245391,0.382932,0.00155716,0,235317,0.0178071,55.3663
0,2,G4CMPDriftElectron,1,0.0215846,60.7858,259078,0.567723,0.00149281,0,249958,0.0200918,59.5542
0,2,G4CMPDriftElectron,1,0.0205324,60.2156,252684,0.96839,0.000965329,0,246673,0.0195671,55.2868
0,2,G4CMPDriftElectron,1,0.0179974,52.2515,236572,0.354364,0.0015169,0,226383,0.0164805,33.5968
0,2,G4CMPDriftElectron,1,0.0254502,54.9784,281322,0.337969,0.00182203,0,271065,0.0236282,64.1784
0,2,G4CMPDriftElectron,1,0.0223174,62.2832,263439,0.799817,0.00124847,0,255964,0.0210689,58.4221
0,2,G4CMPDriftElectron,1,0.026635,65.9084,287796,0.446385,0.00178129,0,278006,0.0248538,27.7455
0,2,G4CMPDriftElectron,1,0.0214952,20.9245,258541,0.445003,0.00159742,0,248749,0.0198978,46.5137
0,2,G4CMPDriftElectron,1,0.0168633,39.1745,228997,0.635898,0.00125311,0,220324,0.0156102,51.8588
0,2,G4CMPDriftElectron,1,0.0221285,62.3207,262322,0.516396,0.00156066,0,252902,0.0205678,59.7469
0,2,G4CMPDriftElectron,1,0.0217181,61.5468,259878,0.871325,0.00113449,0,252999,0.0205836,56.6706
0,2,G4CMPDriftElectron,1,0.0198875,55.4846,248684,0.680657,0.0013164,0,240313,0.0185711,17.9362
0,2,G4CMPDriftElectron,1,0.0184344,17.5245,239426,0.342408,0.00154251,0,229191,0.0168918,39.556
0,2,G4CMPDriftElectron,1,0.0241699,51.3792,274155,0.668084,0.00147023,0,265686,0.0226997,33.2
0,2,G4CMPDriftElectron,1,0.0261433,43.6274,285127,0.812739,0.00133576,0,277747,0.0248076,58.118
0,2,G4CMPDriftElectron,1,0.0268382,60.8415,288892,0.726972,0.00147473,0,280842,0.0253635,39.8994
0,2,G4CMPDriftElectron,1,0.0241947,35.2443,274295,0.554611,0.00159615,0,265093,0.0225985,42.5454
0,2,G4CMPDriftElectron,1,0.0244656,48.6728,275826,0.788248,0.00132492,0,268254,0.0231406,59.5665
0,2,G4CMPDriftElectron,1,0.0260369,64.1248,284546,0.393894,0.00180344,0,274515,0.0242334,65.479
0,2,G4CMPDriftElectron,1,0.0241291,65.3371,273923,0.761719,0.00135115,0,266143,0.0227779,36.388
0,2,G4CMPDriftElectron,1,0.022955,36.577,267175,1.01757,0.00094575,0,261614,0.0220092,34.7392
0,2,G4CMPDriftElectron,1,0.0222258,35.0781,262898,1.17875,0.000665845,0,258930,0.02156,34.6771
0,2,G4CMPDriftElectron,1,0.0227573,37.0461,266023,1.11727,0.000778731,0,261432,0.0219786,53.9477
0,2,G4CMPDriftElectron,1,0.0279686,61.1694,294913,0.253151,0.00196295,0,284375,0.0260057,67.8413
0,2,G4CMPDriftElectron,1,0.0240514,65.2635,273482,0.479718,0.00166226,0,263862,0.0223892,62.8902
0,2,G4CMPDriftElectron,1,0.0309388,74.0112,310177,0.739655,0.00156775,0,302216,0.0293711,35.4586
0,2,G4CMPDriftElectron,1,0.0290617,36.0751,300621,0.512375,0.00179826,0,291171,0.0272635,60.6373
0,2,G4CMPDriftElectron,1,0.0247244,56.4024,277281,0.940942,0.00110655,0,271006,0.0236178,63.6758
0,2,G4CMPDriftElectron,1,0.0211209,59.5249,256280,0.238253,0.00170731,0,245704,0.0194136,51.6211
0,2,G4CMPDriftElectron,1,0.0180106,49.7491,236658,0.640582,0.00129168,0,228014,0.0167189,22.6415
0,2,G4CMPDriftElectron,1,0.0201396,30.643,250255,0.479322,0.00151816,0,240638,0.0186214,56.9789
0,2,G4CMPDriftElectron,1,0.0147691,50.8481,214306,0.773404,0.00103658,0,206649,0.0137325,27.8192
0,2,G4CMPDriftElectron,1,0.0102057,18.8935,178148,0.0294886,0.00120989,0,167255,0.00899586,19.6126
0,2,G4CMPDriftElectron,1,0.0119036,27.0259,192397,0.459079,0.00117068,0,182691,0.010733,42.502
0,2,G4CMPDriftElectron,1,0.01125,44.01,187040,0.113724,0.00126429,0,176217,0.00998572,39.2162
0,2,G4CMPDriftElectron,1,0.0180294,51.558,236782,0.956939,0.000917773,0,230677,0.0171117,21.1024
0,2,G4CMPDriftElectron,1,0.0184193,18.3805,239329,1.14761,0.000650674,0,235063,0.0177686,33.4126
0,2,G4CMPDriftElectron,1,0.0178119,33.4395,235349,1.24553,0.000488946,0,232097,0.0173229,19.4445
0,2,G4CMPDriftElectron,1,0.0171162,16.2733,230707,0.613829,0.00128363,0,221888,0.0158325,51.8657
0,2,G4CMPDriftElectron,1,0.0159554,52.0835,222747,0.456109,0.00136342,0,213017,0.0145919,41.5641
0,2,G4CMPDriftElectron,1,0.0140107,40.5474,208732,0.577625,0.00118744,0,199690,0.0128233,22.1692
0,2,G4CMPDriftElectron,1,0.0259327,48.4795,283976,0.200825,0.00191217,0,273306,0.0240205,50.494
0,2,G4CMPDriftElectron,1,0.0218325,47.2647,260561,0.513049,0.00155293,0,251123,0.0202795,59.237
0,2,G4CMPDriftElectron,1,0.0201987,59.1746,250622,0.905409,0.00104626,0,244045,0.0191524,56.0903
0,2,G4CMPDriftElectron,1,0.0216066,60.0009,259209,0.942963,0.00102897,0,252962,0.0205776,45.7443
0,2,G4CMPDriftElectron,1,0.0467875,78.4123,381437,0.318943,0.00250044,0,371105,0.0442871,88.262
0,2,G4CMPDriftElectron,1,0.0437437,87.7277,368821,1.1999,0.000898763,0,365013,0.0428449,84.8554
0,2,G4CMPDriftElectron,1,0.03777,79.1389,342714,0.796605,0.00164118,0,335185,0.0361289,52.2283
0,2,G4CMPDriftElectron,1,0.0365238,52.7399,337013,1.00747,0.00122317,0,331321,0.0353007,79.0654
0,2,G4CMPDriftElectron,1,0.0385946,82.6765,346435,1.08208,0.0011018,0,341454,0.0374928,75.7676
0,2,G4CMPDriftElectron,1,0.0383759,76.6832,345452,1.04699,0.00117287,0,340132,0.037203,48.8425
0,2,G4CMPDriftElectron,1,0.0391162,51.6286,348768,0.25959,0.00232439,0,338247,0.0367918,20.1797
0,2,G4CMPDriftElectron,1,0.0365667,19.7668,337210,0.103125,0.00231273,0,326372,0.0342539,26.0571
0,2,G4CMPDriftElectron,1,0.0509711,53.6047,398125,1.06446,0.00131509,0,392956,0.049656,93.7177
0,2,G4CMPDriftElectron,1,0.0594098,102.461,429820,0.402385,0.00273377,0,419815,0.056676,93.3093
0,2,G4CMPDriftElectron,1,0.0555525,92.0663,415633,0.696533,0.00219639,0,407333,0.0533561,95.4021
0,2,G4CMPDriftElectron,1,0.0550401,96.9064,413711,0.707345,0.00216582,0,405490,0.0528742,96.6172
0,2,G4CMPDriftElectron,1,0.0518116,95.6098,401395,0.150223,0.00274347,0,390623,0.0490681,93.1217
0,2,G4CMPDriftElectron,1,0.0505013,94.4906,396287,0.775051,0.00194604,0,388576,0.0485553,84.2144
0,2,G4CMPDriftElectron,1,0.048052,83.7268,386557,0.655844,0.00210906,0,377979,0.0459429,71.2398
0,2,G4CMPDriftElectron,1,0.0402247,60.6572,353675,0.803124,0.0016833,0,346196,0.0385414,57.268
0,2,G4CMPDriftElectron,1,0.0397019,58.5746,351369,0.65992,0.00190746,0,342825,0.0377944,80.6809
0,2,G4CMPDriftElectron,1,0.0338611,76.3652,324495,0.792631,0.00155835,0,316941,0.0323027,64.5967
0,2,G4CMPDriftElectron,1,0.0310991,62.4587,310980,1.10608,0.000938647,0,306251,0.0301604,51.7052
0,2,G4CMPDriftElectron,1,0.0279253,46.8589,294684,0.0353029,0.00202594,0,283794,0.0258994,47.5895
0,2,G4CMPDriftElectron,1,0.0310617,57.7441,310792,0.668459,0.0016713,0,302316,0.0293904,69.8238
0,2,G4CMPDriftElectron,1,0.0294101,69.8377,302417,0.858633,0.00134692,0,295411,0.0280632,67.4404
0,2,G4CMPDriftElectron,1,0.0245258,62.8659,276166,0.932159,0.00111564,0,269811,0.0234102,58.0654
0,2,G4CMPDriftElectron,1,0.0181381,50.8174,237495,0.549283,0.00138153,0,228271,0.0167566,45.3822
0,2,G4CMPDriftElectron,1,0.0188424,49.978,242062,1.08632,0.00075199,0,237182,0.0180904,55.2605
0,2,G4CMPDriftElectron,1,0.0187306,56.1401,241343,0.531206,0.00142026,0,232012,0.0173104,55.3584
0,2,G4CMPDriftElectron,1,0.0212936,61.365,257325,0.217654,0.00172283,0,246696,0.0195708,53.7579
0,2,G4CMPDriftElectron,1,0.0137574,44.0505,206836,0.921744,0.000838052,0,200437,0.0129194,45.3792
0,2,G4CMPDriftElectron,1,0.0148978,49.5109,215238,0.740124,0.00107573,0,207322,0.0138221,43.7505
0,2,G4CMPDriftElectron,1,0.0136098,43.2677,205723,0.903264,0.000854416,0,199161,0.0127554,38.5736
0,2,G4CMPDriftElectron,1,0.0122414,40.1577,195107,0.411993,0.00121487,0,185173,0.0110265,43.5983
0,2,G4CMPDriftElectron,1,0.0111739,43.9903,186406,0.419432,0.00115507,0,176509,0.0100188,23.5947
0,2,G4CMPDriftElectron,1,0.0106855,24.2467,182287,0.715645,0.000926,0,174209,0.00975949,41.5203
0,2,G4CMPDriftElectron,1,0.0311345,74.1921,311157,0.267899,0.00206489,0,300661,0.0290696,69.1177
0,2,G4CMPDriftElectron,1,0.0232736,61.7136,269023,0.40052,0.00169815,0,259023,0.0215755,50.8061
0,2,G4CMPDriftElectron,1,0.0215925,50.7738,259125,0.574192,0.00148674,0,250045,0.0201058,54.2215
0,2,G4CMPDriftElectron,1,0.0189076,49.6146,242480,0.905206,0.0010113,0,235906,0.0178963,56.261
0,2,G4CMPDriftElectron,1,0.0359754,79.6161,334473,0.310121,0.00219427,0,324112,0.0337811,62.6112
0,2,G4CMPDriftElectron,1,0.0303214,58.1085,307067,1.37015,0.000390748,0,305082,0.0299307,63.9621
0,2,G4CMPDriftElectron,1,0.0295711,63.5016,303243,0.734845,0.00153872,0,295248,0.0280323,55.9831
0,2,G4CMPDriftElectron,1,0.0284726,56.8669,297558,1.03297,0.00103017,0,292126,0.0274425,69.1621
0,2,G4CMPDriftElectron,1,0.0274348,69.1506,292085,0.614729,0.00163423,0,283252,0.0258006,66.0135
0,2,G4CMPDriftElectron,1,0.026463,66.9274,286865,1.19193,0.000705476,0,283015,0.0257575,59.7623
0,2,G4CMPDriftElectron,1,0.0280738,62.8575,295467,0.539087,0.00173901,0,286169,0.0263348,58.9175
0,2,G4CMPDriftElectron,1,0.0246928,58.4446,277104,0.69997,0.00144732,0,268860,0.0232454,43.0781
0,2,G4CMPDriftElectron,1,0.0312827,54.9466,311896,0.931458,0.00126615,0,305519,0.0300166,54.2209
0,2,G4CMPDriftElectron,1,0.0293332,52.8456,302022,0.429923,0.00188601,0,292151,0.0274472,33.2095
0,2,G4CMPDriftElectron,1,0.0250081,29.3706,278868,0.488401,0.00168785,0,269293,0.0233203,63.33
0,2,G4CMPDriftElectron,1,0.0264434,67.2539,286759,0.405284,0.00180886,0,276777,0.0246346,56.1607
0,2,G4CMPDriftElectron,1,0.0239611,54.9054,272968,0.710015,0.0014127,0,264799,0.0225484,61.2552
0,2,G4CMPDriftElectron,1,0.0189258,56.0733,242597,0.995127,0.000887469,0,236841,0.0180383,19.872
0,2,G4CMPDriftElectron,1,0.0176361,20.6843,234185,0.719068,0.00119682,0,226099,0.0164393,53.1119
0,2,G4CMPDriftElectron,1,0.0171282,54.2177,230789,0.46292,0.00140914,0,221091,0.0157191,50.0915
0,2,G4CMPDriftElectron,1,0.0135021,46.5182,204908,0.507446,0.00121702,0,195456,0.0122851,28.1113
0,2,G4CMPDriftElectron,1,0.0114995,20.5012,189103,0.621336,0.0010395,0,180353,0.01046,40.4839
0,2,G4CMPDriftElectron,1,0.00390064,23.4109,110135,0.993845,0.000382874,0,104590,0.00351777,21.2351
0,2,G4CMPDriftElectron,1,0.00558885,24.2246,131832,0.801166,0.00060479,0,124494,0.00498406,24.4239
0,2,G4CMPDriftElectron,1,0.0186695,56.3795,240948,0.606198,0.00134969,0,232075,0.0173198,51.1346
0,2,G4CMPDriftElectron,1,0.0098947,38.1754,175412,0.631447,0.000954188,0,166740,0.00894051,13.2239
0,2,G4CMPDriftElectron,1,0.00896687,10.2746,166985,0.27635,0.00108779,0,156529,0.00787909,22.7894
0,2,G4CMPDriftElectron,1,0.00723329,21.0562,149977,0.823135,0.000676534,0,142792,0.00655676,33.5335
0,2,G4CMPDriftElectron,1,0.0218532,61.1658,260685,0.526161,0.00154179,0,251321,0.0203114,50.1057
0,2,G4CMPDriftElectron,1,0.0199871,49.4565,249306,0.428527,0.00155117,0,239436,0.0184359,57.1099
0,2,G4CMPDriftElectron,1,0.0222115,62.7198,262813,0.342549,0.00169683,0,252575,0.0205147,51.7299
0,2,G4CMPDriftElectron,1,0.0161535,42.3756,224126,0.50442,0.00133704,0,214650,0.0148165,42.9229
0,2,G4CMPDriftElectron,1,0.0138833,41.5287,207780,0.490778,0.00124623,0,198235,0.012637,45.4368
0,2,G4CMPDriftElectron,1,0.00707181,29.4307,148294,0.175095,0.000985297,0,137576,0.00608652,28.4026
0,2,G4CMPDriftElectron,1,0.00932045,38.4114,170246,0.392653,0.00106424,0,160232,0.00825622,36.2283
0,2,G4CMPDriftElectron,1,0.0144794,47.8487,212194,0.242678,0.00140548,0,201633,0.0130739,37.4755
0,2,G4CMPDriftElectron,1,0.012666,36.8062,198463,0.224757,0.00131783,0,187855,0.0113482,43.5061
0,2,G4CMPDriftElectron,1,0.0149718,49.6319,215772,0.753206,0.00106505,0,207955,0.0139067,17.0578
0,2,G4CMPDriftElectron,1,0.0141326,19.7274,209638,0.590971,0.00118194,0,200680,0.0129507,47.6398
0,2,G4CMPDriftElectron,1,0.010107,41.9057,177284,0.74139,0.000878241,0,169406,0.00922875,18.6667
0,2,G4CMPDriftElectron,1,0.00916396,21.0011,168811,0.347623,0.00107422,0,158608,0.00808974,13.8426
0,2,G4CMPDriftElectron,1,0.00986269,20.5279,175128,0.714704,0.000888893,0,167050,0.0089738,37.5032
0,2,G4CMPDriftElectron,1,0.0316956,74.6674,313948,0.486501,0.00190694,0,304357,0.0297887,39.4803
0,2,G4CMPDriftElectron,1,0.0290546,36.6037,300584,0.422822,0.00188304,0,290680,0.0271716,33.0793
0,2,G4CMPDriftElectron,1,0.0269598,33.3685,289545,1.2782,0.000547164,0,286592,0.0264127,39.9159
0,2,G4CMPDriftElectron,1,0.0244199,36.3466,275569,0.508858,0.00164854,0,266105,0.0227714,61.2826
0,2,G4CMPDriftElectron,1,0.0257429,65.2685,282935,0.866591,0.0012457,0,276004,0.0244972,32.4635
0,2,G4CMPDriftElectron,1,0.0253967,35.7418,281026,0.448546,0.00173665,0,271248,0.02366,32.8027
0,2,G4CMPDriftElectron,1,0.0253569,36.034,280806,0.151028,0.00190755,0,270037,0.0234493,26.4088
0,2,G4CMPDriftElectron,1,0.0208474,19.6289,254615,0.695736,0.00133162,0,246349,0.0195158,54.7202
0,2,G4CMPDriftElectron,1,0.0161298,48.4845,223961,0.772598,0.00108589,0,216291,0.0150439,24.2923
0,2,G4CMPDriftElectron,1,0.0160366,26.9255,223313,0.769049,0.00108651,0,215616,0.0149501,50.8198
0,2,G4CMPDriftElectron,1,0.0146349,50.0776,213330,0.244351,0.00141261,0,202773,0.0132222,40.1514
0,2,G4CMPDriftElectron,1,0.0219556,58.3048,261295,0.504591,0.00156496,0,251810,0.0203907,47.019
0,2,G4CMPDriftElectron,1,0.0191405,44.1659,243969,0.394366,0.00154051,0,233945,0.0176,54.9005
0,2,G4CMPDriftElectron,1,0.0236191,64.2679,271013,0.562194,0.00156896,0,261857,0.0220502,45.8942
0,2,G4CMPDriftElectron,1,0.0230872,47.3828,267944,0.716155,0.00137845,0,259822,0.0217087,51.4038
0,2,G4CMPDriftElectron,1,0.0138161,29.3678,207277,0.626029,0.00113909,0,198548,0.012677,31.5717
0,2,G4CMPDriftElectron,1,0.0117763,29.5851,191365,0.850998,0.000846011,0,184363,0.0109303,39.3267
0,2,G4CMPDriftElectron,1,0.0117025,41.1703,190764,0.952134,0.000737226,0,184658,0.0109652,39.1819
0,2,G4CMPDriftElectron,1,0.0111489,39.5599,186198,0.299192,0.00120888,0,175813,0.00994003,25.131
0,2,G4CMPDriftElectron,1,0.00946654,23.9926,171575,0.713807,0.00087079,0,163493,0.00859575,31.31
0,2,G4CMPDriftElectron,1,0.0150667,43.3594,216455,0.0970438,0.00147179,0,205611,0.0135949,43.4682
0,2,G4CMPDriftElectron,1,0.0114591,39.3322,188770,0.41296,0.00117366,0,178842,0.0102855,39.5868
0,2,G4CMPDriftElectron,1,0.025047,63.5991,279085,0.778508,0.00135446,0,271434,0.0236925,25.7384
0,2,G4CMPDriftElectron,1,0.0248901,31.9381,278209,0.54655,0.00162769,0,268958,0.0232624,57.7278
0,2,G4CMPDriftElectron,1,0.0244255,59.1463,275601,0.370359,0.0017625,0,265471,0.022663,62.7322
0,2,G4CMPDriftElectron,1,0.0246163,65.1505,276674,0.892571,0.00117848,0,269970,0.0234378,59.0324
0,2,G4CMPDriftElectron,1,0.0222572,57.0749,263083,0.404527,0.00165691,0,253101,0.0206003,60.2608
0,2,G4CMPDriftElectron,1,0.0216637,61.8201,259552,0.297905,0.00170086,0,249155,0.0199628,48.8204
0,2,G4CMPDriftElectron,1,0.0164805,40.9947,226383,0.703693,0.0011716,0,218188,0.0153089,41.5979
0,2,G4CMPDriftElectron,1,0.0278432,61.1457,294251,0.367001,0.00188685,0,284106,0.0259564,47.349
0,2,G4CMPDriftElectron,1,0.0253075,46.3329,280532,0.624421,0.00155701,0,271765,0.0237505,59.8776
0,2,G4CMPDriftElectron,1,0.0237426,59.8646,271721,0.824564,0.00125471,0,264443,0.0224879,47.0892
0,2,G4CMPDriftElectron,1,0.0201411,39.9726,250264,0.738469,0.00125895,0,242317,0.0188821,50.4317
0,2,G4CMPDriftElectron,1,0.0266562,61.662,287910,1.12927,0.000824121,0,283425,0.025832,67.6354
0,2,G4CMPDriftElectron,1,0.0280845,70.5164,295523,0.91436,0.00122592,0,289001,0.0268586,65.6094
0,2,G4CMPDriftElectron,1,0.0284045,67.8551,297202,0.768979,0.00145874,0,289470,0.0269458,64.829
0,2,G4CMPDriftElectron,1,0.0245386,61.133,276237,0.62141,0.00153599,0,267452,0.0230026,63.8039
0,2,G4CMPDriftElectron,1,0.0220669,62.5028,261956,0.776095,0.0012721,0,254293,0.0207948,20.6213
0,2,G4CMPDriftElectron,1,0.0207706,20.5569,254146,1.09428,0.000778859,0,249335,0.0199917,39.3987
0,2,G4CMPDriftElectron,1,0.0201971,40.1675,250612,0.50737,0.00149705,0,241145,0.0187,56.7408
0,2,G4CMPDriftElectron,1,0.0144132,50.0988,211709,0.479899,0.00127804,0,202105,0.0131352,33.5877
0,2,G4CMPDriftElectron,1,0.0127634,33.8582,199224,0.336001,0.00128007,0,188969,0.0114833,15.3505
0,2,G4CMPDriftElectron,1,0.012012,17.1733,193270,0.980353,0.000715964,0,187422,0.011296,44.3728
0,2,G4CMPDriftElectron,1,0.0171558,54.6267,230974,0.548033,0.0013436,0,221745,0.0158122,44.9766
0,2,G4CMPDriftElectron,1,0.0154781,43.5761,219390,0.254524,0.00144996,0,208862,0.0140282,32.632
0,2,G4CMPDriftElectron,1,0.0286734,66.3362,298606,0.803444,0.00141477,0,291146,0.0272587,34.3098
0,2,G4CMPDriftElectron,1,0.0288746,37.418,299651,0.613662,0.00167884,0,290810,0.0271958,68.7302
0,2,G4CMPDriftElectron,1,0.0258843,67.0933,283711,0.243422,0.00189169,0,273147,0.0239926,54.3695
0,2,G4CMPDriftElectron,1,0.0270904,58.5796,290246,0.819358,0.00135061,0,282918,0.0257398,43.9791
0,2,G4CMPDriftElectron,1,0.0266326,46.2881,287783,1.02875,0.00100238,0,282315,0.0256302,67.3611
0,2,G4CMPDriftElectron,1,0.048486,92.5177,388299,1.04276,0.00133304,0,382924,0.047153,89.9556
0,2,G4CMPDriftElectron,1,0.0476169,90.3877,384803,0.441584,0.00240015,0,374980,0.0452168,72.9499
0,2,G4CMPDriftElectron,1,0.045079,72.7994,374408,0.223479,0.00252074,0,363789,0.0425582,67.1011
0,2,G4CMPDriftElectron,1,0.0438135,68.4982,369115,0.253303,0.00246635,0,358576,0.0413471,68.4533
0,2,G4CMPDriftElectron,1,0.0399626,67.5389,352521,0.431666,0.00220595,0,342653,0.0377567,18.6857
0,2,G4CMPDriftElectron,1,0.0381858,19.0122,344595,0.855955,0.00154499,0,337552,0.0366408,78.8105
0,2,G4CMPDriftElectron,1,0.0274675,67.1703,292259,0.252793,0.00194512,0,281721,0.0255224,48.3074
0,2,G4CMPDriftElectron,1,0.0262569,49.9282,285746,0.326952,0.00185848,0,275448,0.0243984,42.8437
0,2,G4CMPDriftElectron,1,0.0210949,32.349,256122,0.653166,0.00138744,0,247556,0.0197075,44.6105
0,2,G4CMPDriftElectron,1,0.0177873,41.1666,235187,0.929495,0.000947948,0,228834,0.0168393,54.0119
0,2,G4CMPDriftElectron,1,0.016842,54.0183,228852,0.437198,0.00141494,0,219028,0.015427,50.0058
0,2,G4CMPDriftElectron,1,0.0114556,42.9243,188741,0.976801,0.000702189,0,182865,0.0107534,40.4448
0,2,G4CMPDriftElectron,1,0.00565715,18.8474,132635,0.885155,0.000550419,0,126017,0.00510674,20.1989
0,2,G4CMPDriftElectron,1,0.00619281,17.8489,138772,0.657588,0.000731624,0,130317,0.00546119,31.0223
0,2,G4CMPDriftElectron,1,0.0184379,56.7121,239449,0.769413,0.00116735,0,231745,0.0172705,54.7734
0,2,G4CMPDriftElectron,1,0.0195894,58.2619,246813,0.38335,0.00156614,0,236742,0.0180232,50.0671
0,2,G4CMPDriftElectron,1,0.0155786,45.9132,220101,0.657274,0.00118308,0,211578,0.0143955,36.612
0,2,G4CMPDriftElectron,1,0.0140635,33.5209,209124,0.323669,0.00135144,0,198823,0.0127121,46.0744
0,2,G4CMPDriftElectron,1,0.0117252,44.4653,190950,0.467314,0.00115666,0,181287,0.0105686,42.0343
0,2,G4CMPDriftElectron,1,0.0051962,26.5714,127116,0.371366,0.000792022,0,117028,0.00440418,27.8193
0,2,G4CMPDriftElectron,1,0.0148287,50.8252,214739,0.809512,0.00100009,0,207371,0.0138286,49.4495
0,2,G4CMPDriftElectron,1,0.0158344,52.8778,221901,0.087812,0.0015111,0,211047,0.0143233,50.2254
0,2,G4CMPDriftElectron,1,0.00868156,38.6033,164307,0.54567,0.000946187,0,155095,0.00773537,24.1183
0,2,G4CMPDriftElectron,1,0.00944751,28.818,171402,0.539747,0.000992369,0,162151,0.00845514,27.5451
0,2,G4CMPDriftElectron,1,0.0116752,37.9228,190542,0.652051,0.00102331,0,182000,0.0106519,33.9354
0,2,G4CMPDriftElectron,1,0.0113124,40.4743,187558,0.62951,0.0010244,0,178864,0.010288,21.0576
0,2,G4CMPDriftElectron,1,0.0102766,20.4571,178765,0.249739,0.00117589,0,168227,0.00910073,31.938
0,2,G4CMPDriftElectron,1,0.0136413,45.4723,205962,0.802863,0.000964583,0,198546,0.0126767,31.9261
0,2,G4CMPDriftElectron,1,0.0215236,48.8874,258712,0.611178,0.00144684,0,249865,0.0200768,53.9484
0,2,G4CMPDriftElectron,1,0.0173634,48.724,232367,0.287076,0.0015238,0,221937,0.0158396,31.2526
0,2,G4CMPDriftElectron,1,0.0164627,34.6073,226261,0.842402,0.00101746,0,219157,0.0154453,49.1684
0,2,G4CMPDriftElectron,1,0.01588,49.9027,222220,1.05846,0.000725335,0,217086,0.0151547,23.7917
0,2,G4CMPDriftElectron,1,0.0178486,29.6956,235592,1.13271,0.000662286,0,231180,0.0171863,21.2501
0,2,G4CMPDriftElectron,1,0.0172052,20.0619,231306,1.05646,0.000759366,0,226144,0.0164458,41.3445
0,2,G4CMPDriftElectron,1,0.0239738,53.8728,273040,0.177266,0.00184553,0,262320,0.0221282,37.0212
0,2,G4CMPDriftElectron,1,0.0187977,29.9462,241775,1.04285,0.00081547,0,236472,0.0179823,55.651
0,2,G4CMPDriftElectron,1,0.0136428,48.5404,205973,0.697128,0.00106864,0,197741,0.0125742,23.8212
0,2,G4CMPDriftElectron,1,0.0137702,26.9584,206932,0.655544,0.00111154,0,198405,0.0126586,45.8945
0,2,G4CMPDriftElectron,1,0.0170454,54.1011,230230,0.844239,0.00103377,0,223139,0.0160117,33.839
0,2,G4CMPDriftElectron,1,0.0166542,35.2151,227572,0.365852,0.00145128,0,217431,0.0152029,29.1669
0,2,G4CMPDriftElectron,1,0.0203031,46.9546,251269,0.387996,0.00159203,0,241217,0.0187111,19.0528
0,2,G4CMPDriftElectron,1,0.0200211,16.2135,249518,0.587234,0.00141769,0,240522,0.0186034,50.0254
0,2,G4CMPDriftElectron,1,0.0251078,61.4447,279423,0.692379,0.00146929,0,271124,0.0236386,22.061
0,2,G4CMPDriftElectron,1,0.0244323,24.0703,275639,0.784487,0.00132913,0,268036,0.0231031,63.9181
0,2,G4CMPDriftElectron,1,0.0276857,70.0227,293418,0.868656,0.00129003,0,286500,0.0263957,65.2733
0,2,G4CMPDriftElectron,1,0.0173002,49.4909,231944,0.729607,0.00117365,0,223939,0.0161266,49.2899
0,2,G4CMPDriftElectron,1,0.0218979,58.2416,260951,1.21768,0.000594311,0,257386,0.0213036,59.864
0,2,G4CMPDriftElectron,1,0.0284678,69.9657,297533,0.957857,0.00116148,0,291400,0.0273063,53.254
0,2,G4CMPDriftElectron,1,0.0344077,65.9641,327104,0.50173,0.00197189,0,317593,0.0324358,69.2848
0,2,G4CMPDriftElectron,1,0.0291754,65.3277,301208,0.568431,0.00174096,0,292083,0.0274344,67.4514
0,2,G4CMPDriftElectron,1,0.0274313,67.4591,292066,0.424976,0.00182679,0,282174,0.0256045,67.1169
0,2,G4CMPDriftElectron,1,0.0315216,74.6165,313085,0.807594,0.00147865,0,305653,0.0300429,63.9881
0,2,G4CMPDriftElectron,1,0.034605,69.4403,328041,0.319404,0.00214473,0,317712,0.0324603,58.5442
0,2,G4CMPDriftElectron,1,0.0318288,57.6931,314607,1.01838,0.0011189,0,309028,0.0307099,71.5812
0,2,G4CMPDriftElectron,1,0.0293391,69.9954,302052,0.818571,0.00140832,0,294713,0.0279308,32.9035
0,2,G4CMPDriftElectron,1,0.0267121,26.3934,288212,0.479889,0.00175369,0,278591,0.0249585,63.8983
0,2,G4CMPDriftElectron,1,0.0314225,72.793,312593,1.34774,0.000446462,0,310364,0.0309761,73.4098
0,2,G4CMPDriftElectron,1,0.0392333,82.945,349289,0.946585,0.00139264,0,343034,0.0378406,79.4212
0,2,G4CMPDriftElectron,1,0.0490622,91.6598,390599,0.598221,0.00222406,0,381643,0.0468381,90.1484
0,2,G4CMPDriftElectron,1,0.0480001,91.3525,386349,0.496811,0.00234233,0,376804,0.0456578,86.4938
0,2,G4CMPDriftElectron,1,0.0494912,90.6588,392303,0.408336,0.00248536,0,382326,0.0470058,84.3062
0,2,G4CMPDriftElectron,1,0.0428792,80.1674,365158,0.283661,0.00241889,0,354709,0.0404603,84.3779
0,2,G4CMPDriftElectron,1,0.0448757,88.7937,373563,0.397618,0.00237582,0,363540,0.0424999,78.9336
0,2,G4CMPDriftElectron,1,0.0391961,75.4002,349124,0.515099,0.00209128,0,339682,0.0371048,71.6986
0,2,G4CMPDriftElectron,1,0.0381146,72.7688,344274,0.551894,0.00201655,0,335043,0.0360981,79.6676
0,2,G4CMPDriftElectron,1,0.0353988,78.8968,331781,0.38828,0.00211414,0,321721,0.0332846,75.2128
0,2,G4CMPDriftElectron,1,0.038837,81.7492,347521,0.773092,0.00170521,0,339806,0.0371318,65.0427
0,2,G4CMPDriftElectron,1,0.0366252,64.1617,337480,0.557599,0.00196889,0,328284,0.0346563,75.4107
0,2,G4CMPDriftElectron,1,0.0390066,80.5721,348279,0.445756,0.00216434,0,338478,0.0368422,80.3709
0,2,G4CMPDriftElectron,1,0.0342742,77.3451,326469,0.45055,0.00202166,0,316694,0.0322525,72.7234
0,2,G4CMPDriftElectron,1,0.0316162,72.0019,313554,0.205466,0.00211326,0,302894,0.0295029,71.9383
0,2,G4CMPDriftElectron,1,0.0327336,75.9272,319047,0.467901,0.00195763,0,309360,0.030776,70.0944
0,2,G4CMPDriftElectron,1,0.0447165,84.6863,372900,0.115536,0.00255801,0,362077,0.0421585,83.5277
0,2,G4CMPDriftElectron,1,0.0391852,80.6003,349075,0.841085,0.00159287,0,341907,0.0375923,57.0812
0,2,G4CMPDriftElectron,1,0.0368439,55.6668,338486,0.69747,0.0017802,0,330208,0.0350637,66.8461
0,2,G4CMPDriftElectron,1,0.0399604,72.5305,352511,0.591349,0.00201298,0,343518,0.0379474,57.4431
0,2,G4CMPDriftElectron,1,0.0379473,57.4432,343517,0.814071,0.00161479,0,336129,0.0363325,69.2057
0,2,G4CMPDriftElectron,1,0.0379742,71.0306,343639,1.07482,0.00110801,0,338589,0.0368662,80.7505
0,2,G4CMPDriftElectron,1,0.0566741,100.188,419808,0.801357,0.00200893,0,412300,0.0546652,98.3959
0,2,G4CMPDriftElectron,1,0.0548717,98.5801,413078,0.605979,0.00234153,0,404169,0.0525302,80.1778
0,2,G4CMPDriftElectron,1,0.0543971,82.0018,411288,0.459046,0.00254606,0,401547,0.0518511,74.3621
0,2,G4CMPDriftElectron,1,0.0518303,74.5221,401467,1.23433,0.000890806,0,398002,0.0509395,31.3193
0,2,G4CMPDriftElectron,1,0.0509257,31.508,397948,0.649879,0.00218244,0,389328,0.0487433,92.9133
0,2,G4CMPDriftElectron,1,0.0454981,89.7588,376144,0.733188,0.00192075,0,368119,0.0435773,82.3117
0,2,G4CMPDriftElectron,1,0.0383437,75.9867,345307,1.1052,0.00104838,0,340554,0.0372953,72.4466
0,2,G4CMPDriftElectron,1,0.0383063,73.1164,345139,0.0776542,0.00237357,0,334275,0.0359328,74.7047
0,2,G4CMPDriftElectron,1,0.0347032,73.5496,328505,1.14629,0.000910124,0,324169,0.033793,54.3747
0,2,G4CMPDriftElectron,1,0.0342764,55.4247,326480,0.81058,0.0015386,0,319068,0.0327378,74.7197
0,2,G4CMPDriftElectron,1,0.0227367,62.271,265902,1.02657,0.00092674,0,260427,0.0218099,42.2546
0,2,G4CMPDriftElectron,1,0.0216968,41.9472,259750,0.284627,0.00170913,0,249310,0.0199877,52.0323
0,2,G4CMPDriftElectron,1,0.0204342,52.8576,252079,0.368535,0.00160998,0,241945,0.0188242,46.2142
0,2,G4CMPDriftElectron,1,0.0164418,38.588,226117,0.324704,0.00146383,0,215817,0.014978,44.8014
0,2,G4CMPDriftElectron,1,0.017443,49.915,232900,0.204171,0.00156028,0,222239,0.0158827,44.6462
0,2,G4CMPDriftElectron,1,0.0134413,38.8196,204446,0.862798,0.000893676,0,197533,0.0125477,39.1635
0,2,G4CMPDriftElectron,1,0.0119479,37.9461,192754,0.701003,0.000994234,0,184560,0.0109536,30.9019
0,2,G4CMPDriftElectron,1,0.0136867,39.1485,206304,0.775321,0.000994512,0,198667,0.0126922,37.9701
0,2,G4CMPDriftElectron,1,0.00493396,18.1473,123867,1.17989,0.000292609,0,120138,0.00464135,6.78164
0,2,G4CMPDriftElectron,1,0.00452031,7.66833,118561,1.22677,0.000242081,0,115343,0.00427823,19.3588
0,2,G4CMPDriftElectron,1,0.0201288,58.2117,250188,0.2226,0.00167209,0,239572,0.0184567,57.0634
0,2,G4CMPDriftElectron,1,0.00728869,35.9288,150551,1.00951,0.000523463,0,145044,0.00676523,33.9925
0,2,G4CMPDriftElectron,1,0.00573901,31.3167,133591,1.1157,0.000373371,0,129172,0.00536564,27.7249
0,2,G4CMPDriftElectron,1,0.00516202,27.114,126697,1.17816,0.000301583,0,122941,0.00486044,28.0072
0,2,G4CMPDriftElectron,1,0.0021674,18.5492,82097.1,0.764964,0.000376915,0,74618,0.00179049,9.20714
0,2,G4CMPDriftElectron,1,0.0187547,57.3676,241498,0.295024,0.00158132,0,231093,0.0171734,52.0005
0,2,G4CMPDriftElectron,1,0.00961763,38.0213,172939,1.15085,0.000455999,0,168789,0.00916163,40.0101
0,2,G4CMPDriftElectron,1,0.00858183,38.9855,163361,0.984479,0.000595325,0,157593,0.00798651,24.3144
0,2,G4CMPDriftElectron,1,0.00785973,23.252,156337,0.611206,0.000859183,0,147545,0.00700054,29.3347
0,2,G4CMPDriftElectron,1,0.00985695,40.8846,175077,0.280133,0.00114108,0,164632,0.00871588,28.5533
0,2,G4CMPDriftElectron,1,0.00720276,13.7281,149661,0.290924,0.00096669,0,139256,0.00623607,20.4165
0,2,G4CMPDriftElectron,1,0.0192256,56.0812,244511,0.237834,0.00162733,0,233934,0.0175983,54.8682
0,2,G4CMPDriftElectron,1,0.00844705,37.9692,162073,0.24423,0.00106405,0,151522,0.007383,35.9302
0,2,G4CMPDriftElectron,1,0.00784895,37.0934,156230,0.579986,0.000877745,0,147235,0.0069712,33.7647
0,2,G4CMPDriftElectron,1,0.0153511,47.3209,218488,0.504028,0.00130274,0,209012,0.0140484,44.5911
0,2,G4CMPDriftElectron,1,0.0132604,43.7638,203065,1.24409,0.000418567,0,199835,0.0128418,47.2663
0,2,G4CMPDriftElectron,1,0.0106404,43.4044,181902,0.617549,0.00100126,0,173132,0.00963914,41.3181
0,2,G4CMPDriftElectron,1,0.00768385,36.8846,154578,0.546918,0.000887195,0,145380,0.00679665,16.8438
0,2,G4CMPDriftElectron,1,0.0138377,36.4531,207439,0.565441,0.00118943,0,198323,0.0126483,32.9934
0,2,G4CMPDriftElectron,1,0.0139014,37.8923,207916,0.303267,0.00135257,0,197542,0.0125488,36.2668
0,2,G4CMPDriftElectron,1,0.00781228,16.0199,155864,0.799949,0.00072296,0,148477,0.00708932,34.5981
0,2,G4CMPDriftElectron,1,0.00662272,34.1657,143508,0.376151,0.000897322,0,133432,0.0057254,30.3974
0,2,G4CMPDriftElectron,1,0.0078694,35.5517,156433,0.780832,0.000740632,0,148890,0.00712877,14.8526
0,2,G4CMPDriftElectron,1,0.0142614,42.56,210591,0.744079,0.00104773,0,202707,0.0132137,43.8266
0,2,G4CMPDriftElectron,1,0.0148251,46.6219,214712,0.635274,0.00117312,0,206042,0.0136519,36.786
0,2,G4CMPDriftElectron,1,0.0145426,37.5527,212656,0.604079,0.00118852,0,203781,0.013354,48.6176
0,2,G4CMPDriftElectron,1,0.01818,56.7429,237769,0.827775,0.00108922,0,230536,0.0170908,23.7678
0,2,G4CMPDriftElectron,1,0.0181639,24.197,237664,1.07954,0.000747613,0,232721,0.0174163,51.6499
0,2,G4CMPDriftElectron,1,0.0172304,51.2832,231476,0.944731,0.000912469,0,225263,0.0163179,48.6216
0,2,G4CMPDriftElectron,1,0.01526,46.4805,217839,0.806928,0.00101794,0,210448,0.014242,31.6009
0,2,G4CMPDriftElectron,1,0.0177846,38.8887,235169,0.358883,0.00150508,0,224998,0.0162795,26.7898
0,2,G4CMPDriftElectron,1,0.0147778,23.1529,214370,0.635733,0.00117077,0,205703,0.013607,47.8862
0,2,G4CMPDriftElectron,1,0.0159012,51.8095,222369,0.429929,0.00137854,0,212511,0.0145227,29.5409
0,2,G4CMPDriftElectron,1,0.00918059,12.816,168964,0.0840016,0.00114189,0,158107,0.0080387,13.0274
0,2,G4CMPDriftElectron,1,0.00953218,18.8862,172169,0.679285,0.00090066,0,163833,0.00863152,36.9557
0,2,G4CMPDriftElectron,1,0.012823,46.5109,199688,1.01563,0.00069952,0,194165,0.0121235,39.1133
0,2,G4CMPDriftElectron,1,0.0165868,47.4731,227112,0.860229,0.00100009,0,220158,0.0155867,52.4784
0,2,G4CMPDriftElectron,1,0.0187256,57.5884,241310,0.400685,0.00151917,0,231315,0.0172064,42.0561
0,2,G4CMPDriftElectron,1,0.0159567,39.7644,222756,0.600529,0.00124992,0,213854,0.0147068,27.4503
0,2,G4CMPDriftElectron,1,0.0134764,20.8507,204713,0.936312,0.000812315,0,198448,0.0126641,38.1449
0,2,G4CMPDriftElectron,1,0.0177234,47.4635,234764,0.800693,0.00110738,0,227311,0.016616,36.5693
0,2,G4CMPDriftElectron,1,0.0179164,40.6524,236039,0.532062,0.00138749,0,226715,0.0165289,52.7403
0,2,G4CMPDriftElectron,1,0.00525874,20.9874,127879,0.675279,0.000661394,0,119567,0.00459734,24.3708
0,2,G4CMPDriftElectron,1,0.0037533,19.6927,108035,0.268241,0.000691938,0,97569.7,0.00306136,22.8555
0,2,G4CMPDriftElectron,1,0.00789441,37.3777,156682,0.727413,0.000782027,0,148719,0.00711238,22.2523
0,2,G4CMPDriftElectron,1,0.00897584,27.398,167069,1.0819,0.000511762,0,162236,0.00846408,17.9956
0,2,G4CMPDriftElectron,1,0.0170706,39.189,230400,0.344828,0.0014816,0,220175,0.015589,52.0771
0,2,G4CMPDriftElectron,1,0.0139314,49.254,208140,0.619969,0.00114915,0,199371,0.0127822,25.8829
0,2,G4CMPDriftElectron,1,0.028573,55.1976,298082,0.511644,0.0017835,0,288629,0.0267895,65.7851
0,2,G4CMPDriftElectron,1,0.0187182,52.8793,241263,0.838866,0.00109191,0,234120,0.0176263,32.137
0,2,G4CMPDriftElectron,1,0.0141445,25.2357,209726,0.684042,0.00110106,0,201397,0.0130434,40.9057
0,2,G4CMPDriftElectron,1,0.00970111,30.5261,173688,0.127171,0.00116934,0,162884,0.00853177,28.7849
0,2,G4CMPDriftElectron,1,0.00959548,33.8808,172739,1.05966,0.000554055,0,167678,0.00904142,39.8197
0,2,G4CMPDriftElectron,1,0.00953551,41.093,172199,0.955677,0.000658273,0,166149,0.00887723,29.0161
0,2,G4CMPDriftElectron,1,0.0211187,52.8443,256266,0.396744,0.00161844,0,246251,0.0195003,52.5395
0,2,G4CMPDriftElectron,1,0.0189771,51.7683,242925,0.710772,0.00125217,0,234774,0.0177249,24.2769
0,2,G4CMPDriftElectron,1,0.0176457,23.7122,234249,0.324309,0.00151805,0,223946,0.0161277,26.1819
0,2,G4CMPDriftElectron,1,0.016137,26.3582,224011,0.094788,0.00152483,0,213165,0.0146121,27.2899
0,2,G4CMPDriftElectron,1,0.0140879,20.7225,209306,0.904243,0.00086883,0,202749,0.013219,44.8891
0,2,G4CMPDriftElectron,1,0.0119349,35.3792,192649,0.643633,0.00104191,0,184048,0.010893,36.4981
0,2,G4CMPDriftElectron,1,0.0066857,19.888,144189,0.287425,0.000930958,0,133774,0.00575474,11.3273
0,2,G4CMPDriftElectron,1,0.00511337,13.0245,126099,0.228446,0.000822664,0,115511,0.00429071,19.5391
0,2,G4CMPDriftElectron,1,0.0045889,18.3353,119457,0.418201,0.00072692,0,109588,0.00386198,25.4264
0,2,G4CMPDriftElectron,1,0.00284865,22.46,94119,0.430565,0.000561273,0,84338.6,0.00228737,13.5027
0,2,G4CMPDriftElectron,1,0.0272217,64.0608,290948,1.12486,0.000841331,0,286417,0.0263803,63.4257
0,2,G4CMPDriftElectron,1,0.0276042,65.2256,292985,0.560243,0.00170139,0,283813,0.0259028,52.3396
0,2,G4CMPDriftElectron,1,0.0235993,48.7817,270899,0.391389,0.00171694,0,260859,0.0218824,17.8702
0,2,G4CMPDriftElectron,1,0.0273924,30.2205,291859,0.59817,0.00165224,0,282920,0.0257401,62.9936
0,2,G4CMPDriftElectron,1,0.0259086,63.273,283844,0.324073,0.00184769,0,273536,0.0240609,62.9138
0,2,G4CMPDriftElectron,1,0.022958,61.5648,267193,1.12115,0.000775793,0,262640,0.0221822,52.6571
0,2,G4CMPDriftElectron,1,0.0220451,52.2442,261827,0.268542,0.00173116,0,251336,0.0203139,57.8669
0,2,G4CMPDriftElectron,1,0.024034,63.613,273383,0.838139,0.0012434,0,266217,0.0227906,19.727
0,2,G4CMPDriftElectron,1,0.0212662,15.8343,257160,0.60354,0.00144579,0,248264,0.0198204,57.787
0,2,G4CMPDriftElectron,1,0.0229843,62.2933,267346,0.545318,0.00156384,0,258091,0.0214205,38.8393
0,2,G4CMPDriftElectron,1,0.0202255,36.7515,250789,0.427368,0.00156147,0,240914,0.0186641,19.06
0,2,G4CMPDriftElectron,1,0.0200285,19.9153,249564,0.31845,0.00162304,0,239238,0.0184054,32.5599
0,2,G4CMPDriftElectron,1,0.0207613,39.9379,254089,0.626629,0.00140434,0,245345,0.019357,34.4612
0,2,G4CMPDriftElectron,1,0.0199353,35.6554,248983,0.725109,0.00126789,0,240935,0.0186674,52.5795
0,2,G4CMPDriftElectron,1,0.0184836,52.2349,239746,0.388811,0.00151675,0,229699,0.0169669,28.5455
0,2,G4CMPDriftElectron,1,0.016957,28.5548,229632,1.01297,0.000813771,0,224054,0.0161432,45.5824
0,2,G4CMPDriftElectron,1,0.00418124,20.4776,114028,0.277718,0.000730397,0,103591,0.00345084,13.0705
0,2,G4CMPDriftElectron,1,0.00738024,25.6722,151493,0.953251,0.000576631,0,145455,0.00680361,32.5377
0,2,G4CMPDriftElectron,1,0.0082466,36.467,160138,0.388953,0.00100037,0,150112,0.00724623,32.4267
0,2,G4CMPDriftElectron,1,0.00450116,24.5261,118310,1.18984,0.000270125,0,114705,0.00423104,25.9124
0,2,G4CMPDriftElectron,1,0.00230187,19.2903,84605.4,0.800117,0.000374901,0,77409.6,0.00192697,11.1113
0,2,G4CMPDriftElectron,1,0.00727789,30.9695,150439,0.502504,0.000885877,0,140986,0.00639202,33.6301
0,2,G4CMPDriftElectron,1,0.0135383,47.5522,205183,0.774092,0.000990137,0,197537,0.0125482,39.5938
0,2,G4CMPDriftElectron,1,0.0138325,41.8043,207400,0.57597,0.00118093,0,198349,0.0126516,26.8943
0,2,G4CMPDriftElectron,1,0.0143152,33.159,210987,0.541076,0.00122936,0,201724,0.0130858,47.9314
0,2,G4CMPDriftElectron,1,0.0128881,47.5505,200195,0.48335,0.00120422,0,190613,0.0116839,31.3511
0,2,G4CMPDriftElectron,1,0.0119342,31.593,192644,0.917425,0.000782566,0,186221,0.0111517,26.6107
0,2,G4CMPDriftElectron,1,0.0121766,23.5492,194590,0.470599,0.00117742,0,184943,0.0109992,43.8299
0,2,G4CMPDriftElectron,1,0.00946455,40.7683,171557,0.307503,0.00110783,0,161204,0.00835672,37.1927
0,2,G4CMPDriftElectron,1,0.0129775,47.3076,200888,0.0532613,0.00136782,0,190006,0.0116097,45.2613
0,2,G4CMPDriftElectron,1,0.0133042,46.3918,203400,0.41359,0.00126722,0,193471,0.0120369,41.5281
0,2,G4CMPDriftElectron,1,0.00748203,28.7749,152534,0.0233518,0.00103062,0,141640,0.00645141,26.6058
0,2,G4CMPDriftElectron,1,0.0348018,77.4893,328972,0.7223,0.00169177,0,320876,0.03311,76.4518
0,2,G4CMPDriftElectron,1,0.0331044,76.4456,320849,0.704966,0.00167458,0,312629,0.0314298,72.133
0,2,G4CMPDriftElectron,1,0.047709,89.3116,385175,1.03485,0.00134041,0,379726,0.0463686,68.7438
0,2,G4CMPDriftElectron,1,0.0477711,70.8158,385426,1.05058,0.00130459,0,380126,0.0464665,60.7637
0,2,G4CMPDriftElectron,1,0.0457953,60.2206,377371,0.619458,0.00211532,0,368553,0.04368,83.625
0,2,G4CMPDriftElectron,1,0.0435643,83.4955,368064,0.246288,0.00246369,0,357505,0.0411006,79.5434
0,2,G4CMPDriftElectron,1,0.0416963,80.2474,360087,0.960719,0.00140778,0,353956,0.0402885,77.9591
0,2,G4CMPDriftElectron,1,0.0419075,79.6378,360997,0.619297,0.00202212,0,352180,0.0398854,70.3566
0,2,G4CMPDriftElectron,1,0.0399172,70.2701,352321,0.46952,0.00216397,0,342638,0.0377533,79.7041
0,2,G4CMPDriftElectron,1,0.0398482,81.8604,352016,0.875293,0.00154275,0,345135,0.0383055,46.6723
0,2,G4CMPDriftElectron,1,0.0397798,50.2201,351714,0.581222,0.00202215,0,342658,0.0377577,61.7245
0,2,G4CMPDriftElectron,1,0.0379212,61.8591,343399,0.437696,0.00214177,0,333561,0.0357794,74.4098
0,2,G4CMPDriftElectron,1,0.0353256,73.9008,331438,0.432133,0.00207129,0,321575,0.0332543,76.4134
0,2,G4CMPDriftElectron,1,0.0333346,76.5049,321963,0.0539251,0.00221514,0,311082,0.0311195,74.1551
0,2,G4CMPDriftElectron,1,0.0229011,63.6617,266862,0.72095,0.00136682,0,258776,0.0215343,58.7701
0,2,G4CMPDriftElectron,1,0.0203121,55.9515,251325,1.00573,0.000905047,0,245662,0.0194071,51.657
0,2,G4CMPDriftElectron,1,0.0141617,40.363,209853,0.2746,0.00137754,0,199385,0.0127841,47.3911
0,2,G4CMPDriftElectron,1,0.0178189,56.1094,235396,0.41899,0.00146896,0,225484,0.0163499,38.4043
0,2,G4CMPDriftElectron,1,0.0114809,18.7458,188949,0.508893,0.00111833,0,179511,0.0103625,28.2396
0,2,G4CMPDriftElectron,1,0.00962588,26.2511,173013,0.574708,0.000979633,0,163973,0.00864625,38.3373
0,2,G4CMPDriftElectron,1,0.0148791,50.9974,215103,0.976922,0.000805448,0,209200,0.0140737,49.8257
0,2,G4CMPDriftElectron,1,0.014406,50.4258,211656,0.738084,0.00105922,0,203726,0.0133468,43.5938
0,2,G4CMPDriftElectron,1,0.016031,48.3644,223274,1.25585,0.000446566,0,220143,0.0155845,52.4373
0,2,G4CMPDriftElectron,1,0.0209739,60.9185,255387,0.404665,0.00160722,0,245407,0.0193667,42.1003
0,2,G4CMPDriftElectron,1,0.00699634,10.7968,147501,0.298728,0.000949842,0,137123,0.0060465,16.9136
0,2,G4CMPDriftElectron,1,0.0073223,21.5884,150897,0.397913,0.000936806,0,140914,0.00638549,11.3304
0,2,G4CMPDriftElectron,1,0.020995,56.1299,255515,0.774196,0.00124226,0,247840,0.0197527,35.3811
0,2,G4CMPDriftElectron,1,0.0221756,39.6729,262600,0.997863,0.000959567,0,256856,0.021216,61.2881
0,2,G4CMPDriftElectron,1,0.0214919,61.6843,258521,0.640919,0.00141417,0,249871,0.0200777,43.0273
0,2,G4CMPDriftElectron,1,0.0179799,40.1383,236457,0.794018,0.00112356,0,228950,0.0168564,53.9312
0,2,G4CMPDriftElectron,1,0.0299678,72.6178,305271,0.194571,0.00206106,0,294587,0.0279068,66.877
0,2,G4CMPDriftElectron,1,0.0274458,66.2291,292143,0.713061,0.00151054,0,283990,0.0259352,28.4653
0,2,G4CMPDriftElectron,1,0.0243898,25.2628,275399,0.680399,0.00146223,0,267016,0.0229276,63.6069
0,2,G4CMPDriftElectron,1,0.0235138,64.5116,270408,1.09306,0.000833201,0,265574,0.0226806,63.2932
0,2,G4CMPDriftElectron,1,0.0252679,66.8428,280312,0.150503,0.00190429,0,269543,0.0233636,64.0323
0,2,G4CMPDriftElectron,1,0.0206485,60.0937,253397,1.02539,0.000883151,0,247919,0.0197653,52.9457
0,2,G4CMPDriftElectron,1,0.0188289,51.1093,241975,0.16357,0.00163515,0,231229,0.0171937,39.1718
0,2,G4CMPDriftElectron,1,0.0180793,41.6276,237109,0.0938131,0.00161638,0,226262,0.0164629,42.5662
0,2,G4CMPDriftElectron,1,0.0141733,36.4677,209939,0.803935,0.000982813,0,202529,0.0131905,40.5083
0,2,G4CMPDriftElectron,1,0.0126093,42.1167,198017,0.830094,0.000898365,0,190833,0.0117109,27.7382
0,2,G4CMPDriftElectron,1,0.0153627,35.2973,218571,0.745099,0.00108782,0,210690,0.0142749,50.279
0,2,G4CMPDriftElectron,1,0.0136648,47.6496,206139,0.683213,0.00108233,0,197806,0.0125824,36.4947
0,2,G4CMPDriftElectron,1,0.0258972,57.5869,283782,0.306522,0.0018581,0,273412,0.0240391,42.009
0,2,G4CMPDriftElectron,1,0.0235402,41.5462,270559,0.892879,0.00115113,0,263861,0.022389,45.0403
0,2,G4CMPDriftElectron,1,0.0183495,38.662,238875,0.734479,0.00120441,0,230902,0.0171451,41.7374
0,2,G4CMPDriftElectron,1,0.0178181,42.5494,235390,0.360726,0.00150546,0,225227,0.0163126,37.5556
0,2,G4CMPDriftElectron,1,0.0179535,42.1137,236283,0.962804,0.0009078,0,230232,0.0170457,30.3347
0,2,G4CMPDriftElectron,1,0.0122924,17.4993,195513,1.29944,0.000329117,0,192878,0.0119633,21.4245
0,2,G4CMPDriftElectron,1,0.0113872,19.6909,188177,0.385754,0.0011838,0,178127,0.0102034,18.859
0,2,G4CMPDriftElectron,1,0.0104859,13.2419,180576,0.860471,0.000787111,0,173667,0.00969879,38.494
0,2,G4CMPDriftElectron,1,0.0107911,36.1406,183185,0.97064,0.000686937,0,177259,0.0101041,18.9191
0,2,G4CMPDriftElectron,1,0.010096,18.8541,177188,0.278587,0.00115582,0,166737,0.00894021,28.8124
0,2,G4CMPDriftElectron,1,0.0154909,47.3194,219481,0.736525,0.00110141,0,211534,0.0143895,44.866
0,2,G4CMPDriftElectron,1,0.0327047,70.7688,318906,0.819762,0.00148709,0,311572,0.0312176,60.6802
0,2,G4CMPDriftElectron,1,0.0353581,65.1705,331591,1.00073,0.0012161,0,325839,0.034142,69.419
0,2,G4CMPDriftElectron,1,0.0358407,72.1358,333846,0.490136,0.00202623,0,324272,0.0338144,74.4074
0,2,G4CMPDriftElectron,1,0.0353129,76.0527,331379,0.447774,0.00205544,0,321590,0.0332575,63.2828
0,2,G4CMPDriftElectron,1,0.0323718,61.6898,317279,0.762229,0.00157027,0,309489,0.0308016,48.9116
0,2,G4CMPDriftElectron,1,0.0308345,48.9411,309654,0.955405,0.0012147,0,303493,0.0296198,68.9621
0,2,G4CMPDriftElectron,1,0.0359591,77.5357,334397,0.43508,0.00208722,0,324547,0.0338719,63.0968
0,2,G4CMPDriftElectron,1,0.031167,59.8843,311319,0.39753,0.00197366,0,301300,0.0291933,22.2282
0,2,G4CMPDriftElectron,1,0.0303052,24.8443,306984,0.137655,0.00209308,0,296194,0.0282121,38.7972
0,2,G4CMPDriftElectron,1,0.0219209,25.6337,261088,0.449643,0.00160986,0,251318,0.0203111,34.0607
0,2,G4CMPDriftElectron,1,0.018539,21.2847,240105,0.935122,0.000960965,0,233799,0.017578,55.7694
0,2,G4CMPDriftElectron,1,0.0164475,53.8087,226156,0.717102,0.00115653,0,218060,0.015291,32.7169
0,2,G4CMPDriftElectron,1,0.0239478,53.5104,272892,0.265104,0.00180767,0,262390,0.0221401,35.7641
0,2,G4CMPDriftElectron,1,0.0210794,31.5287,256028,0.637508,0.00140382,0,247356,0.0196756,58.95
0,2,G4CMPDriftElectron,1,0.0197243,58.9756,247662,0.496788,0.00148782,0,238138,0.0182365,46.8263
0,2,G4CMPDriftElectron,1,0.0135957,33.3145,205617,0.841544,0.000922067,0,198522,0.0126737,46.5279
0,2,G4CMPDriftElectron,1,0.0307568,73.7107,309264,0.360857,0.00198981,0,299093,0.028767,70.942
0,2,G4CMPDriftElectron,1,0.0258616,67.2838,283587,0.930161,0.00114983,0,277211,0.0247118,22.5088
0,2,G4CMPDriftElectron,1,0.0227711,19.4875,266103,0.589215,0.00151241,0,257114,0.0212587,52.5539
0,2,G4CMPDriftElectron,1,0.0242647,56.7582,274692,0.438926,0.0017046,0,264868,0.0225601,62.2681
0,2,G4CMPDriftElectron,1,0.0310297,73.8552,310633,0.157407,0.00211209,0,299875,0.0289176,71.2359
0,2,G4CMPDriftElectron,1,0.0272918,69.28,291323,1.03284,0.00100802,0,285892,0.0262838,68.222
0,2,G4CMPDriftElectron,1,0.0319964,75.2399,315434,0.193295,0.00213148,0,304746,0.0298649,71.311
0,2,G4CMPDriftElectron,1,0.0149368,50.3019,215520,1.22092,0.000479599,0,212032,0.0144572,34.9578
0,2,G4CMPDriftElectron,1,0.00910173,23.7941,168236,0.964346,0.000633874,0,162272,0.00846786,30.8864
0,2,G4CMPDriftElectron,1,0.0101839,36.0149,177957,0.502929,0.00105465,0,168490,0.00912921,34.3261
0,2,G4CMPDriftElectron,1,0.00777982,28.68,155540,0.616239,0.00085145,0,146782,0.00692837,34.7392
0,2,G4CMPDriftElectron,1,0.0157507,52.1384,221313,0.584672,0.00125532,0,212311,0.0144954,15.3571
0,2,G4CMPDriftElectron,1,0.0126746,12.0884,198529,1.03616,0.000670803,0,193204,0.0120038,36.7055
0,2,G4CMPDriftElectron,1,0.0032604,7.4597,100692,0.518528,0.000574779,0,91386.2,0.00268562,17.2959
0,2,G4CMPDriftElectron,1,0.00674004,29.6754,144774,0.775787,0.000686177,0,137206,0.00605386,22.9989
0,2,G4CMPDriftElectron,1,0.00614192,23.8113,138201,0.0372188,0.000929775,0,127311,0.00521214,20.887
0,2,G4CMPDriftElectron,1,0.0136116,40.1692,205737,1.04605,0.000684237,0,200499,0.0129273,46.9521
0,2,G4CMPDriftElectron,1,0.013117,47.2092,201965,0.57571,0.00114919,0,192915,0.0119679,39.4756
0,2,G4CMPDriftElectron,1,0.00776662,26.0113,155408,0.510409,0.000912223,0,145997,0.00685439,34.8409
0,2,G4CMPDriftElectron,1,0.00994048,41.7533,175817,0.541226,0.00101798,0,166572,0.0089225,32.0897
0,2,G4CMPDriftElectron,1,0.0115731,39.8925,189706,0.872394,0.000816758,0,182890,0.0107563,28.1002
0,2,G4CMPDriftElectron,1,0.0112664,30.4866,187176,0.33031,0.00120279,0,176903,0.0100636,16.7754
0,2,G4CMPDriftElectron,1,0.0122542,23.4168,195209,0.360432,0.0012421,0,185052,0.0110121,29.321
0,2,G4CMPDriftElectron,1,0.0076685,21.8117,154423,0.195612,0.00102351,0,143749,0.00664499,18.923
0,2,G4CMPDriftElectron,1,0.00625949,13.8672,139517,0.547222,0.000796879,0,130334,0.00546261,31.0382
0,2,G4CMPDriftElectron,1,0.0143807,50.3457,211469,0.5308,0.00124004,0,202146,0.0131406,42.179
0,2,G4CMPDriftElectron,1,0.0151781,47.502,217254,0.570493,0.00124338,0,208165,0.0139348,42.652
0,2,G4CMPDriftElectron,1,0.0136354,42.0842,205917,0.301885,0.0013398,0,195539,0.0122956,44.6781
0,2,G4CMPDriftElectron,1,0.0344659,75.9311,327381,0.826282,0.00151665,0,320096,0.0329493,71.8536
0,2,G4CMPDriftElectron,1,0.0333772,72.7686,322168,0.276781,0.00213392,0,311700,0.0312433,48.3287
0,2,G4CMPDriftElectron,1,0.0314756,48.2223,312856,1.01683,0.00111536,0,307263,0.0303602,73.3243
0,2,G4CMPDriftElectron,1,0.0205643,60.1905,252880,0.390326,0.00160091,0,242837,0.0189633,38.7412
0,2,G4CMPDriftElectron,1,0.01955,40.6586,246565,0.813853,0.00114854,0,239213,0.0184014,48.7701
0,2,G4CMPDriftElectron,1,0.00651244,28.9634,142308,1.07462,0.000436653,0,137455,0.00607579,28.7454
0,2,G4CMPDriftElectron,1,0.00913409,37.9758,168535,0.730637,0.000841543,0,160584,0.00829254,36.2159
0,2,G4CMPDriftElectron,1,0.0348678,76.1039,329284,1.13171,0.000942939,0,324801,0.0339249,69.6231
0,2,G4CMPDriftElectron,1,0.0424345,78.3844,363260,0.361119,0.00234365,0,353086,0.0400908,83.844
0,2,G4CMPDriftElectron,1,0.0384369,82.0454,345726,0.803089,0.00164467,0,338249,0.0367923,42.4525
0,2,G4CMPDriftElectron,1,0.0339432,37.9977,324888,1.08043,0.00103422,0,319901,0.032909,54.9867
0,2,G4CMPDriftElectron,1,0.0393735,66.147,349913,0.957979,0.00137243,0,343761,0.0380011,75.114
0,2,G4CMPDriftElectron,1,0.0386301,75.7784,346594,0.991752,0.00129115,0,340752,0.0373389,54.2236
0,2,G4CMPDriftElectron,1,0.0372885,54.1092,340522,0.574438,0.00196543,0,331427,0.0353231,40.1147
0,2,G4CMPDriftElectron,1,0.0321586,34.6292,316233,0.918597,0.00130705,0,309740,0.0308516,57.732
0,2,G4CMPDriftElectron,1,0.0332664,62.2496,321633,1.35994,0.000433628,0,319530,0.0328327,47.8092
0,2,G4CMPDriftElectron,1,0.0336523,49.7369,323493,0.221539,0.00217373,0,312871,0.0314785,47.987
0,2,G4CMPDriftElectron,1,0.0312905,47.5501,311935,1.02953,0.00108826,0,306463,0.0302023,50.6972
0,2,G4CMPDriftElectron,1,0.0303944,50.698,307436,0.89208,0.00131458,0,300714,0.0290798,43.6171
0,2,G4CMPDriftElectron,1,0.0289507,42.6582,300046,0.990548,0.00111474,0,294213,0.027836,69.8156
0,2,G4CMPDriftElectron,1,0.022659,63.0967,265447,1.32157,0.000420702,0,262972,0.0222383,54.0258
0,2,G4CMPDriftElectron,1,0.024468,62.4203,275840,0.219284,0.00184885,0,265214,0.0226191,62.9113
0,2,G4CMPDriftElectron,1,0.0225897,62.8677,265041,0.574248,0.00152149,0,255960,0.0210682,39.3961
0,2,G4CMPDriftElectron,1,0.0183394,34.5308,238809,1.07722,0.000754817,0,233843,0.0175845,21.9728
0,2,G4CMPDriftElectron,1,0.017526,23.205,233453,0.780287,0.00112471,0,225838,0.0164013,51.9469
0,2,G4CMPDriftElectron,1,0.0164413,52.0246,226114,0.348913,0.00145113,0,215905,0.0149902,47.0892
0,2,G4CMPDriftElectron,1,0.0115381,41.7994,189420,0.775338,0.000909979,0,181797,0.0106281,26.1333
0,2,G4CMPDriftElectron,1,0.022918,56.5795,266960,0.444398,0.00165117,0,257163,0.0212668,17.6425
0,2,G4CMPDriftElectron,1,0.021549,14.1841,258864,0.703851,0.00134499,0,250655,0.020204,59.557
0,2,G4CMPDriftElectron,1,0.0231048,63.7916,268046,0.627297,0.00148285,0,259302,0.021622,31.5713
0,2,G4CMPDriftElectron,1,0.0204322,25.5432,252067,1.00947,0.000902254,0,246438,0.0195299,57.9175
0,2,G4CMPDriftElectron,1,0.00318584,16.9212,99533.6,0.472358,0.000583041,0,89965.9,0.0026028,19.4785
0,2,G4CMPDriftElectron,1,0.020679,60.5114,253584,0.621793,0.0014065,0,244809,0.0192725,31.9737
0,2,G4CMPDriftElectron,1,0.0192546,31.9453,244695,0.866881,0.0010718,0,237787,0.0181828,51.6011
0,2,G4CMPDriftElectron,1,0.0169202,49.5859,229383,0.851837,0.00102066,0,222357,0.0158995,50.7759
0,2,G4CMPDriftElectron,1,0.0168397,52.5089,228836,0.851896,0.00101807,0,221811,0.0158216,52.1895
0,2,G4CMPDriftElectron,1,0.029907,72.5927,304961,1.01023,0.00109821,0,299309,0.0288088,59.5633
0,2,G4CMPDriftElectron,1,0.029963,62.6108,305246,0.505029,0.00183417,0,295756,0.0281288,64.8217
0,2,G4CMPDriftElectron,1,0.0295196,66.5433,302979,0.504783,0.00182052,0,293488,0.0276991,63.3575
0,2,G4CMPDriftElectron,1,0.031744,69.8451,314187,0.676299,0.00167923,0,305764,0.0300648,42.7997
0,2,G4CMPDriftElectron,1,0.0289464,41.5332,300024,0.861806,0.0013309,0,293045,0.0276155,69.8678
0,2,G4CMPDriftElectron,1,0.0110425,44.2139,185307,0.447458,0.00113274,0,175545,0.00990973,25.7967
0,2,G4CMPDriftElectron,1,0.0198118,51.7299,248210,1.02869,0.000859379,0,242767,0.0189524,56.0124
0,2,G4CMPDriftElectron,1,0.0222797,61.4362,263216,1.08967,0.000815561,0,258353,0.0214641,53.7447
0,2,G4CMPDriftElectron,1,0.0303892,67.8083,307410,0.290535,0.00202612,0,296985,0.0283631,70.5078
0,2,G4CMPDriftElectron,1,0.0254531,66.8159,281338,0.72574,0.00143679,0,273282,0.0240163,17.7492
0,2,G4CMPDriftElectron,1,0.0241284,17.5342,273919,0.420939,0.00171409,0,264010,0.0224143,53.3199
0,2,G4CMPDriftElectron,1,0.0212539,52.5252,257085,0.553236,0.00149491,0,247879,0.019759,54.3931
0,2,G4CMPDriftElectron,1,0.0184268,52.006,239378,1.05078,0.000795483,0,234154,0.0176314,52.0712
0,2,G4CMPDriftElectron,1,0.0161987,49.7911,224439,0.848169,0.00100217,0,217385,0.0151965,37.4274
0,2,G4CMPDriftElectron,1,0.0156916,38.8199,220898,0.429755,0.00136928,0,211040,0.0143224,14.4458
0,2,G4CMPDriftElectron,1,0.0173209,23.4288,232083,0.147024,0.00157091,0,221308,0.0157499,33.1676
0,2,G4CMPDriftElectron,1,0.0115583,22.357,189586,0.539954,0.00110156,0,180325,0.0104568,40.7081
0,2,G4CMPDriftElectron,1,0.0130508,45.4827,201455,0.521277,0.00118625,0,192081,0.0118646,34.837
0,2,G4CMPDriftElectron,1,0.0189259,51.6462,242597,0.878504,0.00104715,0,235791,0.0178787,56.2445
0,2,G4CMPDriftElectron,1,0.0300093,72.7376,305482,0.580341,0.00175236,0,296429,0.028257,70.4855
0,2,G4CMPDriftElectron,1,0.0192105,58.2257,244415,0.135414,0.00165921,0,233622,0.0175513,52.7576
0,2,G4CMPDriftElectron,1,0.0196371,55.9203,247114,0.890538,0.00105123,0,240408,0.0185859,49.794
0,2,G4CMPDriftElectron,1,0.0259586,60.5169,284118,0.369035,0.0018191,0,273982,0.0241395,64.2359
0,2,G4CMPDriftElectron,1,0.0238009,63.7811,272054,0.132728,0.00185184,0,261256,0.0219491,59.2773
0,2,G4CMPDriftElectron,1,0.0281945,67.558,296101,1.14574,0.000817634,0,291776,0.0273769,47.6986
0,2,G4CMPDriftElectron,1,0.0345802,57.205,327923,0.998702,0.00120614,0,322153,0.033374,30.8431
0,2,G4CMPDriftElectron,1,0.0333845,30.7974,322204,0.60858,0.00181466,0,313325,0.0315699,60.9253
0,2,G4CMPDriftElectron,1,0.0323414,62.6336,317130,0.389336,0.0020182,0,307076,0.0303232,72.2253
0,2,G4CMPDriftElectron,1,0.0282237,69.8858,296255,0.368428,0.00189889,0,286115,0.0263248,61.3519
0,2,G4CMPDriftElectron,1,0.0287034,65.1681,298762,0.956041,0.00116954,0,292612,0.0275339,69.8267
0,2,G4CMPDriftElectron,1,0.0215044,61.4606,258596,0.0921965,0.00176659,0,247747,0.0197379,58.3241
0,2,G4CMPDriftElectron,1,0.0212603,60.7905,257124,0.637276,0.00141024,0,248450,0.0198501,50.6641
0,2,G4CMPDriftElectron,1,0.0175618,46.8803,233692,0.88979,0.000993006,0,226989,0.0165688,23.2667
0,2,G4CMPDriftElectron,1,0.0181083,30.8327,237300,0.882296,0.00101858,0,230529,0.0170897,48.2461
0,2,G4CMPDriftElectron,1,0.014236,43.386,210403,1.05951,0.000683383,0,205291,0.0135526,43.1427
0,2,G4CMPDriftElectron,1,0.0145844,45.5846,212962,0.512723,0.00126251,0,203536,0.0133219,16.8643
0,2,G4CMPDriftElectron,1,0.0141063,19.2065,209442,0.84517,0.000935956,0,202375,0.0131704,48.2256
0,2,G4CMPDriftElectron,1,0.0150135,51.5229,216072,1.15033,0.000579984,0,211857,0.0144335,40.1931
0,2,G4CMPDriftElectron,1,0.0151946,41.6627,217371,0.583121,0.00123358,0,208361,0.013961,40.4193
0,2,G4CMPDriftElectron,1,0.0131038,39.6352,201863,0.993217,0.000734307,0,196125,0.0123694,28.8184
0,2,G4CMPDriftElectron,1,0.0124289,29.0491,196596,0.554315,0.0011334,0,187418,0.0112955,44.5254
0,2,G4CMPDriftElectron,1,0.00705175,35.2713,148083,1.07813,0.00045271,0,143251,0.00659904,34.1852
0,2,G4CMPDriftElectron,1,0.0104711,41.5253,180449,1.26032,0.000348206,0,177423,0.0101229,31.1151
0,2,G4CMPDriftElectron,1,0.0137577,39.1703,206838,0.697019,0.00107339,0,198606,0.0126843,38.4324
0,2,G4CMPDriftElectron,1,0.0105332,29.3392,180983,0.73959,0.000898903,0,173088,0.00963427,34.2969
0,2,G4CMPDriftElectron,1,0.0105636,40.8331,181244,0.881063,0.000770156,0,174512,0.00979343,11.1803
0,2,G4CMPDriftElectron,1,0.00952491,11.7266,172103,1.42549,0.000136473,0,170866,0.00938844,13.0499
0,2,G4CMPDriftElectron,1,0.00975846,17.3741,174200,0.52933,0.00101567,0,164886,0.00874279,26.9549
0,2,G4CMPDriftElectron,1,0.0120659,35.1936,193704,0.296401,0.00126026,0,183309,0.0108057,41.446
0,2,G4CMPDriftElectron,1,0.00834836,36.1955,161123,0.940222,0.000627655,0,154948,0.00772071,27.297
0,2,G4CMPDriftElectron,1,0.00756013,25.5015,153328,0.893968,0.000634898,0,146749,0.00692523,33.6829
0,2,G4CMPDriftElectron,1,0.00463122,28.4589,120007,0.274062,0.000771536,0,109555,0.00385969,23.5161
0,2,G4CMPDriftElectron,1,0.00557873,27.9733,131712,0.983785,0.000473124,0,126003,0.0051056,24.9646
0,2,G4CMPDriftElectron,1,0.0124207,39.8474,196531,0.460436,0.00119583,0,186831,0.0112248,42.6761
0,2,G4CMPDriftElectron,1,0.00960366,36.274,172813,0.35469,0.00109765,0,162638,0.00850601,21.9521
0,2,G4CMPDriftElectron,1,0.0100709,30.0542,176967,0.389305,0.00110934,0,166936,0.00896155,13.5023
0,2,G4CMPDriftElectron,1,0.0149618,31.2859,215700,0.605503,0.00120485,0,206833,0.013757,30.6802
0,2,G4CMPDriftElectron,1,0.0181996,43.3918,237897,0.599414,0.00133852,0,228982,0.0168611,54.4739
0,2,G4CMPDriftElectron,1,0.0168499,54.4551,228906,0.392487,0.00144419,0,218876,0.0154057,36.2426
0,2,G4CMPDriftElectron,1,0.0267316,60.4627,288317,0.299956,0.00189237,0,277925,0.0248393,57.6724
0,2,G4CMPDriftElectron,1,0.0232405,53.6957,268832,1.061,0.000881303,0,263686,0.0223592,26.4585
0,2,G4CMPDriftElectron,1,0.0239904,18.609,273135,0.617747,0.00152238,0,264326,0.022468,59.1602
0,2,G4CMPDriftElectron,1,0.0225154,59.2608,264605,0.335265,0.00171315,0,254339,0.0208023,60.5596
0,2,G4CMPDriftElectron,1,0.0164089,53.8542,225891,1.12998,0.000637353,0,221460,0.0157716,49.8167
0,2,G4CMPDriftElectron,1,0.0164204,51.2576,225969,1.01622,0.000795811,0,220426,0.0156246,49.5284
0,2,G4CMPDriftElectron,1,0.021064,58.8763,255934,0.497782,0.00153794,0,246414,0.019526,55.1322
0,2,G4CMPDriftElectron,1,0.0149737,50.8255,215786,0.359486,0.00137756,0,205621,0.0135962,45.3118
0,2,G4CMPDriftElectron,1,0.0120393,43.0094,193490,1.11767,0.000555503,0,188974,0.0114838,41.8935
0,2,G4CMPDriftElectron,1,0.0115599,40.1467,189598,0.99104,0.000689796,0,183855,0.0108701,16.2573
0,2,G4CMPDriftElectron,1,0.0108075,10.5067,183325,0.625711,0.00100329,0,174608,0.00980422,39.7694
0,2,G4CMPDriftElectron,1,0.0118699,44.4091,192124,0.742579,0.000953872,0,184243,0.0109161,43.6094
0,2,G4CMPDriftElectron,1,0.0145276,50.2314,212547,0.364843,0.00135348,0,202404,0.0131741,47.788
0,2,G4CMPDriftElectron,1,0.0129104,47.1628,200368,1.11013,0.000586108,0,195767,0.0123243,36.1177
0,2,G4CMPDriftElectron,1,0.00996366,25.0311,176022,1.44597,0.000115417,0,175000,0.00984825,23.1467
0,2,G4CMPDriftElectron,1,0.0117753,27.7636,191357,0.475313,0.00115434,0,181736,0.010621,35.661
0,2,G4CMPDriftElectron,1,0.0306897,71.5057,308926,0.220915,0.00207442,0,298302,0.0286152,67.9565
0,2,G4CMPDriftElectron,1,0.0211388,56.708,256388,0.774753,0.00124594,0,248718,0.0198929,53.3493
0,2,G4CMPDriftElectron,1,0.0233636,57.9782,269543,0.30515,0.00176373,0,259169,0.0215998,61.8164
0,2,G4CMPDriftElectron,1,0.0238646,65,272418,0.685281,0.00144011,0,264070,0.0224245,58.6217
0,2,G4CMPDriftElectron,1,0.00994659,31.77,175871,1.01752,0.000609551,0,170397,0.00933704,38.4383
0,2,G4CMPDriftElectron,1,0.00924934,37.8786,169595,1.22863,0.000360642,0,166256,0.0088887,38.6779
0,2,G4CMPDriftElectron,1,0.00790507,34.3838,156787,0.369178,0.000986678,0,146677,0.00691839,19.9413
0,2,G4CMPDriftElectron,1,0.00467657,10.7482,120593,0.463415,0.00071789,0,110951,0.00395868,23.8793
0,2,G4CMPDriftElectron,1,0.00325544,20.049,100615,0.729621,0.000487486,0,92776.4,0.00276796,17.6515
0,2,G4CMPDriftElectron,1,0.00213096,12.5663,81404,0.493796,0.000464205,0,71993.6,0.00166676,16.9782
0,2,G4CMPDriftElectron,1,0.0148263,50.4323,214721,0.31842,0.00139112,0,204399,0.0134352,45.2338
0,2,G4CMPDriftElectron,1,0.0218208,53.8152,260491,1.05399,0.000863933,0,255282,0.0209568,34.331
0,2,G4CMPDriftElectron,1,0.0213771,35.1322,257829,0.0569298,0.00176599,0,246950,0.0196111,32.8173
0,2,G4CMPDriftElectron,1,0.016466,28.124,226283,0.282956,0.00148474,0,215840,0.0149812,30.096
0,2,G4CMPDriftElectron,1,0.0173223,35.2544,232092,0.301124,0.00151533,0,221708,0.0158069,48.46
0,2,G4CMPDriftElectron,1,0.0106573,39.418,182046,0.69243,0.0009439,0,173797,0.00971337,40.9347
0,2,G4CMPDriftElectron,1,0.0159669,52.96,222827,0.72519,0.0011306,0,214793,0.0148363,14.8823
0,2,G4CMPDriftElectron,1,0.0143244,13.2259,211055,0.432918,0.00130461,0,201215,0.0130198,39.7903
0,2,G4CMPDriftElectron,1,0.0134264,40.5899,204332,0.515043,0.00120817,0,194922,0.0122182,43.5456
0,2,G4CMPDriftElectron,1,0.00884107,35.42,165810,0.647274,0.00088889,0,157254,0.00795218,28.3943
0,2,G4CMPDriftElectron,1,0.0083262,32.0711,160909,1.18885,0.000382174,0,157173,0.00794403,14.2813
0,2,G4CMPDriftElectron,1,0.0176819,47.8976,234489,0.491185,0.00141102,0,224939,0.0162709,51.1624
0,2,G4CMPDriftElectron,1,0.010593,40.9545,181496,0.665611,0.000962358,0,173055,0.0096306,32.9791
0,2,G4CMPDriftElectron,1,0.0197677,51.9256,247934,0.659271,0.00133539,0,239413,0.0184323,31.5299
0,2,G4CMPDriftElectron,1,0.0194119,35.2102,245693,1.14226,0.000677393,0,241368,0.0187345,51.6865
0,2,G4CMPDriftElectron,1,0.0201331,55.1201,250215,0.750572,0.00124431,0,242359,0.0188888,27.9033
0,2,G4CMPDriftElectron,1,0.0162542,25.6412,224823,0.208547,0.00150343,0,214173,0.0147508,39.6785
0,2,G4CMPDriftElectron,1,0.0245573,51.4567,276343,0.288286,0.00181875,0,265913,0.0227386,49.4221
0,2,G4CMPDriftElectron,1,0.0204502,45.6532,252178,0.469323,0.00153819,0,242509,0.0189121,57.6408
0,2,G4CMPDriftElectron,1,0.0233817,64.0086,269647,1.02267,0.000946629,0,264132,0.0224351,28.9334
0,2,G4CMPDriftElectron,1,0.0288505,40.6365,299526,1.07802,0.000954958,0,294527,0.0278955,62.953
0,2,G4CMPDriftElectron,1,0.0317534,67.7637,314234,0.134095,0.00214448,0,303438,0.0296089,67.6754
0,2,G4CMPDriftElectron,1,0.0226379,58.4709,265324,0.787196,0.0012744,0,257747,0.0213635,57.5187
0,2,G4CMPDriftElectron,1,0.019182,53.1395,244233,0.18145,0.00164552,0,233523,0.0175364,55.5899
0,2,G4CMPDriftElectron,1,0.0180071,56.3823,236636,1.04941,0.000787907,0,231401,0.0172192,41.712
0,2,G4CMPDriftElectron,1,0.0166915,39.9135,227827,0.495613,0.0013665,0,218302,0.015325,44.6264
0,2,G4CMPDriftElectron,1,0.0249095,61.8697,278318,0.70839,0.00144319,0,270135,0.0234663,21.8491
0,2,G4CMPDriftElectron,1,0.0365773,47.3784,337259,0.464603,0.00207506,0,327553,0.0345022,69.1937
0,2,G4CMPDriftElectron,1,0.0287851,63.0628,299187,0.689785,0.00157938,0,290863,0.0272057,58.8246
0,2,G4CMPDriftElectron,1,0.0344416,68.0328,327265,0.647716,0.00179101,0,318642,0.0326506,59.6773
0,2,G4CMPDriftElectron,1,0.0305844,56.0184,308395,0.445766,0.0019121,0,298600,0.0286723,46.3806
0,2,G4CMPDriftElectron,1,0.0293873,48.5064,302300,0.896667,0.0012844,0,295620,0.0281029,69.9313
0,2,G4CMPDriftElectron,1,0.0162884,53.5034,225060,0.378479,0.0014276,0,214971,0.0148608,51.1696
0,2,G4CMPDriftElectron,1,0.0162274,53.4541,224638,0.843529,0.00100856,0,217545,0.0152188,35.5513
0,2,G4CMPDriftElectron,1,0.0152297,34.6463,217622,0.91119,0.000896519,0,211120,0.0143331,48.8344
0,2,G4CMPDriftElectron,1,0.0133632,47.1406,203851,0.600694,0.00114047,0,194959,0.0122227,35.011
0,2,G4CMPDriftElectron,1,0.0120141,35.176,193288,0.722431,0.000978134,0,185252,0.011036,37.9159
0,2,G4CMPDriftElectron,1,0.00829811,29.5888,160638,0.824968,0.000725821,0,153452,0.00757229,28.2537
0,2,G4CMPDriftElectron,1,0.00718483,27.2582,149474,0.0971635,0.00100452,0,138632,0.00618031,24.0128
0,2,G4CMPDriftElectron,1,0.013434,40.664,204390,0.420898,0.00126933,0,194495,0.0121646,30.906
0,2,G4CMPDriftElectron,1,0.00748739,18.223,152589,0.70227,0.000778229,0,144442,0.00670916,32.4298
0,2,G4CMPDriftElectron,1,0.00856961,37.7783,163245,0.78536,0.000770889,0,155729,0.00779872,33.0551
0,2,G4CMPDriftElectron,1,0.00807201,33.8586,158434,0.297732,0.00102341,0,148050,0.00704861,22.8479
0,2,G4CMPDriftElectron,1,0.00944056,23.0938,171339,0.557181,0.000981074,0,162192,0.00845948,27.8968
0,2,G4CMPDriftElectron,1,0.0229188,60.3184,266965,0.486337,0.00161599,0,257381,0.0213028,48.3251
0,2,G4CMPDriftElectron,1,0.0213492,48.2135,257661,0.696559,0.00134705,0,249400,0.0200021,58.9197
0,2,G4CMPDriftElectron,1,0.0202271,59.2492,250798,1.26297,0.000494404,0,247714,0.0197326,58.2787
0,2,G4CMPDriftElectron,1,0.0394954,83.4252,350454,1.07028,0.00114055,0,345357,0.0383549,79.9057
0,2,G4CMPDriftElectron,1,0.0405139,82.3995,354944,0.55181,0.00208034,0,345711,0.0384336,81.2536
0,2,G4CMPDriftElectron,1,0.0236855,63.745,271393,0.759905,0.0013407,0,263600,0.0223448,27.3521
0,2,G4CMPDriftElectron,1,0.0227327,29.5548,265879,0.863722,0.00117238,0,258932,0.0215603,50.9911
0,2,G4CMPDriftElectron,1,0.0195765,47.8997,246732,0.451059,0.00151817,0,236972,0.0180583,55.1141
0,2,G4CMPDriftElectron,1,0.0178918,54.6519,235876,0.445834,0.00145345,0,226093,0.0164383,53.6413
0,2,G4CMPDriftElectron,1,0.0200998,59.4754,250008,1.30525,0.000421677,0,247372,0.0196781,54.5909
0,2,G4CMPDriftElectron,1,0.0267775,64.4869,288564,0.75991,0.00142793,0,280765,0.0253495,32.2596
0,2,G4CMPDriftElectron,1,0.0255602,33.1141,281929,0.17639,0.00190717,0,271207,0.023653,21.8602
0,2,G4CMPDriftElectron,1,0.0265279,25.1173,287217,0.762319,0.00141774,0,279436,0.0251102,64.2013
0,2,G4CMPDriftElectron,1,0.021557,58.5904,258912,0.455162,0.00159175,0,249170,0.0199653,22.1596
0,2,G4CMPDriftElectron,1,0.0199652,22.3916,249170,0.669995,0.00133069,0,240723,0.0186345,52.6857
0,2,G4CMPDriftElectron,1,0.0196754,54.2986,247355,0.472264,0.00150573,0,237701,0.0181697,25.8263
0,2,G4CMPDriftElectron,1,0.0173911,24.5728,232553,0.59998,0.00130708,0,223643,0.0160841,47.9629
0,2,G4CMPDriftElectron,1,0.0119932,38.809,193119,0.590732,0.00108598,0,184168,0.0109072,15.1087
0,2,G4CMPDriftElectron,1,0.0102492,12.841,178527,0.718385,0.00090386,0,170473,0.00934538,40.5516
0,2,G4CMPDriftElectron,1,0.0121409,46.3707,194305,1.05736,0.000630728,0,189190,0.0115102,33.1196
0,2,G4CMPDriftElectron,1,0.0132267,35.0628,202807,0.246586,0.00134027,0,192257,0.0118864,31.8371
0,2,G4CMPDriftElectron,1,0.00643145,16.3106,141421,0.560806,0.000801188,0,132319,0.00563027,22.9252
0,2,G4CMPDriftElectron,1,0.00715975,22.5125,149213,1.07284,0.000461326,0,144326,0.00669842,34.2755
0,2,G4CMPDriftElectron,1,0.0189449,57.4996,242719,0.606826,0.00135928,0,233850,0.0175856,53.8383
0,2,G4CMPDriftElectron,1,0.0177444,52.3262,234903,0.807008,0.00110057,0,227502,0.0166438,23.0866
0,2,G4CMPDriftElectron,1,0.0170067,23.8342,229968,0.560717,0.00132682,0,220815,0.0156799,47.219
0,2,G4CMPDriftElectron,1,0.0176972,51.1713,234590,0.121694,0.00159387,0,223777,0.0161033,52.0624
0,2,G4CMPDriftElectron,1,0.0105352,40.818,181001,0.121958,0.001221,0,170189,0.00931422,38.0207
0,2,G4CMPDriftElectron,1,0.0158625,51.64,222098,0.702265,0.00115014,0,213895,0.0147124,24.387
0,2,G4CMPDriftElectron,1,0.010961,12.3572,184622,0.867775,0.000798412,0,177771,0.0101626,42.2943
0,2,G4CMPDriftElectron,1,0.0268742,68.7936,289085,0.730019,0.00147164,0,281059,0.0254026,67.0029
0,2,G4CMPDriftElectron,1,0.0228156,63.5269,266363,0.164114,0.00180364,0,255618,0.021012,59.6136
0,2,G4CMPDriftElectron,1,0.041107,84.9194,357533,0.358057,0.0023088,0,347347,0.0387982,77.961
0,2,G4CMPDriftElectron,1,0.0387757,77.9368,347246,0.420189,0.00218392,0,337326,0.0365918,78.7281
0,2,G4CMPDriftElectron,1,0.0456366,87.9384,376717,0.914095,0.00157378,0,370164,0.0440629,76.4346
0,2,G4CMPDriftElectron,1,0.042367,75.2845,362971,0.683217,0.00193482,0,354586,0.0404321,61.9718
0,2,G4CMPDriftElectron,1,0.0394052,60.8772,350054,0.218875,0.00235677,0,339424,0.0370484,66.6907
0,2,G4CMPDriftElectron,1,0.0371319,66.7886,339807,0.579362,0.00195482,0,330741,0.0351771,72.8001
0,2,G4CMPDriftElectron,1,0.0312928,68.3414,311946,1.06919,0.00101312,0,306855,0.0302796,48.2423
0,2,G4CMPDriftElectron,1,0.0264396,41.9901,286738,0.815696,0.0013392,0,279382,0.0251004,66.6744
0,2,G4CMPDriftElectron,1,0.0239866,65.175,273113,0.906116,0.00114252,0,266529,0.0228441,54.6867
0,2,G4CMPDriftElectron,1,0.0232649,55.468,268973,0.104364,0.00183676,0,258137,0.0214281,55.8938
0,2,G4CMPDriftElectron,1,0.0185179,49.8635,239968,0.763635,0.0011767,0,232219,0.0173412,48.9113
0,2,G4CMPDriftElectron,1,0.0361614,74.1928,335336,0.290739,0.00221351,0,324911,0.0339479,76.9864
0,2,G4CMPDriftElectron,1,0.0209355,60.5928,255152,0.615762,0.00142169,0,246337,0.0195138,33.5787
0,2,G4CMPDriftElectron,1,0.0244816,43.006,275916,0.29328,0.00181311,0,265503,0.0226684,32.3829
0,2,G4CMPDriftElectron,1,0.0214881,33.5414,258498,1.02433,0.000903344,0,253006,0.0205848,44.1665
0,2,G4CMPDriftElectron,1,0.00701689,12.3555,147717,0.765064,0.000708637,0,140060,0.00630826,33.2994
0,2,G4CMPDriftElectron,1,0.009551,40.686,172339,0.422579,0.00106346,0,162461,0.00848754,37.4577
0,2,G4CMPDriftElectron,1,0.0176616,55.7108,234355,0.929065,0.000945025,0,227999,0.0167166,46.5338
0,2,G4CMPDriftElectron,1,0.0161438,45.67,224058,0.288429,0.00146734,0,213633,0.0146764,50.941
0,2,G4CMPDriftElectron,1,0.0150428,51.5236,216283,0.584942,0.00122569,0,207284,0.0138171,49.1641
0,2,G4CMPDriftElectron,1,0.0265668,68.5611,287427,0.382462,0.00183081,0,277347,0.024736,54.6339
0,2,G4CMPDriftElectron,1,0.0233924,52.7278,269709,0.546615,0.00157673,0,260461,0.0218157,17.7112
0,2,G4CMPDriftElectron,1,0.0229715,18.1588,267271,0.953802,0.00104567,0,261117,0.0219258,58.9256
0,2,G4CMPDriftElectron,1,0.0242649,62.1687,274693,0.496195,0.00165492,0,265160,0.0226099,57.0914
0,2,G4CMPDriftElectron,1,0.0214122,54.9064,258041,0.106688,0.00176011,0,247208,0.0196521,48.7567
0,2,G4CMPDriftElectron,1,0.0205809,50.9456,252983,0.208004,0.00169672,0,242330,0.0188842,39.172
0,2,G4CMPDriftElectron,1,0.0217699,42.4434,260187,0.897869,0.00109844,0,253538,0.0206715,52.5863
0,2,G4CMPDriftElectron,1,0.014367,38.8669,211369,0.485961,0.00127176,0,201797,0.0130953,47.8217
0,2,G4CMPDriftElectron,1,0.0173976,55.0333,232596,0.792287,0.0011066,0,225077,0.016291,52.5543
0,2,G4CMPDriftElectron,1,0.0117344,44.7928,191024,0.7173,0.000970761,0,182952,0.0107636,40.3465
0,2,G4CMPDriftElectron,1,0.0048401,21.2829,122683,1.20411,0.000270096,0,119211,0.00457,27.4863
0,2,G4CMPDriftElectron,1,0.00118172,10.1455,60619.9,0.504174,0.000333823,0,51348.7,0.000847896,12.1825
0,2,G4CMPDriftElectron,1,0.0260146,67.1564,284424,0.729843,0.00144753,0,276398,0.0245671,65.7541
0,2,G4CMPDriftElectron,1,0.0244314,65.5319,275634,0.122528,0.00187922,0,264821,0.0225522,60.1795
0,2,G4CMPDriftElectron,1,0.0224801,60.1303,264397,0.705509,0.00137257,0,256199,0.0211075,29.7295
0,2,G4CMPDriftElectron,1,0.0211049,29.7502,256183,0.955799,0.00099777,0,250054,0.0201071,50.298
0,2,G4CMPDriftElectron,1,0.025042,59.2197,279057,0.925968,0.00113742,0,272646,0.0239046,46.6528
0,2,G4CMPDriftElectron,1,0.0242584,47.6618,274656,0.180511,0.00185557,0,263943,0.0224029,57.9624
0,2,G4CMPDriftElectron,1,0.0220837,57.3892,262056,0.68115,0.00138867,0,253683,0.0206951,50.7453
0,2,G4CMPDriftElectron,1,0.0210771,51.4961,256014,0.487526,0.00154713,0,246439,0.01953,54.5471
0,2,G4CMPDriftElectron,1,0.0116196,40.8726,190087,1.01334,0.000666636,0,184554,0.0109529,38.0828
0,2,G4CMPDriftElectron,1,0.00959578,34.4059,172742,0.785955,0.000817451,0,165221,0.00877833,36.0412
0,2,G4CMPDriftElectron,1,0.00892642,37.9269,166608,0.845003,0.000736875,0,159584,0.00818955,23.5425
0,2,G4CMPDriftElectron,1,0.0123862,38.0122,196258,0.376972,0.00124078,0,186169,0.0111454,44.1299
0,2,G4CMPDriftElectron,1,0.0108433,43.5305,183628,0.618149,0.00101068,0,174861,0.00983261,16.9609
0,2,G4CMPDriftElectron,1,0.0115118,21.786,189204,0.898382,0.000787815,0,182615,0.010724,34.2428
0,2,G4CMPDriftElectron,1,0.0101147,32.3689,177352,1.18893,0.000425031,0,173585,0.00968971,19.0177
0,2,G4CMPDriftElectron,1,0.0119633,23.461,192878,0.0987202,0.00130709,0,182037,0.0106562,27.811
0,2,G4CMPDriftElectron,1,0.00886023,22.9517,165989,0.604031,0.000919354,0,157142,0.00794088,25.7465
0,2,G4CMPDriftElectron,1,0.0085768,19.828,163313,0.804421,0.000755654,0,155953,0.00782115,32.9627
0,2,G4CMPDriftElectron,1,0.0282926,63.1562,296616,0.934332,0.00119745,0,290271,0.0270952,51.3996
0,2,G4CMPDriftElectron,1,0.0373347,68.5908,340733,0.351757,0.00220375,0,330524,0.0351309,78.8267
0,2,G4CMPDriftElectron,1,0.0335035,76.9884,322777,0.695072,0.00169929,0,314485,0.0318042,35.8674
0,2,G4CMPDriftElectron,1,0.0314765,35.7706,312861,0.973137,0.00119573,0,306861,0.0302807,73.1949
0,2,G4CMPDriftElectron,1,0.0305398,73.5105,308171,0.666641,0.00165931,0,299682,0.0288805,70.9274
0,2,G4CMPDriftElectron,1,0.0299924,72.3419,305396,0.462151,0.00187776,0,295681,0.0281146,42.9759
0,2,G4CMPDriftElectron,1,0.023963,28.5804,272979,1.17494,0.000699567,0,268964,0.0232634,56.9248
0,2,G4CMPDriftElectron,1,0.0213668,53.324,257767,0.726785,0.00131196,0,249728,0.0200549,59.58
0,2,G4CMPDriftElectron,1,0.0201443,59.7133,250284,0.982939,0.000934664,0,244409,0.0192096,57.6199
0,2,G4CMPDriftElectron,1,0.0198747,58.9272,248604,0.374202,0.00158368,0,238494,0.0182911,56.6256
0,2,G4CMPDriftElectron,1,0.0249606,66.413,278603,0.877336,0.00120998,0,271766,0.0237506,64.7556
0,2,G4CMPDriftElectron,1,0.0260096,67.7439,284397,0.400477,0.0017974,0,274394,0.0242122,54.3716
0,2,G4CMPDriftElectron,1,0.0156386,34.591,220524,0.483066,0.00133059,0,210934,0.014308,50.0265
0,2,G4CMPDriftElectron,1,0.0227677,63.4315,266084,0.69141,0.00139847,0,257782,0.0213693,20.537
0,2,G4CMPDriftElectron,1,0.0213338,17.184,257568,0.6429,0.00140668,0,248932,0.0199271,58.7079
0,2,G4CMPDriftElectron,1,0.0197802,58.5091,248012,0.737889,0.00124796,0,240061,0.0185322,19.3168
0,2,G4CMPDriftElectron,1,0.0174909,19.0397,233219,0.723108,0.00118736,0,225164,0.0163035,53.1992
0,2,G4CMPDriftElectron,1,0.0195108,58.1864,246318,0.457676,0.00151055,0,236591,0.0180003,39.4997
0,2,G4CMPDriftElectron,1,0.0108146,24.1861,183385,0.352598,0.00116806,0,173198,0.00964653,39.4875
0,2,G4CMPDriftElectron,1,0.0168538,52.3905,228932,0.919515,0.000934506,0,222495,0.0159193,34.3392
0,2,G4CMPDriftElectron,1,0.0297649,64.3611,304236,0.956782,0.00119038,0,298090,0.0285745,56.6431
0,2,G4CMPDriftElectron,1,0.0368716,67.2955,338613,0.463657,0.00208455,0,328902,0.034787,75.4229
0,2,G4CMPDriftElectron,1,0.029864,69.0322,304742,0.777672,0.00148375,0,297075,0.0283803,42.1759
0,2,G4CMPDriftElectron,1,0.0283039,42.0472,296675,0.755489,0.00147546,0,288839,0.0268284,58.943
0,2,G4CMPDriftElectron,1,0.0269766,59.1904,289635,0.657398,0.00156875,0,281088,0.0254078,48.6393
0,2,G4CMPDriftElectron,1,0.0314887,57.015,312922,0.752836,0.00156233,0,305060,0.0299264,64.7532
0,2,G4CMPDriftElectron,1,0.0322563,67.1788,316713,1.0386,0.0010882,0,311324,0.0311681,56.2086
0,2,G4CMPDriftElectron,1,0.0307488,55.4014,309223,0.497539,0.00186636,0,299692,0.0288825,54.5777
0,2,G4CMPDriftElectron,1,0.0257186,50.5595,282801,0.60766,0.00158911,0,273925,0.0241295,64.8871
0,2,G4CMPDriftElectron,1,0.0206702,60.1449,253531,0.331967,0.00164177,0,243254,0.0190285,54.6826
0,2,G4CMPDriftElectron,1,0.0194229,55.9013,245762,0.693886,0.00128603,0,237487,0.0181369,25.8264
0,2,G4CMPDriftElectron,1,0.0307672,49.9024,309316,0.488922,0.00187578,0,299738,0.0288914,25.2595
0,2,G4CMPDriftElectron,1,0.0291883,27.2854,301275,0.496952,0.001818,0,291741,0.0273703,46.4485
0,2,G4CMPDriftElectron,1,0.0295454,49.8312,303112,0.392985,0.00192435,0,293075,0.0276211,55.0395
0,2,G4CMPDriftElectron,1,0.0292301,61.2592,301490,0.201746,0.00203207,0,290822,0.027198,58.3846
0,2,G4CMPDriftElectron,1,0.0271216,58.2523,290413,0.297917,0.00190763,0,280014,0.025214,66.8228
0,2,G4CMPDriftElectron,1,0.025315,66.9568,280574,1.00099,0.00102268,0,274848,0.0242923,64.5015
0,2,G4CMPDriftElectron,1,0.0218427,61.4723,260622,0.720656,0.00133433,0,252537,0.0205084,59.8665
0,2,G4CMPDriftElectron,1,0.0199731,59.0838,249219,0.316234,0.00162195,0,238886,0.0183512,52.2092
0,2,G4CMPDriftElectron,1,0.0190974,53.5508,243694,0.324232,0.00158084,0,233390,0.0175165,52.1509
0,2,G4CMPDriftElectron,1,0.0150062,47.3139,216020,1.17593,0.000544246,0,212066,0.0144619,50.5511
0,2,G4CMPDriftElectron,1,0.0134648,48.5852,204625,0.550097,0.00118443,0,195418,0.0122804,30.4361
0,2,G4CMPDriftElectron,1,0.0152997,36.7425,218122,0.251817,0.00144239,0,207586,0.0138573,34.8214
0,2,G4CMPDriftElectron,1,0.017853,51.7665,235621,1.1774,0.000594848,0,231662,0.0172581,29.3728
0,2,G4CMPDriftElectron,1,0.0186234,34.5831,240651,0.816535,0.00111678,0,233324,0.0175066,47.8411
0,2,G4CMPDriftElectron,1,0.0160741,45.8999,223574,1.10545,0.00066498,0,218901,0.0154091,51.9541
0,2,G4CMPDriftElectron,1,0.0119605,45.8266,192856,0.973168,0.000722394,0,186941,0.0112381,36.3807
0,2,G4CMPDriftElectron,1,0.0114432,37.2114,188639,0.36048,0.00119899,0,178483,0.0102442,20.0684
0,2,G4CMPDriftElectron,1,0.00959569,12.9003,172741,0.591694,0.000966711,0,163809,0.00862898,33.8441
0,2,G4CMPDriftElectron,1,0.00536821,24.9235,129203,0.592083,0.000713235,0,120314,0.00465497,28.7127
0,2,G4CMPDriftElectron,1,0.0290518,71.3108,300569,0.668092,0.00161555,0,292093,0.0274363,67.9477
0,2,G4CMPDriftElectron,1,0.0272275,67.6558,290979,0.227228,0.00194883,0,280372,0.0252786,52.8365
0,2,G4CMPDriftElectron,1,0.0265818,55.4318,287508,0.627383,0.00159318,0,278759,0.0249886,61.5965
0,2,G4CMPDriftElectron,1,0.00627348,26.8831,139673,0.576045,0.000782785,0,130669,0.00549069,27.8293
0,2,G4CMPDriftElectron,1,0.0166458,53.4004,227515,0.469412,0.00138396,0,217852,0.0152619,39.2287
0,2,G4CMPDriftElectron,1,0.0149236,38.5648,215425,0.439194,0.00132841,0,205613,0.0135952,42.8907
0,2,G4CMPDriftElectron,1,0.0147096,44.9321,213874,0.424795,0.00132761,0,203995,0.013382,35.4325
0,2,G4CMPDriftElectron,1,0.0119798,32.3286,193012,0.961883,0.00073558,0,186992,0.0112442,35.9205
0,2,G4CMPDriftElectron,1,0.00951406,34.7647,172005,0.265038,0.00112528,0,161513,0.00838878,37.9723
0,2,G4CMPDriftElectron,1,0.00839616,37.9741,161584,0.828983,0.000726975,0,154430,0.00766919,34.7804
0,2,G4CMPDriftElectron,1,0.0089195,37.9915,166544,0.908088,0.00067999,0,160070,0.00823951,12.4846
0,2,G4CMPDriftElectron,1,0.00826061,15.8854,160274,0.625681,0.000872357,0,151575,0.00738825,30.3092
0,2,G4CMPDriftElectron,1,0.00869839,33.6123,164467,0.672094,0.000863845,0,156086,0.00783455,20.774
0,2,G4CMPDriftElectron,1,0.00805052,22.3542,158223,0.55462,0.000904547,0,149069,0.00714597,20.273
0,2,G4CMPDriftElectron,1,0.0135901,36.2899,205575,0.442801,0.0012637,0,195784,0.0123264,43.1917
0,2,G4CMPDriftElectron,1,0.00575362,30.8113,133761,0.6376,0.00071513,0,125172,0.00503849,20.5278
0,2,G4CMPDriftElectron,1,0.0120136,35.923,193283,0.371083,0.00122431,0,183170,0.0107893,20.7004
0,2,G4CMPDriftElectron,1,0.00892902,15.2133,166633,0.441122,0.00101792,0,156847,0.0079111,30.5149
0,2,G4CMPDriftElectron,1,0.00813985,31.1069,159099,0.749456,0.000778135,0,151303,0.00736172,30.8593
0,2,G4CMPDriftElectron,1,0.0197877,52.2366,248060,1.09636,0.000756083,0,243274,0.0190317,57.7027
0,2,G4CMPDriftElectron,1,0.0351539,78.845,330632,0.753706,0.00165154,0,322772,0.0335023,38.1787
0,2,G4CMPDriftElectron,1,0.0325892,38.7937,318343,0.395767,0.00202057,0,308316,0.0305686,29.7622
0,2,G4CMPDriftElectron,1,0.0373864,41.8344,340969,1.13838,0.000963301,0,336548,0.0364231,34.0495
0,2,G4CMPDriftElectron,1,0.0357549,30.8996,333446,0.481251,0.00203345,0,323826,0.0337214,58.087
0,2,G4CMPDriftElectron,1,0.0324353,56.6009,317590,0.296537,0.00209062,0,307185,0.0303447,71.7637
0,2,G4CMPDriftElectron,1,0.0357685,77.8897,333510,0.90382,0.00140784,0,326880,0.0343607,77.6534
0,2,G4CMPDriftElectron,1,0.0365088,80.1048,336944,0.823029,0.00156771,0,329630,0.0349411,36.7878
0,2,G4CMPDriftElectron,1,0.0361285,37.4206,335184,1.24439,0.000715086,0,331850,0.0354135,55.5463
0,2,G4CMPDriftElectron,1,0.0387946,59.9934,347331,1.09416,0.0010787,0,342468,0.0377159,81.722
0,2,G4CMPDriftElectron,1,0.0439608,88.21,369735,1.08689,0.00116746,0,364793,0.0427933,81.9899
0,2,G4CMPDriftElectron,1,0.0448596,84.3511,373496,0.952769,0.00147864,0,367289,0.043381,67.7229
0,2,G4CMPDriftElectron,1,0.0451091,69.6977,374533,0.779216,0.00182945,0,366859,0.0432796,58.8785
0,2,G4CMPDriftElectron,1,0.0460019,63.6231,378221,0.330727,0.00246907,0,367931,0.0435329,77.1917
0,2,G4CMPDriftElectron,1,0.0434206,77.046,367457,0.102456,0.00252378,0,356618,0.0408968,77.6846
0,2,G4CMPDriftElectron,1,0.0463557,84.145,379673,0.246561,0.00254243,0,369114,0.0438132,59.9197
0,2,G4CMPDriftElectron,1,0.0396168,50.5292,350992,0.132106,0.00240045,0,340193,0.0372163,33.7593
0,2,G4CMPDriftElectron,1,0.0383781,40.8997,345462,0.466594,0.0021243,0,335765,0.0362538,79.2476
0,2,G4CMPDriftElectron,1,0.0335934,76.0991,323210,0.451669,0.00199999,0,313442,0.0315934,74.6822
0,2,G4CMPDriftElectron,1,0.0378644,81.831,343142,0.185178,0.00232574,0,332436,0.0355387,79.2678
0,2,G4CMPDriftElectron,1,0.0319879,75.2226,315392,0.537628,0.00186051,0,306083,0.0301274,70.214
0,2,G4CMPDriftElectron,1,0.0304938,70.8055,307938,0.622382,0.00171542,0,299152,0.0287784,49.339
0,2,G4CMPDriftElectron,1,0.0272352,47.0147,291021,0.322797,0.0018962,0,280707,0.025339,49.9744
0,2,G4CMPDriftElectron,1,0.0279311,53.8525,294715,1.02699,0.00103055,0,289227,0.0269006,68.4801
0,2,G4CMPDriftElectron,1,0.0271495,68.8117,290562,0.590706,0.00165324,0,281577,0.0254963,35.9525
0,2,G4CMPDriftElectron,1,0.0231582,31.3826,268355,1.05519,0.000889206,0,263153,0.022269,59.3846
0,2,G4CMPDriftElectron,1,0.0173556,51.996,232315,0.915219,0.000954436,0,225837,0.0164012,47.9821
0,2,G4CMPDriftElectron,1,0.016126,47.4103,223935,0.838057,0.00101169,0,216797,0.0151143,44.2849
0,2,G4CMPDriftElectron,1,0.0130076,40.285,201121,0.225622,0.00133572,0,190515,0.0116719,43.9787
0,2,G4CMPDriftElectron,1,0.0185892,55.7983,240430,0.714787,0.00123449,0,232309,0.0173547,22.3304
0,2,G4CMPDriftElectron,1,0.0174982,25.3087,233268,0.183836,0.00156921,0,222563,0.015929,18.6785
0,2,G4CMPDriftElectron,1,0.0160802,19.0204,223617,0.501839,0.00133587,0,214127,0.0147444,49.524
0,2,G4CMPDriftElectron,1,0.0135872,47.5988,205553,0.391786,0.00129335,0,195525,0.0122939,38.8309
0,2,G4CMPDriftElectron,1,0.0118629,37.4138,192067,0.374503,0.00121469,0,181968,0.0106482,42.3657
0,2,G4CMPDriftElectron,1,0.012337,45.8848,195868,1.10973,0.000572587,0,191269,0.0117645,38.3193
0,2,G4CMPDriftElectron,1,0.0145936,43.8798,213029,0.981831,0.000791229,0,207174,0.0138023,40.2522
0,2,G4CMPDriftElectron,1,0.024016,55.9684,273280,0.79912,0.00129749,0,265796,0.0227185,42.6978
0,2,G4CMPDriftElectron,1,0.0227309,42.9015,265868,0.325765,0.00172725,0,255567,0.0210037,46.414
0,2,G4CMPDriftElectron,1,0.0235245,50.305,270470,0.8249,0.00124829,0,263196,0.0222762,62.3459
0,2,G4CMPDriftElectron,1,0.0221002,62.0878,262154,0.869856,0.00114682,0,255261,0.0209533,60.2162
0,2,G4CMPDriftElectron,1,0.0246385,65.2333,276800,0.507977,0.0016569,0,267331,0.0229816,60.3304
0,2,G4CMPDriftElectron,1,0.0132351,42.2689,202872,0.396032,0.00127366,0,192863,0.0119614,31.942
0,2,G4CMPDriftElectron,1,0.012727,34.957,198940,0.644411,0.00107653,0,190340,0.0116505,45.1878
0,2,G4CMPDriftElectron,1,0.00959872,40.8824,172769,0.867318,0.000745122,0,165927,0.0088536,34.6378
0,2,G4CMPDriftElectron,1,0.0219844,57.0939,261466,0.494892,0.00157453,0,251929,0.0204098,53.0377
0,2,G4CMPDriftElectron,1,0.0184449,48.6902,239495,1.16313,0.000627323,0,235387,0.0178176,55.3718
0,2,G4CMPDriftElectron,1,0.0222428,62.6507,262998,0.553823,0.0015296,0,253794,0.0207132,60.1028
0,2,G4CMPDriftElectron,1,0.0226042,62.9097,265126,0.561471,0.00153477,0,255968,0.0210695,30.4871
0,2,G4CMPDriftElectron,1,0.0202725,26.8227,251080,0.951276,0.000983625,0,244913,0.0192889,58.4229
0,2,G4CMPDriftElectron,1,0.0145156,50.7015,212459,1.02009,0.000741046,0,206965,0.0137745,49.1941
0,2,G4CMPDriftElectron,1,0.0140768,49.4457,209223,0.336311,0.00134608,0,198968,0.0127307,41.3333
0,2,G4CMPDriftElectron,1,0.0130875,42.2774,201737,1.46162,0.000115875,0,200842,0.0129716,39.7146
0,2,G4CMPDriftElectron,1,0.0149103,44.916,215328,0.410565,0.0013456,0,205382,0.0135647,40.1209
0,2,G4CMPDriftElectron,1,0.0196871,50.2902,247428,1.11823,0.000720126,0,242860,0.0189669,57.1988
0,2,G4CMPDriftElectron,1,0.0197517,58.5019,247834,0.966311,0.000949039,0,241806,0.0188027,54.6216
0,2,G4CMPDriftElectron,1,0.0325484,74.318,318144,0.79619,0.00152144,0,310619,0.031027,21.2116
0,2,G4CMPDriftElectron,1,0.0295653,18.1648,303214,1.4336,0.000252473,0,301917,0.0293128,27.0757
0,2,G4CMPDriftElectron,1,0.0292419,26.9163,301551,0.282676,0.00199147,0,291102,0.0272504,52.4929
0,2,G4CMPDriftElectron,1,0.040218,69.0838,353646,0.612564,0.0019898,0,344786,0.0382282,82.1768
0,2,G4CMPDriftElectron,1,0.0343491,77.9297,326826,0.825343,0.0015156,0,319534,0.0328335,25.9155
0,2,G4CMPDriftElectron,1,0.0302629,20.5485,306771,0.466861,0.00188184,0,297080,0.0283811,64.1752
0,2,G4CMPDriftElectron,1,0.0299656,66.0693,305260,0.057589,0.0020978,0,294381,0.0278678,63.4873
0,2,G4CMPDriftElectron,1,0.0277675,63.3676,293851,0.965377,0.00113393,0,287788,0.0266336,44.6185
0,2,G4CMPDriftElectron,1,0.0281481,48.2567,295857,0.204513,0.00199223,0,285195,0.0261559,60.4975
0,2,G4CMPDriftElectron,1,0.0213803,52.2444,257849,0.735445,0.00130194,0,249875,0.0200784,55.3879
0,2,G4CMPDriftElectron,1,0.017276,52.7286,231782,0.198725,0.00155437,0,221109,0.0157216,40.6337
0,2,G4CMPDriftElectron,1,0.0153625,38.9748,218569,0.306096,0.00142253,0,208204,0.01394,36.1749
0,2,G4CMPDriftElectron,1,0.017139,44.4091,230861,1.12251,0.000663121,0,226351,0.0164759,38.6699
0,2,G4CMPDriftElectron,1,0.018854,44.8643,242136,0.602808,0.0013598,0,233241,0.0174942,49.2327
0,2,G4CMPDriftElectron,1,0.0147967,42.9564,214506,0.803143,0.00100588,0,207087,0.0137908,47.6484
0,2,G4CMPDriftElectron,1,0.0352245,76.9425,330964,0.7075,0.00172475,0,322759,0.0334997,67.679
0,2,G4CMPDriftElectron,1,0.0333121,67.4994,321854,1.03855,0.00110658,0,316463,0.0322055,17.1506
0,2,G4CMPDriftElectron,1,0.0317427,17.4541,314181,1.12564,0.00091002,0,309645,0.0308326,55.8136
0,2,G4CMPDriftElectron,1,0.0304873,56.426,307906,1.02266,0.00108639,0,302370,0.0294009,70.0422
0,2,G4CMPDriftElectron,1,0.0291855,69.7817,301260,1.01946,0.00106787,0,295698,0.0281177,67.9052
0,2,G4CMPDriftElectron,1,0.0271035,66.5021,290316,0.707199,0.00150863,0,282120,0.0255948,46.0951
0,2,G4CMPDriftElectron,1,0.0285037,50.5362,297720,1.09877,0.000910623,0,292926,0.0275931,32.8699
0,2,G4CMPDriftElectron,1,0.028641,27.4484,298437,1.21562,0.000689211,0,294824,0.0279518,51.161
0,2,G4CMPDriftElectron,1,0.0277073,50.6165,293532,0.604361,0.00165472,0,284632,0.0260526,64.8454
0,2,G4CMPDriftElectron,1,0.0305244,70.4301,308093,0.569919,0.0017799,0,298975,0.0287445,70.8449
0,2,G4CMPDriftElectron,1,0.0258283,67.2326,283404,0.285472,0.00186777,0,272965,0.0239605,60.5005
0,2,G4CMPDriftElectron,1,0.0250519,62.5821,279112,0.403155,0.00176124,0,269122,0.0232907,45.472
0,2,G4CMPDriftElectron,1,0.0202751,37.4002,251096,0.600598,0.00141373,0,242184,0.0188614,54.9831
0,2,G4CMPDriftElectron,1,0.0219589,60.1177,261314,0.45454,0.00160737,0,251569,0.0203515,31.2724
0,2,G4CMPDriftElectron,1,0.0207532,31.306,254039,1.14105,0.000703652,0,249695,0.0200496,51.6204
0,2,G4CMPDriftElectron,1,0.0207737,52.7342,254164,0.491761,0.00153213,0,244612,0.0192415,49.5922
0,2,G4CMPDriftElectron,1,0.0189953,49.1999,243042,0.496251,0.00145979,0,233516,0.0175355,54.1733
0,2,G4CMPDriftElectron,1,0.0193696,56.9837,245425,1.22051,0.000552116,0,241902,0.0188175,51.7355
0,2,G4CMPDriftElectron,1,0.027615,64.241,293042,0.586793,0.00167214,0,284032,0.0259428,58.3766
0,2,G4CMPDriftElectron,1,0.0238305,54.244,272223,1.15264,0.000736599,0,267983,0.0230939,63.8628
0,2,G4CMPDriftElectron,1,0.0232066,64.0116,268636,1.14854,0.000733431,0,264357,0.0224732,49.2444
0,2,G4CMPDriftElectron,1,0.0242334,48.3154,274514,0.272121,0.00181506,0,264034,0.0224183,52.8349
0,2,G4CMPDriftElectron,1,0.0278449,62.8731,294260,0.623465,0.00163622,0,285483,0.0262086,65.2462
0,2,G4CMPDriftElectron,1,0.0267188,66.0376,288248,0.833293,0.00132035,0,281036,0.0253984,62.1902
0,2,G4CMPDriftElectron,1,0.0361197,75.2316,335143,1.10934,0.00100769,0,330435,0.035112,40.7743
0,2,G4CMPDriftElectron,1,0.0360437,42.1917,334790,0.504803,0.00201564,0,325294,0.034028,43.0314
0,2,G4CMPDriftElectron,1,0.0345534,44.4729,327796,0.231938,0.00219778,0,317200,0.0323556,36.1449
0,2,G4CMPDriftElectron,1,0.0311374,29.036,311171,0.460123,0.00191596,0,301446,0.0292215,66.0217
0,2,G4CMPDriftElectron,1,0.0278881,64.969,294488,1.06073,0.000969549,0,289324,0.0269186,61.2622
0,2,G4CMPDriftElectron,1,0.0202716,51.7788,251074,0.702257,0.00130518,0,242857,0.0189664,48.3818
0,2,G4CMPDriftElectron,1,0.0148284,35.0108,214737,0.447994,0.00131836,0,204969,0.0135101,35.2163
0,2,G4CMPDriftElectron,1,0.00533562,9.06158,128810,0.444301,0.000776976,0,119063,0.00455865,23.0442
0,2,G4CMPDriftElectron,1,0.0121115,39.6378,194069,0.643582,0.00104991,0,185467,0.0110616,32.7388
0,2,G4CMPDriftElectron,1,0.0096043,27.4175,172819,1.06066,0.000553264,0,167767,0.00905103,33.2405
0,2,G4CMPDriftElectron,1,0.00912921,27.8622,168490,0.648917,0.000902705,0,159943,0.0082265,23.2307
0,2,G4CMPDriftElectron,1,0.0116345,35.6901,190210,0.838636,0.000852999,0,183104,0.0107815,26.2442
0,2,G4CMPDriftElectron,1,0.00879915,21.5744,165416,1.04241,0.000546304,0,160199,0.00825284,38.1535
0,2,G4CMPDriftElectron,1,0.00826593,38.1858,160326,0.967343,0.000599504,0,154403,0.00766643,28.1978
0,2,G4CMPDriftElectron,1,0.00814965,29.4927,159194,0.739092,0.00078646,0,151318,0.00736319,35.9972
0,2,G4CMPDriftElectron,1,0.0205518,58.7311,252803,0.797793,0.00119909,0,245317,0.0193527,56.7934
0,2,G4CMPDriftElectron,1,0.0160753,52.5152,223583,0.686238,0.00117415,0,215262,0.0149012,47.365
0,2,G4CMPDriftElectron,1,0.0129358,43.2331,200565,0.860357,0.000878587,0,193634,0.0120572,29.2597
0,2,G4CMPDriftElectron,1,0.0149426,34.8795,215562,1.0343,0.000734043,0,210200,0.0142086,25.7616
0,2,G4CMPDriftElectron,1,0.0139738,13.6491,208457,0.404203,0.00130513,0,198483,0.0126687,37.3437
0,2,G4CMPDriftElectron,1,0.0191537,55.6678,244053,0.361153,0.00156201,0,233890,0.0175917,51.2869
0,2,G4CMPDriftElectron,1,0.0170375,49.9971,230177,0.339065,0.00148325,0,219929,0.0155543,47.3737
0,2,G4CMPDriftElectron,1,0.0117061,41.0857,190793,0.340081,0.00122248,0,180556,0.0104836,42.8517
0,2,G4CMPDriftElectron,1,0.0110632,44.0681,185480,0.471904,0.00111974,0,175843,0.00994343,25.603
0,2,G4CMPDriftElectron,1,0.0105497,26.3867,181125,0.727045,0.000910299,0,173135,0.00963945,41.3185
0,2,G4CMPDriftElectron,1,0.00408816,26.8235,112751,0.512969,0.00065036,0,103395,0.0034378,14.3681
0,2,G4CMPDriftElectron,1,0.0142855,43.7681,210768,0.337323,0.00135581,0,200517,0.0129297,47.745
0,2,G4CMPDriftElectron,1,0.0157969,49.7728,221638,0.648591,0.0011998,0,213055,0.0145971,49.212
0,2,G4CMPDriftElectron,1,0.0144413,48.9569,211915,0.767538,0.00103066,0,204213,0.0134106,44.4351
0,2,G4CMPDriftElectron,1,0.0139147,45.505,208015,0.333887,0.00133926,0,197752,0.0125755,23.9781
0,2,G4CMPDriftElectron,1,0.011491,10.2267,189032,0.954099,0.000728064,0,182946,0.0107629,40.7072
0,2,G4CMPDriftElectron,1,0.0143585,45.9995,211306,0.434953,0.00130494,0,201476,0.0130536,47.7956
0,2,G4CMPDriftElectron,1,0.0132407,48.1156,202915,0.692857,0.00105609,0,194654,0.0121846,42.8496
0,2,G4CMPDriftElectron,1,0.00950356,37.306,171910,0.674206,0.000903082,0,163538,0.00860048,37.8403
0,2,G4CMPDriftElectron,1,0.00987198,40.3924,175211,1.08441,0.00053584,0,170389,0.00933614,34.4687
0,2,G4CMPDriftElectron,1,0.00830329,30.5157,160688,0.753846,0.000782913,0,152925,0.00752037,35.686
0,2,G4CMPDriftElectron,1,0.00740188,35.3793,151715,0.81671,0.000689809,0,144473,0.00671207,32.2992
0,2,G4CMPDriftElectron,1,0.0294507,69.429,302626,0.564097,0.00175427,0,293474,0.0276964,59.58
0,2,G4CMPDriftElectron,1,0.0248536,54.6213,278005,1.07353,0.000891291,0,272975,0.0239623,65.1453
0,2,G4CMPDriftElectron,1,0.0238898,65.0465,272561,0.660495,0.0014704,0,264040,0.0224194,37.5564
0,2,G4CMPDriftElectron,1,0.0210061,28.7299,255582,0.733295,0.00129274,0,247593,0.0197134,53.6032
0,2,G4CMPDriftElectron,1,0.0164108,48.4575,225903,0.519667,0.00133612,0,216512,0.0150746,39.7008
0,2,G4CMPDriftElectron,1,0.0134102,32.4419,204209,0.620568,0.00112623,0,195446,0.0122839,45.6215
0,2,G4CMPDriftElectron,1,0.00884691,37.6731,165865,0.695116,0.000854609,0,157650,0.0079923,24.3613
0,2,G4CMPDriftElectron,1,0.00783044,23.239,156045,0.683155,0.000810074,0,147754,0.00702036,30.9273
0,2,G4CMPDriftElectron,1,0.00871572,35.9686,164630,0.185211,0.00109595,0,153932,0.00761976,36.6952
0,2,G4CMPDriftElectron,1,0.0287704,69.6133,299110,1.37083,0.000378241,0,297137,0.0283922,70.5248
0,2,G4CMPDriftElectron,1,0.0293726,71.7679,302224,1.05764,0.00100174,0,297026,0.0283709,35.4405
0,2,G4CMPDriftElectron,1,0.0294228,39.1589,302482,0.388714,0.00192372,0,292427,0.027499,38.047
0,2,G4CMPDriftElectron,1,0.0282339,39.2596,296308,0.802559,0.00140491,0,288842,0.0268289,68.2619
0,2,G4CMPDriftElectron,1,0.0307055,73.2208,309006,0.269614,0.00204936,0,298516,0.0286562,65.5754
0,2,G4CMPDriftElectron,1,0.0283757,65.1544,297051,0.526448,0.00176191,0,287681,0.0266138,45.1002
0,2,G4CMPDriftElectron,1,0.0253439,43.2768,280734,0.564313,0.00162438,0,271588,0.0237195,39.1884
0,2,G4CMPDriftElectron,1,0.02642,43.3078,286632,1.16141,0.000761472,0,282471,0.0256586,64.4063
0,2,G4CMPDriftElectron,1,0.0257847,64.4284,283164,0.657065,0.00153325,0,274616,0.0242514,46.2352
0,2,G4CMPDriftElectron,1,0.025312,47.87,280557,0.665219,0.00150894,0,272066,0.0238031,53.7204
0,2,G4CMPDriftElectron,1,0.0226002,52.1649,265103,0.417096,0.0016606,0,255178,0.0209396,60.8008
0,2,G4CMPDriftElectron,1,0.0232305,64.0167,268774,0.412315,0.00168775,0,258827,0.0215428,57.7775
0,2,G4CMPDriftElectron,1,0.0206583,55.0391,253457,0.971746,0.000963482,0,247476,0.0196948,45.9186
0,2,G4CMPDriftElectron,1,0.018841,45.1654,242053,0.702847,0.00125627,0,233844,0.0175847,32.8161
0,2,G4CMPDriftElectron,1,0.0212454,39.2481,257034,0.900875,0.00108042,0,250413,0.020165,39.7584
0,2,G4CMPDriftElectron,1,0.0203505,39.29,251562,0.560036,0.00145564,0,242398,0.0188948,56.6932
0,2,G4CMPDriftElectron,1,0.0181324,55.3368,237457,0.610127,0.00132584,0,228611,0.0168066,45.866
0,2,G4CMPDriftElectron,1,0.018434,49.2241,239424,0.880843,0.00102992,0,232640,0.0174041,46.6482
0,2,G4CMPDriftElectron,1,0.0231612,55.5285,268373,0.935445,0.00107811,0,262053,0.0220831,33.9338
0,2,G4CMPDriftElectron,1,0.0226467,34.8207,265375,0.407925,0.00166918,0,255408,0.0209775,59.1512
0,2,G4CMPDriftElectron,1,0.020901,59.1071,254942,0.71645,0.00130936,0,246827,0.0195916,54.9617
0,2,G4CMPDriftElectron,1,0.0212553,57.7418,257094,0.950476,0.00100927,0,250916,0.020246,42.152
0,2,G4CMPDriftElectron,1,0.0266381,52.5857,287812,0.650071,0.00156762,0,279215,0.0250704,37.519
0,2,G4CMPDriftElectron,1,0.0258184,40.0011,283349,0.574433,0.00162903,0,274265,0.0241893,65.4018
0,2,G4CMPDriftElectron,1,0.0241901,65.3984,274269,0.35612,0.00176353,0,264083,0.0224266,46.4546
0,2,G4CMPDriftElectron,1,0.0229157,50.4075,266946,0.565633,0.0015414,0,257812,0.0213743,59.8419
0,2,G4CMPDriftElectron,1,0.0215239,60.0914,258713,1.17983,0.000652826,0,254760,0.0208711,60.7859
0,2,G4CMPDriftElectron,1,0.0201214,59.6919,250142,0.97907,0.00093975,0,244231,0.0191817,26.261
0,2,G4CMPDriftElectron,1,0.0189955,25.9389,243043,0.98794,0.000899417,0,237219,0.0180961,56.4027
0,2,G4CMPDriftElectron,1,0.0128303,47.586,199745,1.17297,0.000504188,0,195781,0.0123261,37.0072
0,2,G4CMPDriftElectron,1,0.010533,28.1361,180982,0.652022,0.000970075,0,172446,0.00956294,36.4246
0,2,G4CMPDriftElectron,1,0.0231063,62.1657,268055,0.375751,0.0017095,0,257948,0.0213968,53.9993
0,2,G4CMPDriftElectron,1,0.0170578,47.0328,230314,0.62565,0.00127029,0,221572,0.0157875,41.0297
0,2,G4CMPDriftElectron,1,0.0237624,57.0882,271834,0.199329,0.00182934,0,261161,0.0219331,40.1421
0,2,G4CMPDriftElectron,1,0.0169151,13.9499,229348,0.991692,0.000841543,0,223570,0.0160736,50.5754
0,2,G4CMPDriftElectron,1,0.0159223,50.2904,222516,0.80916,0.00103809,0,215140,0.0148842,50.523
0,2,G4CMPDriftElectron,1,0.01378,48.4489,207006,0.938437,0.000819354,0,200757,0.0129606,26.8495
0,2,G4CMPDriftElectron,1,0.0129459,26.8138,200643,0.201426,0.00133967,0,189978,0.0116063,35.732
0,2,G4CMPDriftElectron,1,0.0122083,36.8531,194844,0.307498,0.00126339,0,184486,0.0109449,15.6782
0,2,G4CMPDriftElectron,1,0.0100994,19.924,177218,0.924102,0.00071024,0,170873,0.00938921,30.0615
0,2,G4CMPDriftElectron,1,0.00621286,26.4451,138997,0.296576,0.000893492,0,128614,0.00531937,12.4365
0,2,G4CMPDriftElectron,1,0.0175153,43.1083,233382,0.930152,0.000939518,0,227036,0.0165758,51.06
0,2,G4CMPDriftElectron,1,0.0186126,54.6849,240581,1.0474,0.000804621,0,235324,0.017808,48.0512
0,2,G4CMPDriftElectron,1,0.0199725,51.5741,249215,0.178934,0.00168065,0,238499,0.0182919,41.6826
0,2,G4CMPDriftElectron,1,0.0130524,30.9255,201467,1.17009,0.000512612,0,197471,0.0125398,16.1654
0,2,G4CMPDriftElectron,1,0.011699,17.1277,190736,1.00981,0.000673038,0,185168,0.0110259,38.5256
0,2,G4CMPDriftElectron,1,0.0175761,52.4163,233787,0.60117,0.00131311,0,224884,0.016263,44.9394
0,2,G4CMPDriftElectron,1,0.0162143,44.8672,224547,1.29008,0.000397832,0,221775,0.0158164,52.6925
0,2,G4CMPDriftElectron,1,0.0138824,49.4596,207774,0.794233,0.000982409,0,200287,0.0129,47.6211
0,2,G4CMPDriftElectron,1,0.0150983,51.4925,216681,0.691878,0.00113128,0,208406,0.013967,49.3681
0,2,G4CMPDriftElectron,1,0.0164143,53.7887,225927,0.933031,0.000904631,0,219614,0.0155097,37.6985
0,2,G4CMPDriftElectron,1,0.0137715,34.2955,206942,0.685717,0.0010844,0,198627,0.0126871,38.8512
0,2,G4CMPDriftElectron,1,0.012988,39.4006,200969,0.404963,0.00125646,0,191001,0.0117316,31.5386
0,2,G4CMPDriftElectron,1,0.0126914,34.9295,198661,0.803882,0.000928017,0,191260,0.0117634,30.4323
0,2,G4CMPDriftElectron,1,0.00776687,24.8738,155411,1.14716,0.00040958,0,151258,0.00735729,17.5634
0,2,G4CMPDriftElectron,1,0.00712941,16.7915,148897,0.400823,0.000922697,0,138928,0.00620671,30.1068
0,2,G4CMPDriftElectron,1,0.0188192,53.5816,241913,0.723264,0.00123288,0,233855,0.0175864,53.0268
0,2,G4CMPDriftElectron,1,0.0199372,56.3999,248995,0.565638,0.00143518,0,239866,0.0185021,46.5211
0,2,G4CMPDriftElectron,1,0.0177013,44.7374,234618,1.07234,0.000747958,0,229607,0.0169533,46.8243
0,2,G4CMPDriftElectron,1,0.0160559,44.8129,223447,0.785567,0.00106904,0,215880,0.0149868,36.9177
0,2,G4CMPDriftElectron,1,0.00875468,20.9261,164998,0.731088,0.00082273,0,157054,0.00793194,35.5985
0,2,G4CMPDriftElectron,1,0.00859856,37.347,163520,0.197012,0.00108574,0,152848,0.00751283,36.4634
0,2,G4CMPDriftElectron,1,0.00833047,38.0797,160951,0.989966,0.000580812,0,155238,0.00774965,27.804
0,2,G4CMPDriftElectron,1,0.0089442,31.8911,166774,0.80457,0.000772354,0,159411,0.00817184,24.4469
0,2,G4CMPDriftElectron,1,0.00434502,11.2278,116239,0.856934,0.000495249,0,109415,0.00384977,22.5298
0,2,G4CMPDriftElectron,1,0.0160358,53.1995,223307,0.289936,0.00146163,0,212887,0.0145742,42.5713
0,2,G4CMPDriftElectron,1,0.00974538,26.9942,174083,0.60007,0.000968783,0,165204,0.00877659,26.7072
0,2,G4CMPDriftElectron,1,0.0189439,52.9342,242713,0.740254,0.00121777,0,234782,0.0177262,51.8371
0,2,G4CMPDriftElectron,1,0.0177819,51.9831,235151,0.821842,0.00108399,0,227871,0.0166979,52.3668
0,2,G4CMPDriftElectron,1,0.00563011,31.5109,132317,0.650203,0.000699983,0,123819,0.00493012,23.1347
0,2,G4CMPDriftElectron,1,0.00803099,35.9692,158031,0.708194,0.000803093,0,149921,0.00722789,12.8312
0,2,G4CMPDriftElectron,1,0.0253627,53.711,280838,0.877749,0.00121937,0,274004,0.0241433,51.6725
0,2,G4CMPDriftElectron,1,0.0298124,61.6622,304478,1.52019,6.97598e-05,0,304122,0.0297426,59.7058
0,2,G4CMPDriftElectron,1,0.029859,59.9002,304716,1.27694,0.000580404,0,301740,0.0292786,32.0785
0,2,G4CMPDriftElectron,1,0.0297333,34.0408,304074,0.912433,0.00126575,0,297532,0.0284676,60.6511
0,2,G4CMPDriftElectron,1,0.028435,60.6186,297361,0.785047,0.00143607,0,289755,0.0269989,63.8392
0,2,G4CMPDriftElectron,1,0.0295697,67.5372,303237,0.533605,0.0017917,0,293906,0.027778,17.4432
0,2,G4CMPDriftElectron,1,0.0282977,16.019,296643,0.636307,0.00163406,0,287951,0.0266637,66.1118
0,2,G4CMPDriftElectron,1,0.0210356,58.5241,255762,0.524171,0.00151374,0,246388,0.0195219,18.4242
0,2,G4CMPDriftElectron,1,0.0214905,23.1638,258512,0.345912,0.00166638,0,248288,0.0198241,45.4255
0,2,G4CMPDriftElectron,1,0.0220271,52.3171,261720,1.0845,0.000819115,0,256808,0.021208,19.6986
0,2,G4CMPDriftElectron,1,0.0212226,19.8959,256896,0.11267,0.00175096,0,246071,0.0194717,21.9927
0,2,G4CMPDriftElectron,1,0.0193481,20.656,245288,0.189603,0.00165021,0,234595,0.0176979,33.138
0,2,G4CMPDriftElectron,1,0.0214218,43.7101,258099,0.889523,0.00110108,0,251378,0.0203207,56.7819
0,2,G4CMPDriftElectron,1,0.0203544,57.034,251587,0.58514,0.0014318,0,242577,0.0189226,35.0774
0,2,G4CMPDriftElectron,1,0.0221776,41.348,262613,0.577477,0.00150397,0,253552,0.0206736,59.6899
0,2,G4CMPDriftElectron,1,0.015509,51.8555,219609,0.517475,0.0012995,0,210207,0.0142095,32.5229
0,2,G4CMPDriftElectron,1,0.0153321,36.4966,218353,0.620094,0.0012073,0,209580,0.0141248,44.2415
0,2,G4CMPDriftElectron,1,0.0195759,53.2849,246728,0.569958,0.00141775,0,237626,0.0181582,55.6952
0,2,G4CMPDriftElectron,1,0.00666676,34.1876,143984,0.311215,0.000922505,0,133652,0.00574425,31.8502
0,2,G4CMPDriftElectron,1,0.0135267,48.9047,205094,0.58072,0.00116365,0,196074,0.012363,25.0345
0,2,G4CMPDriftElectron,1,0.0123764,23.9834,196180,0.980175,0.00072752,0,190327,0.0116488,28.8162
0,2,G4CMPDriftElectron,1,0.0131225,31.9918,202007,0.046363,0.00137614,0,191122,0.0117464,31.7274
0,2,G4CMPDriftElectron,1,0.0105205,33.2727,180874,0.573062,0.00102701,0,171819,0.0094935,40.9397
0,2,G4CMPDriftElectron,1,0.0049521,29.324,124095,0.521364,0.000716021,0,114773,0.00423608,18.462
0,2,G4CMPDriftElectron,1,0.0226425,62.1854,265351,0.176465,0.00179275,0,254629,0.0208497,59.0432
0,2,G4CMPDriftElectron,1,0.0171259,52.8109,230773,0.455333,0.00141448,0,221037,0.0157114,50.2126
0,2,G4CMPDriftElectron,1,0.0271048,66.7056,290323,0.470613,0.00177545,0,280653,0.0253293,65.3761
0,2,G4CMPDriftElectron,1,0.0182286,55.7681,238086,0.40212,0.00149743,0,228098,0.0167312,53.0645
0,2,G4CMPDriftElectron,1,0.01909,57.0203,243647,0.819943,0.00112691,0,236346,0.0179631,31.3681
0,2,G4CMPDriftElectron,1,0.0264825,47.2466,286971,0.756023,0.00142521,0,279142,0.0250573,55.4341
0,2,G4CMPDriftElectron,1,0.0238159,53.1461,272140,0.707341,0.00141161,0,263951,0.0224043,47.7622
0,2,G4CMPDriftElectron,1,0.0262745,53.4778,285842,0.344382,0.00184762,0,275608,0.0244269,55.5799
0,2,G4CMPDriftElectron,1,0.0207753,50.0334,254174,0.299981,0.00166374,0,243785,0.0191116,57.8963
0,2,G4CMPDriftElectron,1,0.0256296,66.9755,282312,0.727413,0.00143969,0,274268,0.0241899,19.965
0,2,G4CMPDriftElectron,1,0.0241442,16.9618,274009,0.613871,0.00153168,0,265175,0.0226125,59.82
0,2,G4CMPDriftElectron,1,0.0227792,60.4188,266151,1.25109,0.000548092,0,262929,0.0222311,39.6271
0,2,G4CMPDriftElectron,1,0.0247833,48.29,277612,0.469583,0.00169695,0,267939,0.0230863,53.6159
0,2,G4CMPDriftElectron,1,0.0264442,58.1886,286763,0.628797,0.00158728,0,278023,0.0248569,55.5885
0,2,G4CMPDriftElectron,1,0.0223231,51.9393,263472,0.311399,0.00171965,0,253121,0.0206034,31.1214
0,2,G4CMPDriftElectron,1,0.0208836,31.3661,254836,0.25176,0.00169162,0,244297,0.0191919,48.8422
0,2,G4CMPDriftElectron,1,0.0157956,44.27,221628,1.25422,0.000445395,0,218481,0.0153502,39.6978
0,2,G4CMPDriftElectron,1,0.0174722,45.1106,233094,0.793259,0.00110792,0,225583,0.0163643,52.4922
0,2,G4CMPDriftElectron,1,0.0172281,54.0155,231460,0.535422,0.00135706,0,222157,0.015871,39.7159
0,2,G4CMPDriftElectron,1,0.0151316,38.2558,216920,0.512773,0.00128665,0,207493,0.0138449,31.0451
0,2,G4CMPDriftElectron,1,0.0140129,31.3061,208748,0.570121,0.0011935,0,199661,0.0128194,46.4919
0,2,G4CMPDriftElectron,1,0.0137144,46.2142,206512,0.393295,0.00129873,0,196491,0.0124156,25.2331
0,2,G4CMPDriftElectron,1,0.0132963,37.492,203340,1.14928,0.000544913,0,199130,0.0127514,47.4118
0,2,G4CMPDriftElectron,1,0.0143622,50.2963,211334,0.684228,0.00110962,0,203006,0.0132526,30.3172
0,2,G4CMPDriftElectron,1,0.0186658,39.7173,240925,0.582297,0.00137215,0,231901,0.0172937,32.251
0,2,G4CMPDriftElectron,1,0.0184571,36.0958,239574,0.150577,0.00162196,0,228805,0.0168351,32.3281
0,2,G4CMPDriftElectron,1,0.0150536,23.829,216360,0.806817,0.00101089,0,208970,0.0140427,47.1019
0,2,G4CMPDriftElectron,1,0.00984788,39.2894,174997,0.859634,0.000762387,0,168086,0.00908549,40.0572
0,2,G4CMPDriftElectron,1,0.00408449,25.7877,112701,0.442652,0.000675587,0,102959,0.0034089,21.0414
0,2,G4CMPDriftElectron,1,0.0152834,51.9817,218006,0.798291,0.00102824,0,210544,0.0142551,27.0464
0,2,G4CMPDriftElectron,1,0.0135254,27.4261,205085,0.294917,0.00133717,0,194683,0.0121882,20.4804
0,2,G4CMPDriftElectron,1,0.0124002,11.8888,196369,0.754273,0.00096484,0,188575,0.0114354,44.8513
0,2,G4CMPDriftElectron,1,0.0112955,44.5692,187418,0.529728,0.00109537,0,178099,0.0102001,18.8103
0,2,G4CMPDriftElectron,1,0.0127219,31.1198,198899,0.560124,0.00114285,0,189755,0.011579,23.1823
0,2,G4CMPDriftElectron,1,0.0132755,27.876,203181,0.730581,0.00102244,0,195200,0.012253,41.8462
0,2,G4CMPDriftElectron,1,0.00604337,21.4625,137087,0.833302,0.000607908,0,130010,0.00543546,26.7672
0,2,G4CMPDriftElectron,1,0.014162,46.4359,209855,0.851273,0.000931144,0,202839,0.0132308,43.2732
0,2,G4CMPDriftElectron,1,0.0149554,47.2062,215654,0.539565,0.00125857,0,206380,0.0136968,11.8199
0,2,G4CMPDriftElectron,1,0.0154926,17.2055,219493,0.887783,0.000932748,0,212783,0.0145598,45.7646
0,2,G4CMPDriftElectron,1,0.0129058,41.9369,200332,0.346124,0.00128265,0,190117,0.0116232,45.204
0,2,G4CMPDriftElectron,1,0.0204631,59.8551,252258,0.958424,0.000978103,0,246155,0.019485,42.1061
0,2,G4CMPDriftElectron,1,0.020379,44.309,251738,0.312618,0.0016407,0,241392,0.0187383,21.9989
0,2,G4CMPDriftElectron,1,0.0214141,20.8419,258052,0.524108,0.0015277,0,248677,0.0198864,56.9526
0,2,G4CMPDriftElectron,1,0.0184696,54.8065,239655,0.251848,0.00158854,0,229117,0.016881,44.9503
0,2,G4CMPDriftElectron,1,0.0186128,47.9208,240582,0.728642,0.00121986,0,232565,0.0173929,51.5376
0,2,G4CMPDriftElectron,1,0.0177897,53.5222,235202,0.622658,0.00130095,0,226439,0.0164887,22.0595
0,2,G4CMPDriftElectron,1,0.0200096,22.8809,249446,0.637845,0.0013664,0,240779,0.0186432,52.6921
0,2,G4CMPDriftElectron,1,0.0209478,56.7976,255227,1.06708,0.000825272,0,250149,0.0201225,54.1331
0,2,G4CMPDriftElectron,1,0.0195047,53.3663,246279,0.852797,0.00109741,0,239250,0.0184073,50.4551
0,2,G4CMPDriftElectron,1,0.014864,44.3798,214994,0.391269,0.0013548,0,204962,0.0135092,48.831
0,2,G4CMPDriftElectron,1,0.0214652,61.6576,258360,0.296768,0.00169348,0,247959,0.0197717,56.9595
0,2,G4CMPDriftElectron,1,0.018859,55.5839,242168,0.587638,0.00137442,0,233177,0.0174845,46.7146
0,2,G4CMPDriftElectron,1,0.017779,47.0836,235132,0.744793,0.00117348,0,227240,0.0166055,30.3809
0,2,G4CMPDriftElectron,1,0.0193576,40.6276,245349,0.458878,0.00150354,0,235628,0.0178541,17.8888
0,2,G4CMPDriftElectron,1,0.0239709,31.8179,273023,0.891982,0.0011633,0,266316,0.0228076,53.6694
0,2,G4CMPDriftElectron,1,0.0222532,52.6317,263060,0.244112,0.00175091,0,252499,0.0205023,56.2463
0,2,G4CMPDriftElectron,1,0.023585,61.1771,270817,0.590128,0.00153891,0,261833,0.0220461,50.6464
0,2,G4CMPDriftElectron,1,0.0194042,46.5889,245644,0.975786,0.000926849,0,239705,0.0184773,56.365
0,2,G4CMPDriftElectron,1,0.015691,51.6578,220894,1.00214,0.000795524,0,215221,0.0148955,43.7552
0,2,G4CMPDriftElectron,1,0.00917829,32.2635,168943,0.929796,0.0006699,0,162660,0.00850839,15.5473
0,2,G4CMPDriftElectron,1,0.00839496,16.4087,161572,0.121178,0.00108595,0,150760,0.007309,21.2602
0,2,G4CMPDriftElectron,1,0.00751843,21.2302,152905,0.992945,0.000547198,0,147236,0.00697124,21.7603
0,2,G4CMPDriftElectron,1,0.00641223,18.1607,141209,0.316763,0.000902292,0,130898,0.00550994,23.3825
0,2,G4CMPDriftElectron,1,0.0202982,57.9904,251239,0.763379,0.00123407,0,243482,0.0190641,20.2978
0,2,G4CMPDriftElectron,1,0.0171139,14.4122,230692,1.16624,0.000598236,0,226624,0.0165156,36.1412
0,2,G4CMPDriftElectron,1,0.02354,53.97,270558,1.21589,0.000620793,0,266967,0.0229192,32.6453
0,2,G4CMPDriftElectron,1,0.0228571,34.2457,266605,0.745158,0.0013352,0,258701,0.0215219,60.6203
0,1,G4CMPDriftHole,1,0.0012257,20.9388,106112,0.325914,0.000591759,0,76312.8,0.000633942,15.0586
0,1,G4CMPDriftHole,1,0.0216782,88.0584,446256,0.504142,0.00262582,0,418357,0.0190524,82.5531
0,1,G4CMPDriftHole,1,0.0143899,71.7443,363581,0.856537,0.00155647,0,343355,0.0128334,67.7532
0,1,G4CMPDriftHole,1,0.0255776,95.6508,484732,0.167939,0.00323683,0,453024,0.0223407,89.3939
0,1,G4CMPDriftHole,1,0.0201592,84.9172,430338,0.60436,0.00236911,0,404261,0.0177901,79.7716
0,1,G4CMPDriftHole,1,0.022793,90.2942,457587,0.288515,0.0029618,0,426822,0.0198312,84.2235
0,1,G4CMPDriftHole,1,0.018681,81.7445,414259,0.642586,0.00221158,0,388966,0.0164694,76.7534
0,1,G4CMPDriftHole,1,0.0165754,77,390215,1.22314,0.000818974,0,380453,0.0157564,75.0736
0,1,G4CMPDriftHole,1,0.016006,75.666,383455,0.602005,0.00210231,0,357387,0.0139037,70.522
0,1,G4CMPDriftHole,1,0.0125633,67.0365,339723,0.221398,0.00221015,0,308396,0.0103532,60.8549
0,1,G4CMPDriftHole,1,0.0108895,62.4112,316283,0.742905,0.00151987,0,293382,0.00936962,57.8922
0,1,G4CMPDriftHole,1,0.015125,73.5542,372753,1.1529,0.000947478,0,360889,0.0141776,71.2131
0,1,G4CMPDriftHole,1,0.0142736,71.4539,362109,0.93981,0.00138445,0,344100,0.0128892,67.9002
0,1,G4CMPDriftHole,1,0.0155921,74.6812,378464,0.360319,0.00236946,0,348523,0.0132226,68.773
0,1,G4CMPDriftHole,1,0.0111708,63.2123,320343,1.15713,0.000789713,0,308812,0.0103811,60.937
0,1,G4CMPDriftHole,1,0.00678608,49.2684,249679,0.606374,0.00132517,0,223978,0.0054609,44.1968
0,1,G4CMPDriftHole,1,0.00989149,59.4826,301442,0.588438,0.00164461,0,275244,0.00824688,54.313
0,1,G4CMPDriftHole,1,0.0101011,60.1096,304619,0.462158,0.00179825,0,276177,0.00830289,54.4971
0,1,G4CMPDriftHole,1,0.0134713,69.4166,351785,0.875312,0.00146705,0,332078,0.0120042,65.5279
0,1,G4CMPDriftHole,1,0.013077,68.3933,346599,0.749489,0.0016655,0,323776,0.0114115,63.8897
0,1,G4CMPDriftHole,1,0.0255872,95.6688,484824,0.219834,0.00320349,0,453460,0.0223837,89.4798
0,1,G4CMPDriftHole,1,0.0190739,82.5997,418593,0.61682,0.00228041,0,392774,0.0167935,77.5049
0,1,G4CMPDriftHole,1,0.0167323,77.3637,392058,0.307533,0.00250616,0,361507,0.0142262,71.335
0,1,G4CMPDriftHole,1,0.0148998,73.0045,369967,1.08113,0.00110679,0,355961,0.013793,70.2407
0,1,G4CMPDriftHole,1,0.0147168,72.5548,367688,0.501062,0.00214748,0,339804,0.0125694,67.0526
0,1,G4CMPDriftHole,1,0.00941241,58.0242,294051,0.489665,0.00170597,0,266072,0.00770643,52.5032
0,1,G4CMPDriftHole,1,0.00502744,42.4065,214905,0.23192,0.0013531,0,183722,0.00367434,36.2534
0,1,G4CMPDriftHole,1,0.00310008,33.3001,168756,0.664617,0.000818222,0,144783,0.00228186,28.5696
0,1,G4CMPDriftHole,1,0.0133785,69.1771,350571,1.1096,0.000980636,0,337478,0.0123978,66.5935
0,1,G4CMPDriftHole,1,0.019318,83.1265,421263,0.782446,0.00198113,0,399078,0.0173368,78.7488
0,1,G4CMPDriftHole,1,0.0116135,64.4527,326629,0.853564,0.00139195,0,306430,0.0102216,60.467
0,1,G4CMPDriftHole,1,0.00673545,49.0843,248746,0.988341,0.000846204,0,232596,0.00588925,45.8975
0,1,G4CMPDriftHole,1,0.00771435,52.5302,266209,0.759036,0.00124084,0,243861,0.00647351,48.1204
0,1,G4CMPDriftHole,1,0.0172916,78.646,398557,0.36568,0.00249593,0,368672,0.0147957,72.7489
0,1,G4CMPDriftHole,1,0.0139318,70.5932,357747,0.472613,0.00211974,0,329409,0.0118121,65.0013
0,1,G4CMPDriftHole,1,0.0208731,86.4077,437891,1.20226,0.000992844,0,427350,0.0198803,84.3277
0,1,G4CMPDriftHole,1,0.021018,86.707,439408,0.575732,0.00247047,0,412777,0.0185475,81.452
0,1,G4CMPDriftHole,1,0.0185002,81.3482,412251,0.427933,0.00251606,0,383193,0.0159842,75.6144
0,1,G4CMPDriftHole,1,0.0112367,63.3984,321286,1.31038,0.000466997,0,314539,0.0107697,62.067
0,1,G4CMPDriftHole,1,0.0142442,71.3802,361736,0.92045,0.00142225,0,343202,0.0128219,67.7229
0,1,G4CMPDriftHole,1,0.0130809,68.4035,346651,0.652467,0.00181775,0,321665,0.0112632,63.4731
0,1,G4CMPDriftHole,1,0.0110113,62.7593,318047,0.565965,0.00176876,0,291386,0.00924254,57.4983
0,1,G4CMPDriftHole,1,0.0054814,44.2797,224398,0.955695,0.00079474,0,207493,0.00468666,40.944
0,1,G4CMPDriftHole,1,0.0169599,77.888,394715,0.190772,0.00260351,0,363157,0.0143564,71.6607
0,1,G4CMPDriftHole,1,0.00705442,50.2331,254568,0.870716,0.00103673,0,235119,0.00601769,46.3953
0,1,G4CMPDriftHole,1,0.012458,66.755,338296,0.770262,0.00158898,0,315986,0.0108691,62.3526
0,1,G4CMPDriftHole,1,0.0101191,60.1631,304890,0.173306,0.00199212,0,273235,0.00812698,53.9167
0,1,G4CMPDriftHole,1,0.0130451,68.3098,346175,0.152243,0.00228543,0,314392,0.0107597,62.0381
0,1,G4CMPDriftHole,1,0.0103005,60.6999,307611,0.578696,0.00169215,0,281211,0.00860835,55.4905
0,1,G4CMPDriftHole,1,0.0144502,71.8945,364342,0.884739,0.00150489,0,344849,0.0129453,68.048
0,1,G4CMPDriftHole,1,0.018135,80.5411,408161,0.209344,0.00268549,0,376730,0.0154495,74.3389
0,1,G4CMPDriftHole,1,0.00990133,59.5122,301592,0.258601,0.00193072,0,270594,0.0079706,53.3955
0,1,G4CMPDriftHole,1,0.010804,62.1657,315039,0.765171,0.00147979,0,292670,0.00932418,57.7516
0,1,G4CMPDriftHole,1,0.0108449,62.2834,315635,0.536287,0.00178887,0,288431,0.00905605,56.9152
0,1,G4CMPDriftHole,1,0.00800494,53.5104,271176,0.725023,0.00130979,0,248001,0.00669516,48.9372
0,1,G4CMPDriftHole,1,0.005949,46.1298,233773,1.21665,0.0004554,0,224647,0.0054936,44.329
0,1,G4CMPDriftHole,1,0.00518471,43.0647,218240,0.823605,0.000926685,0,197777,0.00425802,39.0268
0,1,G4CMPDriftHole,1,0.00899087,56.71,287391,0.622792,0.0015233,0,261916,0.00746757,51.6831
0,1,G4CMPDriftHole,1,0.0109525,62.5915,317197,0.310696,0.00200394,0,286714,0.00894854,56.5764
0,1,G4CMPDriftHole,1,0.00881567,56.1548,284577,0.641914,0.00148474,0,259509,0.00733093,51.2081
0,1,G4CMPDriftHole,1,0.0170977,78.2038,396316,0.564888,0.0022334,0,369526,0.0148643,72.9175
0,1,G4CMPDriftHole,1,0.0177549,79.6926,403861,0.83113,0.00179514,0,382900,0.0159598,75.5566
0,1,G4CMPDriftHole,1,0.0158797,75.3669,381939,0.813541,0.00172608,0,360584,0.0141537,71.153
0,1,G4CMPDriftHole,1,0.0158614,75.3235,381719,0.387754,0.00236399,0,352126,0.0134975,69.484
0,1,G4CMPDriftHole,1,0.00704371,50.1949,254374,0.899719,0.000995833,0,235708,0.00604788,46.5115
0,1,G4CMPDriftHole,1,0.015233,73.8163,374081,0.494591,0.00219488,0,346083,0.0130382,68.2916
0,1,G4CMPDriftHole,1,0.00881624,56.1566,284586,0.22004,0.00183373,0,253267,0.00698251,49.9764
0,1,G4CMPDriftHole,1,0.0106958,61.8536,313457,0.246502,0.00201776,0,282346,0.00867799,55.7146
0,1,G4CMPDriftHole,1,0.00572516,45.2536,229333,0.357884,0.00139271,0,199498,0.00433245,39.3664
0,1,G4CMPDriftHole,1,0.00492116,41.9559,212621,0.806465,0.000918509,0,191755,0.00400265,37.8384
0,1,G4CMPDriftHole,1,0.00797561,53.4123,270679,0.813405,0.00119059,0,249660,0.00678502,49.2646
0,1,G4CMPDriftHole,1,0.00794887,53.3226,270225,0.684945,0.00135398,0,246137,0.00659489,48.5694
0,1,G4CMPDriftHole,1,0.0206967,86.0418,436037,0.763307,0.00209541,0,413375,0.0186013,81.57
0,1,G4CMPDriftHole,1,0.016922,77.8009,394274,1.24362,0.000775272,0,385137,0.0161467,75.9978
0,1,G4CMPDriftHole,1,0.0149405,73.104,370471,0.624012,0.00199443,0,344859,0.012946,68.0499
0,1,G4CMPDriftHole,1,0.0133481,69.0984,350172,0.328566,0.00221021,0,319870,0.0111378,63.1189
0,1,G4CMPDriftHole,1,0.00770715,52.5056,266084,0.537867,0.00148882,0,239006,0.00621833,47.1624
0,1,G4CMPDriftHole,1,0.00716167,50.6135,256495,0.547238,0.0014224,0,229615,0.00573927,45.3093
0,1,G4CMPDriftHole,1,0.0084062,54.8351,277890,0.858632,0.00115995,0,258006,0.00724624,50.9114
0,1,G4CMPDriftHole,1,0.0101365,60.2147,305152,0.267443,0.00194993,0,274235,0.00818654,54.1139
0,1,G4CMPDriftHole,1,0.0180407,80.3315,407098,0.437374,0.00247191,0,378181,0.0155688,74.6254
0,1,G4CMPDriftHole,1,0.0149781,73.1959,370937,0.953931,0.00139115,0,353291,0.0135869,69.7139
0,1,G4CMPDriftHole,1,0.0149187,73.0506,370201,0.242103,0.00240621,0,339034,0.0125124,66.9006
0,1,G4CMPDriftHole,1,0.00906596,56.9464,288589,0.762199,0.00135023,0,266232,0.00771573,52.5348
0,1,G4CMPDriftHole,1,0.0125621,67.0332,339706,1.13014,0.000902741,0,327273,0.0116594,64.5798
0,1,G4CMPDriftHole,1,0.0153365,74.0665,375349,0.359819,0.0023495,0,345404,0.012987,68.1574
0,1,G4CMPDriftHole,1,0.00941065,58.0188,294024,0.400568,0.00178483,0,264677,0.00762582,52.2279
0,1,G4CMPDriftHole,1,0.00668588,48.9033,247829,1.0477,0.000754926,0,233418,0.00593096,46.0597
0,1,G4CMPDriftHole,1,0.00526952,43.4155,220018,1.0478,0.000657421,0,205836,0.0046121,40.617
0,1,G4CMPDriftHole,1,0.00572346,45.2469,229299,1.12864,0.000574862,0,217479,0.0051486,42.9144
0,1,G4CMPDriftHole,1,0.00703404,50.1605,254200,0.199002,0.00163368,0,222733,0.00540036,43.9512
0,1,G4CMPDriftHole,1,0.0100296,59.8964,303539,0.284353,0.00192922,0,272788,0.00810037,53.8284
0,1,G4CMPDriftHole,1,0.00718542,50.6973,256920,0.0616369,0.00168449,0,224797,0.00550092,44.3585
0,1,G4CMPDriftHole,1,0.014768,72.6808,368327,1.04107,0.00119164,0,353154,0.0135763,69.6868
0,1,G4CMPDriftHole,1,0.013793,70.2407,355961,1.11825,0.000978098,0,343108,0.0128149,67.7044
0,1,G4CMPDriftHole,1,0.0143629,71.677,363240,0.648304,0.00191655,0,338137,0.0124463,66.7236
0,1,G4CMPDriftHole,1,0.0139369,70.6061,357813,0.527029,0.00205475,0,330385,0.0118822,65.1938
0,1,G4CMPDriftHole,1,0.00757671,52.0594,263823,0.726171,0.0012698,0,240703,0.00630691,47.4971
0,1,G4CMPDriftHole,1,0.00748226,51.7339,262174,0.709667,0.00128111,0,238676,0.00620115,47.0972
0,1,G4CMPDriftHole,1,0.0190463,82.5399,418290,0.813032,0.00190218,0,396853,0.0171441,78.3098
0,1,G4CMPDriftHole,1,0.0166287,77.1237,390842,0.378041,0.00243313,0,361118,0.0141956,71.2583
0,1,G4CMPDriftHole,1,0.0149239,73.0633,370265,0.731309,0.00181876,0,346971,0.0131051,68.4667
0,1,G4CMPDriftHole,1,0.0141972,71.2625,361139,0.203387,0.0023662,0,329674,0.011831,65.0535
0,1,G4CMPDriftHole,1,0.0098279,59.2911,300471,0.568226,0.00166222,0,273885,0.00816568,54.045
0,1,G4CMPDriftHole,1,0.0168994,77.7491,394011,0.432371,0.00239463,0,365030,0.0145048,72.0303
0,1,G4CMPDriftHole,1,0.0041493,38.5253,195236,1.24827,0.000320904,0,187534,0.00382839,37.0056
0,1,G4CMPDriftHole,1,0.0127824,67.6186,342673,0.396803,0.00210233,0,313228,0.0106801,61.8083
0,1,G4CMPDriftHole,1,0.0071772,50.6683,256773,0.742201,0.00121353,0,234061,0.00596367,46.1866
0,1,G4CMPDriftHole,1,0.00465239,40.7941,206733,0.537226,0.00113204,0,179831,0.00352035,35.4856
0,1,G4CMPDriftHole,1,0.00780487,52.8375,267766,0.904871,0.00104661,0,249167,0.00675826,49.1673
0,1,G4CMPDriftHole,1,0.00784515,52.9736,268456,0.759936,0.0012511,0,246121,0.00659405,48.5663
0,1,G4CMPDriftHole,1,0.00832028,54.5542,276466,0.32408,0.00172403,0,246162,0.00659624,48.5744
0,1,G4CMPDriftHole,1,0.0108947,62.4262,316359,0.830535,0.00138273,0,295603,0.00951199,58.3304
0,1,G4CMPDriftHole,1,0.00964408,58.734,297648,1.08338,0.000864237,0,283998,0.00877984,56.0405
0,1,G4CMPDriftHole,1,0.00921566,57.4146,290962,0.27644,0.00184908,0,260139,0.00736658,51.3324
0,1,G4CMPDriftHole,1,0.0097233,58.9747,298868,0.414139,0.00180484,0,269708,0.00791847,53.2206
0,1,G4CMPDriftHole,1,0.0147098,72.5375,367601,0.863703,0.00156093,0,347550,0.0131489,68.581
0,1,G4CMPDriftHole,1,0.0205831,85.8054,434839,0.29879,0.00279989,0,404183,0.0177832,79.7562
0,1,G4CMPDriftHole,1,0.017336,78.7469,399068,0.475163,0.00237435,0,370734,0.0149617,73.1558
0,1,G4CMPDriftHole,1,0.0160953,75.8766,384522,0.499206,0.00225336,0,356591,0.0138419,70.365
0,1,G4CMPDriftHole,1,0.0135012,69.4937,352176,0.608698,0.00191221,0,326284,0.011589,64.3847
0,1,G4CMPDriftHole,1,0.0291571,102.125,517541,0.973231,0.00192807,0,500137,0.027229,98.6905
0,1,G4CMPDriftHole,1,0.0279058,99.9095,506314,0.611702,0.00279241,0,480314,0.0251134,94.779
0,1,G4CMPDriftHole,1,0.0250431,94.6461,479641,0.857552,0.00208675,0,459223,0.0229563,90.6171
0,1,G4CMPDriftHole,1,0.0228858,90.4778,458517,0.609177,0.0025228,0,432507,0.020363,85.3453
0,1,G4CMPDriftHole,1,0.0187747,81.9492,415297,0.443735,0.00251606,0,386468,0.0162586,76.2606
0,1,G4CMPDriftHole,1,0.0210508,86.7747,439751,0.406717,0.00271792,0,410381,0.0183328,80.9793
0,1,G4CMPDriftHole,1,0.00268842,31.0104,157153,0.753267,0.000690655,0,135471,0.00199777,26.732
0,1,G4CMPDriftHole,1,0.0110329,62.8208,318359,1.15067,0.000797293,0,306640,0.0102356,60.5083
0,1,G4CMPDriftHole,1,0.0115182,64.1875,325285,0.724002,0.00159519,0,301921,0.00992298,59.5772
0,1,G4CMPDriftHole,1,0.010767,62.0593,314500,0.277863,0.00200693,0,283679,0.00876009,55.9775
0,1,G4CMPDriftHole,1,0.0113605,63.7466,323051,0.779207,0.00149812,0,300997,0.00986234,59.3949
0,1,G4CMPDriftHole,1,0.0186042,81.5764,413407,0.171701,0.00274211,0,381727,0.0158621,75.325
0,1,G4CMPDriftHole,1,0.0156294,74.7705,378917,0.754596,0.00182206,0,356146,0.0138074,70.2772
0,1,G4CMPDriftHole,1,0.0230612,90.8239,460271,0.171177,0.00306603,0,428583,0.0199952,84.571
0,1,G4CMPDriftHole,1,0.0160566,75.7854,384060,0.234107,0.00250559,0,352824,0.013551,69.6216
0,1,G4CMPDriftHole,1,0.0196749,83.891,425137,0.965973,0.00158151,0,407692,0.0180934,80.4487
0,1,G4CMPDriftHole,1,0.0181239,80.5165,408036,0.41783,0.00250104,0,378837,0.0156229,74.7549
0,1,G4CMPDriftHole,1,0.0310695,105.421,534244,0.928585,0.00213,0,515606,0.0289395,101.743
0,1,G4CMPDriftHole,1,0.0326994,108.151,548078,0.548209,0.00316568,0,520872,0.0295337,102.782
0,1,G4CMPDriftHole,1,0.0286908,101.305,513386,0.795814,0.00240491,0,491399,0.0262859,96.9662
0,1,G4CMPDriftHole,1,0.0302725,104.06,527347,1.03766,0.0017657,0,511737,0.0285068,100.98
0,1,G4CMPDriftHole,1,0.0274238,99.0428,501922,0.721066,0.00252951,0,478214,0.0248943,94.3646
0,1,G4CMPDriftHole,1,0.0269468,98.1776,497538,0.866754,0.00214446,0,477330,0.0248023,94.1901
0,1,G4CMPDriftHole,1,0.0245561,93.7215,474955,1.0707,0.00148344,0,460386,0.0230727,90.8465
0,1,G4CMPDriftHole,1,0.0229478,90.6003,459138,0.515818,0.00268653,0,431426,0.0202613,85.1319
0,1,G4CMPDriftHole,1,0.0211985,87.0787,441291,0.538216,0.00254288,0,413979,0.0186557,81.6891
0,1,G4CMPDriftHole,1,0.019125,82.7102,419153,0.70569,0.00212333,0,395201,0.0170016,77.9838
0,1,G4CMPDriftHole,1,0.0232112,91.1189,461766,0.152612,0.00308604,0,429975,0.0201252,84.8456
0,1,G4CMPDriftHole,1,0.0155522,74.5856,377980,0.909832,0.00151348,0,359117,0.0140387,70.8635
0,1,G4CMPDriftHole,1,0.0141683,71.1898,360771,0.2715,0.00232317,0,329869,0.0118451,65.0921
0,1,G4CMPDriftHole,1,0.00713378,50.5148,255996,0.444203,0.0015073,0,227348,0.00562648,44.8619
0,1,G4CMPDriftHole,1,0.00729735,51.0907,258914,0.416711,0.00154659,0,229845,0.00575076,45.3546
0,1,G4CMPDriftHole,1,0.0094695,58.1999,294942,0.601173,0.00159196,0,269010,0.00787754,53.0829
0,1,G4CMPDriftHole,1,0.0055789,44.6718,226385,0.666806,0.00113402,0,202070,0.00444488,39.8739
0,1,G4CMPDriftHole,1,0.00863364,55.572,281624,0.744639,0.00133864,0,258872,0.00729501,51.0825
0,1,G4CMPDriftHole,1,0.00447969,40.0298,202860,1.00109,0.000654094,0,187466,0.0038256,36.9921
0,1,G4CMPDriftHole,1,0.00987784,59.4415,301234,0.964201,0.00109079,0,284115,0.00878705,56.0636
0,1,G4CMPDriftHole,1,0.00988401,59.4601,301328,0.117284,0.00198465,0,269382,0.00789936,53.1563
0,1,G4CMPDriftHole,1,0.00739745,51.4399,260683,0.393315,0.00157478,0,231278,0.00582267,45.6373
0,1,G4CMPDriftHole,1,0.00985062,59.3596,300818,0.35373,0.00186505,0,270848,0.00798557,53.4456
0,1,G4CMPDriftHole,1,0.00603758,46.4719,235507,0.598864,0.00125058,0,209703,0.004787,41.38
0,1,G4CMPDriftHole,1,0.00487941,41.7775,211717,0.74099,0.000982007,0,189217,0.0038974,37.3376
0,1,G4CMPDriftHole,1,0.00380506,36.8927,186962,0.606857,0.000963602,0,161564,0.00284146,31.8808
0,1,G4CMPDriftHole,1,0.00396667,37.6679,190891,0.55979,0.0010209,0,164502,0.00294576,32.4607
0,1,G4CMPDriftHole,1,0.00415744,38.5631,195427,0.57796,0.00103444,0,169379,0.003123,33.423
0,1,G4CMPDriftHole,1,0.00926308,57.5621,291709,1.1841,0.000658253,0,281154,0.00860483,55.4792
0,1,G4CMPDriftHole,1,0.0200253,84.6348,428906,0.6249,0.00232525,0,403237,0.0177001,79.5695
0,1,G4CMPDriftHole,1,0.00850889,55.1691,279582,0.170843,0.00181822,0,247918,0.00669068,48.9209
0,1,G4CMPDriftHole,1,0.00900466,56.7535,287611,0.654377,0.00148661,0,262800,0.00751805,51.8575
0,1,G4CMPDriftHole,1,0.00759278,52.1146,264103,0.653842,0.00135647,0,239351,0.0062363,47.2305
0,1,G4CMPDriftHole,1,0.01714,78.3005,396806,1.10859,0.00112737,0,383534,0.0160126,75.6816
0,1,G4CMPDriftHole,1,0.0191083,82.6741,418970,1.05618,0.00133254,0,404098,0.0177757,79.7394
0,1,G4CMPDriftHole,1,0.017956,80.1426,406141,0.581895,0.0022653,0,379659,0.0156907,74.9169
0,1,G4CMPDriftHole,1,0.00310586,33.3311,168913,0.919327,0.000605043,0,151570,0.00250082,29.9089
0,1,G4CMPDriftHole,1,0.0149074,73.0231,370061,0.103951,0.00246691,0,338058,0.0124405,66.708
0,1,G4CMPDriftHole,1,0.00599815,46.3199,234737,0.739288,0.00110294,0,212060,0.00489522,41.8451
0,1,G4CMPDriftHole,1,0.00666909,48.8419,247517,0.57219,0.00134568,0,221140,0.00532341,43.6369
0,1,G4CMPDriftHole,1,0.0108796,62.3829,316140,0.945062,0.00118496,0,298427,0.00969465,58.8878
0,1,G4CMPDriftHole,1,0.0125224,66.9273,339170,1.06178,0.00104564,0,324700,0.0114768,64.0722
0,1,G4CMPDriftHole,1,0.0238204,92.3068,467786,0.471042,0.00280879,0,439341,0.0210116,86.6939
0,1,G4CMPDriftHole,1,0.018434,81.2023,411511,0.671323,0.00214555,0,386823,0.0162884,76.3306
0,1,G4CMPDriftHole,1,0.026281,96.9572,491353,0.48358,0.00293615,0,463093,0.0233449,91.3807
0,1,G4CMPDriftHole,1,0.0149103,73.0302,370098,0.662484,0.00193245,0,345282,0.0129779,68.1335
0,1,G4CMPDriftHole,1,0.020248,85.1039,431284,1.09382,0.00127495,0,417485,0.018973,82.381
0,1,G4CMPDriftHole,1,0.0191958,82.8632,419929,0.488942,0.00248556,0,391799,0.0167102,77.3125
0,1,G4CMPDriftHole,1,0.015787,75.1465,380822,0.4343,0.00230854,0,351879,0.0134785,69.4351
0,1,G4CMPDriftHole,1,0.0157403,75.0352,380258,0.972518,0.00138827,0,363102,0.014352,71.6498
0,1,G4CMPDriftHole,1,0.0130386,68.2926,346089,0.342154,0.00217228,0,315946,0.0108663,62.3447
0,1,G4CMPDriftHole,1,0.0159695,75.5795,383017,1.12728,0.00103916,0,370345,0.0149303,73.0791
0,1,G4CMPDriftHole,1,0.0147593,72.6595,368219,0.222014,0.00240465,0,336890,0.0123547,66.4775
0,1,G4CMPDriftHole,1,0.0160494,75.7685,383974,0.630244,0.00206139,0,358468,0.013988,70.7355
0,1,G4CMPDriftHole,1,0.0154931,74.4438,377261,0.341686,0.00237851,0,347097,0.0131146,68.4915
0,1,G4CMPDriftHole,1,0.0114497,63.9965,324317,0.633223,0.00171959,0,298973,0.00973013,58.9954
0,1,G4CMPDriftHole,1,0.0140279,70.8363,358979,0.954782,0.00134092,0,341391,0.012687,67.3657
0,1,G4CMPDriftHole,1,0.0141708,71.1962,360803,0.789279,0.00166838,0,338899,0.0125024,66.8739
0,1,G4CMPDriftHole,1,0.0198043,84.1665,426533,0.69944,0.00217478,0,402433,0.0176296,79.4109
0,1,G4CMPDriftHole,1,0.0175029,79.125,400984,0.754726,0.00193449,0,378177,0.0155684,74.6244
0,1,G4CMPDriftHole,1,0.0155943,74.6864,378491,0.268983,0.0024446,0,347560,0.0131497,68.583
0,1,G4CMPDriftHole,1,0.0144104,71.7954,363840,1.27025,0.000642113,0,355641,0.0137682,70.1776
0,1,G4CMPDriftHole,1,0.0135477,69.6132,352781,0.408801,0.00215604,0,323493,0.0113916,63.834
0,1,G4CMPDriftHole,1,0.0106313,61.6669,312511,0.207384,0.00203061,0,281086,0.00860067,55.4658
0,1,G4CMPDriftHole,1,0.0125457,66.9895,339485,0.184789,0.00222609,0,307896,0.0103196,60.7563
0,1,G4CMPDriftHole,1,0.00911446,57.0985,289360,0.22507,0.00186412,0,258078,0.00725033,50.9258
0,1,G4CMPDriftHole,1,0.0114931,64.1175,324930,0.881389,0.00133579,0,305465,0.0101573,60.2764
0,1,G4CMPDriftHole,1,0.0138846,70.4735,357141,0.815184,0.00160369,0,335883,0.0122809,66.2788
0,1,G4CMPDriftHole,1,0.00863976,55.5917,281724,0.899239,0.00111577,0,262904,0.00752399,51.878
0,1,G4CMPDriftHole,1,0.0131968,68.7058,348182,0.72662,0.00171118,0,324825,0.0114856,64.0968
0,1,G4CMPDriftHole,1,0.01132,63.633,322475,1.10833,0.000895583,0,309456,0.0104244,61.064
0,1,G4CMPDriftHole,1,0.00761746,52.1992,264532,0.508175,0.00150697,0,236925,0.00611049,46.7517
0,1,G4CMPDriftHole,1,0.00598033,46.251,234388,0.827968,0.00099833,0,213931,0.004982,42.2144
0,1,G4CMPDriftHole,1,0.00640548,47.8669,242576,0.219915,0.00154643,0,211275,0.00485905,41.6903
0,1,G4CMPDriftHole,1,0.00302189,32.8775,166614,0.732315,0.000755578,0,144289,0.00226631,28.4721
0,1,G4CMPDriftHole,1,0.00216302,27.8157,140962,0.653247,0.000671759,0,117044,0.00149126,23.0959
0,1,G4CMPDriftHole,1,0.00394404,37.5603,190346,0.522859,0.00104305,0,163247,0.00290099,32.2131
0,1,G4CMPDriftHole,1,0.0134075,69.252,350951,0.635204,0.00186718,0,325597,0.0115403,64.2491
0,1,G4CMPDriftHole,1,0.0105092,61.3119,310712,0.834266,0.00135002,0,290069,0.00915922,57.2385
0,1,G4CMPDriftHole,1,0.0206181,85.8783,435208,0.496957,0.00256854,0,407198,0.0180496,80.3512
0,1,G4CMPDriftHole,1,0.0168509,77.6373,393445,1.05615,0.00124456,0,378637,0.0156063,74.7153
0,1,G4CMPDriftHole,1,0.0198603,84.2853,427135,1.34144,0.000567804,0,420985,0.0192925,83.0717
0,1,G4CMPDriftHole,1,0.0199065,84.3832,427631,0.88635,0.00178216,0,408040,0.0181243,80.5174
0,1,G4CMPDriftHole,1,0.0195236,83.5677,423499,0.759964,0.00203876,0,400777,0.0174848,79.0842
0,1,G4CMPDriftHole,1,0.0174822,79.0783,400747,0.385794,0.00248954,0,371118,0.0149927,73.2316
0,1,G4CMPDriftHole,1,0.0150817,73.4488,372219,0.416838,0.00227264,0,343030,0.0128091,67.689
0,1,G4CMPDriftHole,1,0.00666725,48.8351,247483,0.863526,0.00101425,0,227883,0.005653,44.9675
0,1,G4CMPDriftHole,1,0.0143677,71.689,363300,0.888233,0.00149337,0,343902,0.0128743,67.8611
0,1,G4CMPDriftHole,1,0.0147164,72.5537,367683,0.904864,0.00147927,0,348714,0.0132371,68.8107
0,1,G4CMPDriftHole,1,0.0136968,69.9952,354717,0.585321,0.0019595,0,328365,0.0117373,64.7952
0,1,G4CMPDriftHole,1,0.0103775,60.9265,308759,0.68332,0.00156537,0,284521,0.00881217,56.1436
0,1,G4CMPDriftHole,1,0.00798524,53.4445,270842,0.956142,0.00098189,0,253644,0.00700334,50.0509
0,1,G4CMPDriftHole,1,0.016515,76.8596,389504,0.488932,0.00229732,0,361399,0.0142177,71.3137
0,1,G4CMPDriftHole,1,0.0118612,65.1364,330094,0.505969,0.0019109,0,302337,0.00995032,59.6592
0,1,G4CMPDriftHole,1,0.0076345,52.2576,264827,1.35945,0.000276562,0,259986,0.00735793,51.3023
0,1,G4CMPDriftHole,1,0.00789513,53.1421,269310,0.971369,0.00095209,0,252550,0.00694304,49.8349
0,1,G4CMPDriftHole,1,0.00592368,46.0315,233275,0.323532,0.00143736,0,203010,0.00448632,40.0594
0,1,G4CMPDriftHole,1,0.00516365,42.9771,217797,0.560653,0.00118,0,191299,0.00398365,37.7485
0,1,G4CMPDriftHole,1,0.0174857,79.0862,400788,0.566257,0.00225781,0,374018,0.0152279,73.8039
0,1,G4CMPDriftHole,1,0.0152525,73.8635,374320,0.247818,0.00243061,0,343201,0.0128219,67.7229
0,1,G4CMPDriftHole,1,0.0127311,67.4827,341984,0.541726,0.00194092,0,314838,0.0107902,62.1261
0,1,G4CMPDriftHole,1,0.0109314,62.5311,316891,0.0948872,0.00209825,0,284859,0.00883312,56.2103
0,1,G4CMPDriftHole,1,0.00845118,54.9816,278632,0.472151,0.00162642,0,250389,0.00682475,49.4086
0,1,G4CMPDriftHole,1,0.0152589,73.879,374399,0.319029,0.0023789,0,343978,0.01288,67.8762
0,1,G4CMPDriftHole,1,0.012121,65.8458,333689,0.503638,0.00193558,0,305888,0.0101854,60.3599
0,1,G4CMPDriftHole,1,0.0106863,61.8263,313319,0.232788,0.00202397,0,282092,0.00866234,55.6643
0,1,G4CMPDriftHole,1,0.0109122,62.4764,316614,0.762395,0.00149201,0,294173,0.00942024,58.0484
0,1,G4CMPDriftHole,1,0.025168,94.8818,480836,1.02849,0.00162654,0,465039,0.0235414,91.7646
0,1,G4CMPDriftHole,1,0.031146,105.55,534902,0.253518,0.00351642,0,503802,0.0276296,99.4137
0,1,G4CMPDriftHole,1,0.0262901,96.974,491438,0.9957,0.00176067,0,474697,0.0245294,93.6705
0,1,G4CMPDriftHole,1,0.0262952,96.9833,491485,0.867952,0.00211385,0,471316,0.0241813,93.0034
0,1,G4CMPDriftHole,1,0.0258265,96.1152,487086,1.1121,0.00139881,0,473712,0.0244277,93.4761
0,1,G4CMPDriftHole,1,0.0261165,96.6533,489813,0.15309,0.00328008,0,458022,0.0228364,90.3801
0,1,G4CMPDriftHole,1,0.0169392,77.8404,394474,0.434146,0.00239552,0,365518,0.0145436,72.1266
0,1,G4CMPDriftHole,1,0.0155368,74.5487,377793,0.951942,0.00142324,0,360073,0.0141136,71.0522
0,1,G4CMPDriftHole,1,0.0272179,98.6702,500034,0.746458,0.00245997,0,476902,0.0247579,94.1057
0,1,G4CMPDriftHole,1,0.0247184,94.0305,476521,0.529764,0.00276926,0,449036,0.0219491,88.6069
0,1,G4CMPDriftHole,1,0.0228444,90.396,458103,1.07702,0.00140895,0,443751,0.0214355,87.564
0,1,G4CMPDriftHole,1,0.0141235,71.0771,360200,0.335754,0.00227082,0,329974,0.0118526,65.1129
0,1,G4CMPDriftHole,1,0.0117942,64.9522,329160,0.415331,0.0019981,0,299985,0.00979613,59.1952
0,1,G4CMPDriftHole,1,0.0125497,67.0001,339538,0.700738,0.00170622,0,315614,0.0108435,62.2792
0,1,G4CMPDriftHole,1,0.0108507,62.3,315720,0.203283,0.00205447,0,284264,0.00879625,56.0929
0,1,G4CMPDriftHole,1,0.00721522,50.8023,257453,0.597756,0.00137875,0,231552,0.00583647,45.6914
0,1,G4CMPDriftHole,1,0.00885659,56.2849,285237,0.454848,0.00168312,0,256707,0.00717347,50.6552
0,1,G4CMPDriftHole,1,0.00959405,58.5814,296875,0.349429,0.00184221,0,266855,0.00775184,52.6577
0,1,G4CMPDriftHole,1,0.00641061,47.886,242673,1.13519,0.000604888,0,230941,0.00580572,45.5708
0,1,G4CMPDriftHole,1,0.0110887,62.9795,319163,0.587168,0.0017495,0,292905,0.00933919,57.7981
0,1,G4CMPDriftHole,1,0.00874889,55.9417,283497,0.338441,0.00176147,0,253356,0.00698742,49.9939
0,1,G4CMPDriftHole,1,0.0143102,71.5454,362573,0.596891,0.00198901,0,336433,0.0123212,66.3873
0,1,G4CMPDriftHole,1,0.00814345,53.9714,273512,0.818464,0.00119717,0,252609,0.00694629,49.8466
0,1,G4CMPDriftHole,1,0.0131806,68.6635,347968,0.677357,0.00178763,0,323512,0.0113929,63.8376
0,1,G4CMPDriftHole,1,0.00703626,50.1684,254240,1.05677,0.000763333,0,240053,0.00627293,47.369
0,1,G4CMPDriftHole,1,0.0110337,62.8231,318371,0.415474,0.00192877,0,289208,0.00910491,57.0686
0,1,G4CMPDriftHole,1,0.0112408,63.4099,321344,1.1192,0.000870087,0,308657,0.0103707,60.9063
0,1,G4CMPDriftHole,1,0.0103706,60.9063,308656,0.792993,0.00140524,0,286984,0.00896541,56.6297
0,1,G4CMPDriftHole,1,0.0116191,64.4682,326707,0.579481,0.00180322,0,300288,0.0098159,59.2549
0,1,G4CMPDriftHole,1,0.0119546,65.3922,331390,0.186443,0.00216961,0,299814,0.00978495,59.1614
0,1,G4CMPDriftHole,1,0.0139045,70.5241,357397,0.324064,0.00226176,0,327040,0.0116428,64.5338
0,1,G4CMPDriftHole,1,0.00821422,54.2053,274698,0.552108,0.00152645,0,247864,0.00668777,48.9102
0,1,G4CMPDriftHole,1,0.0171809,78.3939,397279,1.17243,0.000967314,0,385934,0.0162136,76.1551
0,1,G4CMPDriftHole,1,0.0202087,85.0214,430866,0.504382,0.00253102,0,402982,0.0176777,79.5191
0,1,G4CMPDriftHole,1,0.0139922,70.7461,358522,0.679668,0.00184163,0,334096,0.0121506,65.9262
0,1,G4CMPDriftHole,1,0.0106959,61.8539,313459,0.598976,0.00170172,0,287443,0.00899414,56.7203
0,1,G4CMPDriftHole,1,0.0165305,76.8958,389687,0.610151,0.00212563,0,363771,0.0144049,71.7818
0,1,G4CMPDriftHole,1,0.0143432,71.628,362991,0.79948,0.00166067,0,341331,0.0126826,67.3539
0,1,G4CMPDriftHole,1,0.0128488,67.7937,343560,0.834078,0.00150501,0,322813,0.0113437,63.6997
0,1,G4CMPDriftHole,1,0.0168122,77.5481,392993,0.355952,0.00246897,0,362991,0.0143432,71.6279
0,1,G4CMPDriftHole,1,0.0131719,68.6408,347853,0.817133,0.00155559,0,326667,0.0116163,64.4603
0,1,G4CMPDriftHole,1,0.00469878,40.997,207762,0.888559,0.000805349,0,189121,0.00389343,37.3186
0,1,G4CMPDriftHole,1,0.00877521,56.0258,283923,0.474312,0.00165749,0,255707,0.00711772,50.4579
0,1,G4CMPDriftHole,1,0.0010208,19.1086,96837.4,0.288049,0.000537941,0,66601.4,0.00048286,13.1422
0,1,G4CMPDriftHole,1,0.00255574,30.2355,153225,0.234531,0.000931722,0,122143,0.00162401,24.102
0,1,G4CMPDriftHole,1,0.0110737,62.937,318948,0.301992,0.00202149,0,288370,0.00905223,56.9032
0,1,G4CMPDriftHole,1,0.00277421,31.5013,159640,0.519651,0.00085838,0,132663,0.00191583,26.178
0,1,G4CMPDriftHole,1,0.00584293,45.7167,231680,0.969714,0.000805509,0,215118,0.00503742,42.4486
0,1,G4CMPDriftHole,1,0.00843273,54.9216,278328,0.810658,0.00123131,0,257206,0.00720142,50.7538
0,1,G4CMPDriftHole,1,0.0120622,65.686,332879,1.05244,0.00104313,0,318160,0.0110191,62.7816
0,1,G4CMPDriftHole,1,0.011971,65.4372,331618,0.573452,0.00183966,0,305075,0.0101314,60.1995
0,1,G4CMPDriftHole,1,0.0108978,62.435,316404,0.845979,0.00135748,0,296042,0.0095403,58.4171
0,1,G4CMPDriftHole,1,0.0147957,72.749,368673,0.166857,0.00243529,0,336969,0.0123604,66.493
0,1,G4CMPDriftHole,1,0.00745525,51.6404,261700,0.519027,0.00147985,0,234291,0.0059754,46.232
0,1,G4CMPDriftHole,1,0.00632151,47.5521,240981,1.05791,0.000715963,0,226925,0.00560555,44.7783
0,1,G4CMPDriftHole,1,0.00470471,41.0228,207893,0.52689,0.00114666,0,180792,0.00355805,35.6751
0,1,G4CMPDriftHole,1,0.00450184,40.1286,203361,0.293207,0.00125169,0,172792,0.00325015,34.0966
0,1,G4CMPDriftHole,1,0.00892191,56.4921,286287,0.293848,0.00180773,0,255644,0.00711418,50.4454
0,1,G4CMPDriftHole,1,0.00348074,35.2854,178817,1.0456,0.000515566,0,165043,0.00296518,32.5675
0,1,G4CMPDriftHole,1,0.00383738,37.049,187754,0.235023,0.00116696,0,156625,0.00267042,30.9064
0,1,G4CMPDriftHole,1,0.00246721,29.7072,150548,0.823024,0.000604709,0,130804,0.0018625,25.8111
0,1,G4CMPDriftHole,1,0.0252136,94.9679,481272,0.891657,0.00200596,0,461730,0.0232077,91.1119
0,1,G4CMPDriftHole,1,0.0235402,91.7623,465027,0.66113,0.00245977,0,440061,0.0210805,86.8358
0,1,G4CMPDriftHole,1,0.0165851,77.0225,390329,0.630066,0.00209766,0,364811,0.0144874,71.987
0,1,G4CMPDriftHole,1,0.0153424,74.0809,375422,0.833245,0.00165667,0,354574,0.0136858,69.967
0,1,G4CMPDriftHole,1,0.0257221,95.9207,486100,0.356213,0.00308034,0,456066,0.0226418,89.9941
0,1,G4CMPDriftHole,1,0.0170936,78.1943,396268,0.655855,0.00208835,0,371273,0.0150052,73.2622
0,1,G4CMPDriftHole,1,0.0182279,80.7472,409205,0.889514,0.00169347,0,389733,0.0165344,76.9049
0,1,G4CMPDriftHole,1,0.0166576,77.1907,391182,0.196172,0.00257635,0,359661,0.0140812,70.9708
0,1,G4CMPDriftHole,1,0.0228406,90.3883,458064,0.879597,0.00193377,0,438244,0.0209068,86.4774
0,1,G4CMPDriftHole,1,0.0214177,87.5277,443567,0.819197,0.00200998,0,422241,0.0194077,83.3195
0,1,G4CMPDriftHole,1,0.0241352,92.9147,470867,0.460152,0.00284417,0,442253,0.021291,87.2685
0,1,G4CMPDriftHole,1,0.0183745,81.0712,410847,1.30703,0.000637947,0,403652,0.0177365,79.6514
0,1,G4CMPDriftHole,1,0.0168857,77.7175,393851,0.63623,0.00210754,0,368454,0.0147782,72.7058
0,1,G4CMPDriftHole,1,0.0151028,73.4999,372478,0.838494,0.00163263,0,351770,0.0134701,69.4136
0,1,G4CMPDriftHole,1,0.0117462,64.8198,328489,0.420378,0.00198908,0,299387,0.00975712,59.0772
0,1,G4CMPDriftHole,1,0.00975063,59.0575,299288,0.479949,0.00174786,0,271139,0.00800277,53.5031
0,1,G4CMPDriftHole,1,0.00922534,57.4447,291114,0.225543,0.0018759,0,259836,0.00734944,51.2727
0,1,G4CMPDriftHole,1,0.00755459,51.9834,263438,0.847916,0.00110867,0,243341,0.00644592,48.0177
0,1,G4CMPDriftHole,1,0.0137726,70.1887,355698,0.877277,0.00148086,0,336031,0.0122918,66.308
0,1,G4CMPDriftHole,1,0.0139196,70.5623,357591,1.13805,0.000938237,0,345329,0.0129814,68.1428
0,1,G4CMPDriftHole,1,0.0137773,70.2005,355757,0.322994,0.00225171,0,325389,0.0115255,64.2081
0,1,G4CMPDriftHole,1,0.00682713,49.4172,250433,0.69084,0.00123998,0,226552,0.00558715,44.7048
0,1,G4CMPDriftHole,1,0.00548638,44.2998,224500,0.630619,0.00115804,0,199404,0.00432835,39.3478
0,1,G4CMPDriftHole,1,0.00498323,42.2196,213958,0.828851,0.000900502,0,193663,0.00408272,38.215
0,1,G4CMPDriftHole,1,0.00265783,30.8335,156256,0.651141,0.000758282,0,132099,0.00189955,26.0666
0,1,G4CMPDriftHole,1,0.00570378,45.169,228904,0.183427,0.00146464,0,197338,0.00423914,38.9402
0,1,G4CMPDriftHole,1,0.00947086,58.2041,294963,0.467211,0.00173298,0,266614,0.00773788,52.6102
0,1,G4CMPDriftHole,1,0.00691552,49.7361,252049,0.452644,0.00147586,0,223541,0.00543965,44.1108
0,1,G4CMPDriftHole,1,0.00971239,58.9416,298700,0.449121,0.00177312,0,270062,0.00793927,53.2904
0,1,G4CMPDriftHole,1,0.00752045,51.8658,262842,1.01898,0.000852942,0,247488,0.00666751,48.8361
0,1,G4CMPDriftHole,1,0.00668624,48.9046,247836,0.423613,0.0014707,0,218888,0.00521554,43.1925
0,1,G4CMPDriftHole,1,0.00667592,48.8669,247644,0.428906,0.00146568,0,218777,0.00521024,43.1706
0,1,G4CMPDriftHole,1,0.00639626,47.8324,242402,0.623199,0.00126677,0,217075,0.00512949,42.8347
0,1,G4CMPDriftHole,1,0.0218604,88.4277,448128,0.14109,0.00299686,0,416279,0.0188636,82.1431
0,1,G4CMPDriftHole,1,0.0134653,69.4012,351706,0.612969,0.00190348,0,325901,0.0115618,64.309
0,1,G4CMPDriftHole,1,0.0118386,65.0742,329778,0.487773,0.00192901,0,301717,0.00990956,59.5369
0,1,G4CMPDriftHole,1,0.0160288,75.7198,383727,0.588088,0.00212486,0,357389,0.0139039,70.5225
0,1,G4CMPDriftHole,1,0.0160164,75.6904,383579,0.570988,0.00214917,0,356917,0.0138672,70.4293
0,1,G4CMPDriftHole,1,0.013336,69.0672,350014,0.0790794,0.00233273,0,317932,0.0110033,62.7365
0,1,G4CMPDriftHole,1,0.011291,63.5513,322061,1.22516,0.000651934,0,312625,0.010639,61.6894
0,1,G4CMPDriftHole,1,0.0125866,67.0987,340038,0.402052,0.00208043,0,310667,0.0105062,61.303
0,1,G4CMPDriftHole,1,0.0116439,64.5368,327055,1.01541,0.00109585,0,311285,0.010548,61.4249
0,1,G4CMPDriftHole,1,0.0137767,70.1991,355750,0.896445,0.00144405,0,336589,0.0123326,66.4182
0,1,G4CMPDriftHole,1,0.0124242,66.6642,337836,0.7443,0.00162889,0,314912,0.0107953,62.1407
0,1,G4CMPDriftHole,1,0.0187228,81.8359,414722,0.389368,0.00257636,0,385133,0.0161464,75.9971
0,1,G4CMPDriftHole,1,0.0150295,73.3214,371573,0.335814,0.00234603,0,341343,0.0126834,67.3562
0,1,G4CMPDriftHole,1,0.0132622,68.8757,349044,0.659249,0.00182096,0,324197,0.0114412,63.9727
0,1,G4CMPDriftHole,1,0.0114242,63.9251,323955,0.456244,0.0019255,0,295395,0.00949866,58.2895
0,1,G4CMPDriftHole,1,0.0171791,78.3897,397258,0.610269,0.00216893,0,371334,0.0150101,73.2743
0,1,G4CMPDriftHole,1,0.0092888,57.642,292114,1.06294,0.000882847,0,277886,0.00840596,54.8343
0,1,G4CMPDriftHole,1,0.011177,63.2298,320431,0.774469,0.00149252,0,298271,0.00968448,58.8569
0,1,G4CMPDriftHole,1,0.0112452,63.4225,321408,0.869089,0.00134136,0,301630,0.00990388,59.5198
0,1,G4CMPDriftHole,1,0.0219079,88.5236,448614,0.953426,0.00170739,0,430778,0.0202005,85.0041
0,1,G4CMPDriftHole,1,0.0275962,99.3536,503497,0.662543,0.00266953,0,478525,0.0249267,94.4259
0,1,G4CMPDriftHole,1,0.0281832,100.405,508824,0.634901,0.00275852,0,483281,0.0254246,95.3644
0,1,G4CMPDriftHole,1,0.022131,88.9732,450892,0.526361,0.00261967,0,423366,0.0195113,83.5414
0,1,G4CMPDriftHole,1,0.0160584,75.7898,384082,0.731215,0.00189101,0,360760,0.0141674,71.1876
0,1,G4CMPDriftHole,1,0.0228983,90.5025,458642,0.252118,0.00300014,0,427542,0.0198982,84.3656
0,1,G4CMPDriftHole,1,0.0115033,64.1462,325076,1.35424,0.000376733,0,319708,0.0111266,63.0871
0,1,G4CMPDriftHole,1,0.0121443,65.909,334009,0.562246,0.00186784,0,307251,0.0102764,60.629
0,1,G4CMPDriftHole,1,0.0115687,64.3282,325998,0.253371,0.00209912,0,294943,0.00946958,58.2002
0,1,G4CMPDriftHole,1,0.0171798,78.3914,397266,0.506087,0.00232255,0,369438,0.0148573,72.9001
0,1,G4CMPDriftHole,1,0.00600622,46.351,234895,0.878985,0.000937445,0,215786,0.00506877,42.5805
0,1,G4CMPDriftHole,1,0.00799779,53.4865,271055,0.692771,0.00134904,0,247140,0.00664875,48.7673
0,1,G4CMPDriftHole,1,0.00911503,57.1002,289369,0.437883,0.00172399,0,260571,0.00739104,51.4176
0,1,G4CMPDriftHole,1,0.00788766,53.1169,269182,0.455835,0.00158121,0,240694,0.00630644,47.4954
0,1,G4CMPDriftHole,1,0.00651452,48.2725,244632,0.381657,0.00147842,0,215090,0.0050361,42.443
0,1,G4CMPDriftHole,1,0.00579678,45.5358,230763,0.655739,0.00116913,0,206183,0.00462766,40.6855
0,1,G4CMPDriftHole,1,0.00522975,43.2513,219186,0.876165,0.000870541,0,200113,0.00435921,39.4878
0,1,G4CMPDriftHole,1,0.00358763,35.8231,181542,0.504473,0.00100109,0,154146,0.00258655,30.4172
0,1,G4CMPDriftHole,1,0.0197312,84.011,425745,0.960258,0.00159794,0,408142,0.0181333,80.5373
0,1,G4CMPDriftHole,1,0.0186384,81.6514,413787,0.439522,0.00251173,0,384897,0.0161267,75.9506
0,1,G4CMPDriftHole,1,0.0162132,76.1541,385928,1.30381,0.000600822,0,378710,0.0156124,74.7297
0,1,G4CMPDriftHole,1,0.0160642,75.8034,384151,0.474395,0.00228233,0,355817,0.0137819,70.2123
0,1,G4CMPDriftHole,1,0.0175978,79.3393,402070,1.11436,0.00112925,0,388956,0.0164686,76.7515
0,1,G4CMPDriftHole,1,0.0188144,82.036,415736,0.495366,0.00245078,0,387715,0.0163636,76.5066
0,1,G4CMPDriftHole,1,0.0233683,91.4265,463325,0.514183,0.00271468,0,435582,0.0206536,85.9521
0,1,G4CMPDriftHole,1,0.0180413,80.3327,407104,1.06151,0.00127835,0,392416,0.0167629,77.4343
0,1,G4CMPDriftHole,1,0.0358726,113.277,574056,0.729776,0.00288599,0,550480,0.0329866,108.625
0,1,G4CMPDriftHole,1,0.0301206,103.798,526023,0.811352,0.00242564,0,504398,0.027695,99.5312
0,1,G4CMPDriftHole,1,0.0279012,99.9011,506272,0.468254,0.00305364,0,477765,0.0248475,94.2759
0,1,G4CMPDriftHole,1,0.0231838,91.0649,461492,0.0727593,0.00311318,0,429390,0.0200706,84.7303
0,1,G4CMPDriftHole,1,0.0208165,86.2905,437297,0.620413,0.00238096,0,411529,0.0184355,81.2058
0,1,G4CMPDriftHole,1,0.0180895,80.44,407648,0.995538,0.00144163,0,391067,0.0166478,77.1681
0,1,G4CMPDriftHole,1,0.0160362,75.7372,383816,0.618789,0.00207851,0,358079,0.0139577,70.6587
0,1,G4CMPDriftHole,1,0.02047,85.5694,433643,0.698905,0.00221396,0,409521,0.0182561,80.8096
0,1,G4CMPDriftHole,1,0.0177318,79.6409,403598,0.846718,0.0017611,0,383032,0.0159707,75.5826
0,1,G4CMPDriftHole,1,0.010606,61.5936,312140,0.815671,0.00138663,0,291021,0.0092194,57.4262
0,1,G4CMPDriftHole,1,0.0095983,58.5944,296941,0.359042,0.0018357,0,267040,0.0077626,52.6942
0,1,G4CMPDriftHole,1,0.00770663,52.5039,266075,1.06958,0.000783244,0,252192,0.00692339,49.7644
0,1,G4CMPDriftHole,1,0.0191477,82.7593,419402,0.5256,0.00242996,0,391887,0.0167177,77.3299
0,1,G4CMPDriftHole,1,0.0160213,75.7021,383638,0.677239,0.00198264,0,359117,0.0140387,70.8634
0,1,G4CMPDriftHole,1,0.0145825,72.223,366007,0.0592188,0.00244799,0,333875,0.0121346,65.8826
0,1,G4CMPDriftHole,1,0.0104224,61.0581,309426,0.169524,0.00202483,0,277747,0.00839758,54.807
0,1,G4CMPDriftHole,1,0.0137716,70.1861,355684,1.01008,0.00121293,0,339660,0.0125587,67.024
0,1,G4CMPDriftHole,1,0.0122253,66.1286,335122,0.547916,0.00189218,0,308098,0.0103331,60.796
0,1,G4CMPDriftHole,1,0.00832538,54.5709,276551,0.440838,0.00164018,0,247816,0.00668519,48.9008
0,1,G4CMPDriftHole,1,0.00707853,50.3188,255002,0.522804,0.00143573,0,227677,0.0056428,44.9269
0,1,G4CMPDriftHole,1,0.0118531,65.114,329980,0.846411,0.00141982,0,309587,0.0104332,61.0898
0,1,G4CMPDriftHole,1,0.0114076,63.8786,323719,0.258628,0.00208064,0,292713,0.00932691,57.7601
0,1,G4CMPDriftHole,1,0.00512091,42.7989,216893,0.264731,0.00135441,0,186012,0.0037665,36.7053
0,1,G4CMPDriftHole,1,0.00616163,46.9469,237914,0.868215,0.000964715,0,218497,0.00519692,43.1154
0,1,G4CMPDriftHole,1,0.0128682,67.845,343820,0.790901,0.00158177,0,321996,0.0112864,63.5386
0,1,G4CMPDriftHole,1,0.0117449,64.8161,328470,0.931579,0.00126061,0,310342,0.0104842,61.2389
0,1,G4CMPDriftHole,1,0.0247323,94.0571,476656,0.591279,0.00266084,0,450286,0.0220715,88.8535
0,1,G4CMPDriftHole,1,0.0212699,87.2251,442033,0.861769,0.00190439,0,421781,0.0193655,83.2287
0,1,G4CMPDriftHole,1,0.0160497,75.7691,383977,0.591791,0.00212078,0,357710,0.0139289,70.5858
0,1,G4CMPDriftHole,1,0.0228981,90.502,458640,0.250559,0.00300137,0,427526,0.0198967,84.3625
0,1,G4CMPDriftHole,1,0.0186453,81.6665,413864,0.458907,0.0024878,0,385265,0.0161575,76.0233
0,1,G4CMPDriftHole,1,0.0170757,78.1535,396061,0.757535,0.001904,0,373328,0.0151717,73.6676
0,1,G4CMPDriftHole,1,0.0060529,46.5308,235806,0.629168,0.00122345,0,210631,0.00482945,41.5631
0,1,G4CMPDriftHole,1,0.00917439,57.2859,290309,0.495289,0.00167742,0,262431,0.00749697,51.7847
0,1,G4CMPDriftHole,1,0.00623962,47.2431,239415,0.424863,0.00141603,0,210503,0.00482359,41.5379
0,1,G4CMPDriftHole,1,0.0105983,61.5711,312026,0.298036,0.00197773,0,281410,0.00862056,55.5299
0,1,G4CMPDriftHole,1,0.0311541,105.564,534971,0.592897,0.00299679,0,508591,0.0281573,100.359
0,1,G4CMPDriftHole,1,0.0276931,99.528,504381,0.646899,0.00270809,0,479085,0.0249851,94.5364
0,1,G4CMPDriftHole,1,0.0246697,93.938,476052,0.558073,0.00271755,0,449067,0.0219522,88.6131
0,1,G4CMPDriftHole,1,0.0258926,96.238,487708,0.841703,0.00216443,0,466879,0.0237281,92.1278
0,1,G4CMPDriftHole,1,0.0237332,92.1377,466929,0.963846,0.00175379,0,449346,0.0219794,88.668
0,1,G4CMPDriftHole,1,0.0227034,90.1166,456686,0.677367,0.00238138,0,432072,0.020322,85.2594
0,1,G4CMPDriftHole,1,0.0268703,98.0383,496832,0.393863,0.00310281,0,467267,0.0237675,92.2043
0,1,G4CMPDriftHole,1,0.0182729,80.8468,409710,0.813639,0.00185958,0,388303,0.0164133,76.6227
0,1,G4CMPDriftHole,1,0.0149647,73.1633,370772,0.0944344,0.00247431,0,338736,0.0124904,66.8417
0,1,G4CMPDriftHole,1,0.0130481,68.3175,346215,0.805497,0.00156821,0,324744,0.0114799,64.0807
0,1,G4CMPDriftHole,1,0.0126631,67.3022,341070,0.542389,0.00193461,0,313937,0.0107285,61.9482
0,1,G4CMPDriftHole,1,0.0164585,76.728,388837,1.04455,0.0012561,0,373705,0.0152024,73.742
0,1,G4CMPDriftHole,1,0.0158505,75.2976,381588,0.59325,0.0021047,0,355352,0.0137458,70.1204
0,1,G4CMPDriftHole,1,0.0126753,67.3347,341234,0.502488,0.00198322,0,313404,0.0106921,61.8431
0,1,G4CMPDriftHole,1,0.0168123,77.5483,392994,0.984839,0.00141039,0,376149,0.0154019,74.2243
0,1,G4CMPDriftHole,1,0.0156304,74.7729,378929,1.18532,0.000885788,0,368035,0.0147446,72.6233
0,1,G4CMPDriftHole,1,0.0204963,85.6243,433921,0.7418,0.0021294,0,410762,0.0183669,81.0545
0,1,G4CMPDriftHole,1,0.0184906,81.3269,412143,0.525278,0.00238642,0,384629,0.0161042,75.8976
0,1,G4CMPDriftHole,1,0.00741972,51.5173,261076,0.83619,0.00111372,0,240685,0.00630599,47.4937
0,1,G4CMPDriftHole,1,0.0180749,80.4076,407484,0.916074,0.00162632,0,388720,0.0164486,76.7049
0,1,G4CMPDriftHole,1,0.0180347,80.3181,407031,1.0669,0.00126464,0,392500,0.0167701,77.4509
0,1,G4CMPDriftHole,1,0.0193742,83.2475,421876,0.24903,0.00275286,0,390756,0.0166214,77.1068
0,1,G4CMPDriftHole,1,0.0114622,64.0314,324494,0.869052,0.00135539,0,304705,0.0101068,60.1265
0,1,G4CMPDriftHole,1,0.0102477,60.5442,306822,0.741886,0.00147251,0,283923,0.00877521,56.0258
0,1,G4CMPDriftHole,1,0.0110675,62.9194,318859,0.511258,0.00183626,0,291208,0.00923129,57.4632
0,1,G4CMPDriftHole,1,0.00475133,41.2256,208920,0.698562,0.0010085,0,185427,0.00374283,36.5897
0,1,G4CMPDriftHole,1,0.00221145,28.1253,142532,0.200408,0.000866178,0,111168,0.00134527,21.9364
0,1,G4CMPDriftHole,1,0.0177463,79.6732,403763,0.662941,0.0021177,0,378907,0.0156286,74.7685
0,1,G4CMPDriftHole,1,0.0144864,71.9845,364798,0.957553,0.0013587,0,347269,0.0131277,68.5256
0,1,G4CMPDriftHole,1,0.0128835,67.8854,344025,0.419763,0.00208909,0,314900,0.0107944,62.1383
0,1,G4CMPDriftHole,1,0.00970808,58.9285,298634,0.783212,0.00137046,0,276754,0.00833762,54.611
0,1,G4CMPDriftHole,1,0.0186868,81.7573,414324,0.441183,0.00251308,0,385458,0.0161737,76.0614
0,1,G4CMPDriftHole,1,0.0132407,68.8201,348762,0.364302,0.0021712,0,318887,0.0110695,62.9251
0,1,G4CMPDriftHole,1,0.0115422,64.2545,325624,0.483054,0.00190832,0,297491,0.00963389,58.7029
0,1,G4CMPDriftHole,1,0.0136843,69.9634,354556,0.607535,0.00192755,0,328637,0.0117568,64.849
0,1,G4CMPDriftHole,1,0.0113423,63.6957,322793,0.679976,0.00164641,0,298447,0.00969591,58.8916
0,1,G4CMPDriftHole,1,0.0101156,60.1527,304838,0.552082,0.00170634,0,277940,0.00840927,54.8451
0,1,G4CMPDriftHole,1,0.0156914,74.9187,379668,0.87433,0.00159428,0,359864,0.0140971,71.0108
0,1,G4CMPDriftHole,1,0.0167918,77.501,392754,1.0982,0.00114023,0,379185,0.0156516,74.8235
0,1,G4CMPDriftHole,1,0.0149374,73.0966,370434,0.974841,0.0013445,0,353370,0.0135929,69.7294
0,1,G4CMPDriftHole,1,0.00997612,59.7365,302729,0.634498,0.00159601,0,277458,0.00838011,54.75
0,1,G4CMPDriftHole,1,0.0153952,74.2083,376068,0.390367,0.00232471,0,346513,0.0130705,68.3763
0,1,G4CMPDriftHole,1,0.0124158,66.6418,337723,0.567917,0.00188267,0,311065,0.0105332,61.3816
0,1,G4CMPDriftHole,1,0.0116599,64.5812,327280,0.962864,0.00119738,0,310020,0.0104625,61.1754
0,1,G4CMPDriftHole,1,0.0103679,60.8981,308615,0.359177,0.0019122,0,278706,0.00845566,54.9962
0,1,G4CMPDriftHole,1,0.00696243,49.9045,252902,0.896453,0.000993946,0,234156,0.00596848,46.2052
0,1,G4CMPDriftHole,1,0.00532896,43.6596,221255,0.297552,0.00136979,0,190710,0.00395916,37.6323
0,1,G4CMPDriftHole,1,0.0121631,65.9602,334268,1.0962,0.000957816,0,320837,0.0112053,63.3098
0,1,G4CMPDriftHole,1,0.0144491,71.8919,364329,0.535257,0.00208358,0,337038,0.0123655,66.5067
0,1,G4CMPDriftHole,1,0.0176129,79.3732,402242,0.468279,0.00240295,0,373797,0.0152099,73.7602
0,1,G4CMPDriftHole,1,0.0165521,76.9459,389941,0.816098,0.00175952,0,368633,0.0147926,72.7413
0,1,G4CMPDriftHole,1,0.0151626,73.6453,373215,0.609395,0.00203215,0,347306,0.0131304,68.5327
0,1,G4CMPDriftHole,1,0.0119769,65.4533,331700,0.342663,0.00207687,0,301572,0.00990004,59.5083
0,1,G4CMPDriftHole,1,0.00983142,59.3017,300525,0.613886,0.00160895,0,274836,0.00822247,54.2326
0,1,G4CMPDriftHole,1,0.00929205,57.6521,292165,0.880308,0.00119143,0,272792,0.00810063,53.8292
0,1,G4CMPDriftHole,1,0.00739845,51.4434,260701,0.597688,0.00139764,0,234789,0.00600081,46.3302
0,1,G4CMPDriftHole,1,0.00215777,27.7819,140791,0.326868,0.000821725,0,110786,0.00133605,21.861
0,1,G4CMPDriftHole,1,0.012086,65.7506,333206,0.553743,0.0018736,0,306292,0.0102124,60.4397
0,1,G4CMPDriftHole,1,0.00669918,48.9519,248075,0.507176,0.00140705,0,220490,0.00529214,43.5085
0,1,G4CMPDriftHole,1,0.0068531,49.5111,250909,0.396536,0.00150932,0,221563,0.00534378,43.7203
0,1,G4CMPDriftHole,1,0.00299675,32.7404,165920,0.599402,0.000847368,0,140517,0.00214938,27.7278
0,1,G4CMPDriftHole,1,0.0181292,80.5282,408095,0.67281,0.00212415,0,383443,0.016005,75.6637
0,1,G4CMPDriftHole,1,0.0153521,74.1042,375540,0.7115,0.00188071,0,351786,0.0134714,69.4169
0,1,G4CMPDriftHole,1,0.00552106,44.4396,225208,0.674917,0.00111958,0,201081,0.00440148,39.6788
0,1,G4CMPDriftHole,1,0.00407424,38.1753,193462,0.252543,0.00120013,0,162489,0.00287411,32.0635
0,1,G4CMPDriftHole,1,0.0113758,63.7896,323269,0.836377,0.00140559,0,302639,0.0099702,59.7188
0,1,G4CMPDriftHole,1,0.0110343,62.8249,318380,0.851156,0.00135799,0,298145,0.00967633,58.8321
0,1,G4CMPDriftHole,1,0.00967571,58.8302,298136,0.717153,0.00146207,0,274688,0.00821364,54.2034
0,1,G4CMPDriftHole,1,0.00916992,57.2719,290239,1.00863,0.000971489,0,274434,0.00819843,54.1532
0,1,G4CMPDriftHole,1,0.0114211,63.9166,323912,0.612846,0.00174429,0,298153,0.00967684,58.8336
0,1,G4CMPDriftHole,1,0.0071541,50.5867,256360,1.07302,0.000745113,0,242643,0.00640899,47.88
0,1,G4CMPDriftHole,1,0.0062947,47.4511,240470,0.647724,0.00123124,0,215673,0.00506346,42.5582
0,1,G4CMPDriftHole,1,0.00930606,57.6955,292385,0.535399,0.00164971,0,265206,0.00765634,52.3323
0,1,G4CMPDriftHole,1,0.00873436,55.8952,283262,0.90788,0.00110901,0,264669,0.00762536,52.2263
0,1,G4CMPDriftHole,1,0.0121764,65.996,334450,0.391462,0.00205398,0,304939,0.0101224,60.1728
0,1,G4CMPDriftHole,1,0.00849474,55.1232,279349,0.408616,0.00168392,0,250134,0.00681082,49.3581
0,1,G4CMPDriftHole,1,0.0115364,64.2382,325542,0.375441,0.00200995,0,295827,0.00952643,58.3746
0,1,G4CMPDriftHole,1,0.00903872,56.8607,288155,0.7862,0.00131414,0,266385,0.00772458,52.565
0,1,G4CMPDriftHole,1,0.0051906,43.0891,218364,0.65839,0.00109777,0,193903,0.00409283,38.2623
0,1,G4CMPDriftHole,1,0.00178725,25.2843,128134,0.50609,0.000672684,0,101187,0.00111457,19.967
0,1,G4CMPDriftHole,1,0.00464117,40.7449,206484,0.620948,0.00106425,0,181271,0.00357692,35.7696
0,1,G4CMPDriftHole,1,0.0118851,65.202,330426,0.27406,0.00211668,0,299561,0.00976845,59.1115
0,1,G4CMPDriftHole,1,0.00923716,57.4815,291301,0.518433,0.0016606,0,263821,0.00757656,52.0589
0,1,G4CMPDriftHole,1,0.00907368,56.9706,288712,0.698972,0.00143622,0,264879,0.00763746,52.2677
0,1,G4CMPDriftHole,1,0.00929153,57.6505,292157,0.767759,0.00136044,0,269923,0.00793109,53.263
0,1,G4CMPDriftHole,1,0.00766623,52.3661,265377,0.671104,0.00134382,0,240998,0.00632242,47.5555
0,1,G4CMPDriftHole,1,0.00627148,47.3635,240026,1.36269,0.000234752,0,235490,0.00603672,46.4686
0,1,G4CMPDriftHole,1,0.00508299,42.6402,216089,1.09762,0.000577381,0,203446,0.00450561,40.1454
0,1,G4CMPDriftHole,1,0.00545575,44.176,223872,0.23506,0.00141313,0,192710,0.00404262,38.0268
0,1,G4CMPDriftHole,1,0.00519549,43.1094,218467,0.791123,0.000963697,0,197167,0.00423179,38.9064
0,1,G4CMPDriftHole,1,0.00726513,50.9777,258341,0.956307,0.000931119,0,241219,0.00633401,47.5991
0,1,G4CMPDriftHole,1,0.0201772,84.9551,430530,1.24563,0.000851195,0,421351,0.019326,83.1438
0,1,G4CMPDriftHole,1,0.0200794,84.749,429485,1.27643,0.000760535,0,421273,0.0193189,83.1285
0,1,G4CMPDriftHole,1,0.0205167,85.6669,434137,0.575023,0.00244066,0,407497,0.0180761,80.4102
0,1,G4CMPDriftHole,1,0.0175347,79.197,401349,0.920545,0.00159015,0,382718,0.0159446,75.5207
0,1,G4CMPDriftHole,1,0.0165661,76.9785,390106,0.854686,0.00168207,0,369771,0.014884,72.9658
0,1,G4CMPDriftHole,1,0.0232787,91.2511,462436,0.572672,0.00261124,0,435728,0.0206674,85.9809
0,1,G4CMPDriftHole,1,0.0196067,83.7454,424399,1.14046,0.0011281,0,412009,0.0184786,81.3005
0,1,G4CMPDriftHole,1,0.0180516,80.3557,407221,0.746438,0.00198246,0,384210,0.0160691,75.8149
0,1,G4CMPDriftHole,1,0.0161405,75.9832,385062,0.166109,0.0025489,0,353352,0.0135916,69.7259
0,1,G4CMPDriftHole,1,0.0110596,62.8969,318745,0.133901,0.00210124,0,286872,0.00895839,56.6075
0,1,G4CMPDriftHole,1,0.017925,80.0734,405791,1.12166,0.00112208,0,392884,0.0168029,77.5267
0,1,G4CMPDriftHole,1,0.0173953,78.8814,399750,0.717116,0.00199892,0,376081,0.0153964,74.211
0,1,G4CMPDriftHole,1,0.0159547,75.5446,382839,0.233927,0.00249739,0,351602,0.0134573,69.3806
0,1,G4CMPDriftHole,1,0.0108648,62.3405,315925,0.40887,0.00191895,0,286671,0.00894587,56.5679
0,1,G4CMPDriftHole,1,0.0126766,67.3381,341251,0.789948,0.00157073,0,319411,0.0111059,63.0284
0,1,G4CMPDriftHole,1,0.0123318,66.416,336579,1.18315,0.000778926,0,325775,0.0115529,64.2843
0,1,G4CMPDriftHole,1,0.0108368,62.2599,315517,0.624627,0.00168105,0,290014,0.00915571,57.2275
0,1,G4CMPDriftHole,1,0.0153486,74.0959,375498,0.912403,0.00149746,0,356711,0.0138512,70.3886
0,1,G4CMPDriftHole,1,0.0139721,70.6951,358264,0.287318,0.00229529,0,327517,0.0116768,64.628
0,1,G4CMPDriftHole,1,0.0167763,77.4652,392573,0.235288,0.00256288,0,361344,0.0142134,71.303
0,1,G4CMPDriftHole,1,0.0140494,70.8904,359254,0.313361,0.00228254,0,328778,0.0117668,64.8767
0,1,G4CMPDriftHole,1,0.0161469,75.9982,385139,0.873083,0.00162146,0,365289,0.0145254,72.0815
0,1,G4CMPDriftHole,1,0.0178906,79.9966,405401,0.417453,0.00248459,0,376199,0.015406,74.2342
0,1,G4CMPDriftHole,1,0.00477144,41.3127,209362,1.11488,0.000533258,0,197316,0.00423818,38.9358
0,1,G4CMPDriftHole,1,0.00827391,54.4019,275694,1.33669,0.000335431,0,270048,0.00793848,53.2878
0,1,G4CMPDriftHole,1,0.0306385,104.687,530525,0.335999,0.00339766,0,500245,0.0272408,98.7118
0,1,G4CMPDriftHole,1,0.0264925,97.3465,493326,0.78465,0.00233396,0,471094,0.0241585,92.9596
0,1,G4CMPDriftHole,1,0.0230827,90.8661,460485,0.079738,0.00310442,0,428402,0.0199782,84.5352
0,1,G4CMPDriftHole,1,0.0230229,90.7483,459888,0.440695,0.00280253,0,430990,0.0202203,85.0459
0,1,G4CMPDriftHole,1,0.018087,80.4346,407621,0.947835,0.00155406,0,389716,0.016533,76.9014
0,1,G4CMPDriftHole,1,0.021996,88.7015,449515,1.00251,0.00158281,0,433040,0.0204132,85.4505
0,1,G4CMPDriftHole,1,0.024775,94.1382,477067,1.22639,0.00101616,0,467181,0.0237588,92.1874
0,1,G4CMPDriftHole,1,0.0283293,100.665,510142,0.384818,0.00320123,0,480455,0.0251281,94.8067
0,1,G4CMPDriftHole,1,0.0251731,94.8914,480884,0.338649,0.00306623,0,450646,0.0221068,88.9247
0,1,G4CMPDriftHole,1,0.0259278,96.3035,488040,0.515936,0.00286255,0,460312,0.0230653,90.8319
0,1,G4CMPDriftHole,1,0.0231096,90.9191,460754,0.477768,0.00275495,0,432419,0.0203546,85.3279
0,1,G4CMPDriftHole,1,0.0210912,86.8579,440172,1.48257,0.000159006,0,438510,0.0209322,86.5299
0,1,G4CMPDriftHole,1,0.0247263,94.0457,476598,0.149563,0.00319033,0,444790,0.021536,87.7691
0,1,G4CMPDriftHole,1,0.0212527,87.1898,441855,0.406506,0.00273173,0,412481,0.018521,81.3937
0,1,G4CMPDriftHole,1,0.0180512,80.3548,407216,0.731484,0.00201119,0,383862,0.01604,75.7462
0,1,G4CMPDriftHole,1,0.0217386,88.181,446878,0.465542,0.00268598,0,418360,0.0190527,82.5537
0,1,G4CMPDriftHole,1,0.0189114,82.2471,416806,0.817566,0.00188539,0,395484,0.017026,78.0396
0,1,G4CMPDriftHole,1,0.0212875,87.2612,442216,0.160289,0.0029469,0,410468,0.0183406,80.9964
0,1,G4CMPDriftHole,1,0.0163667,76.5138,387751,0.480699,0.0022969,0,359515,0.0140698,70.942
0,1,G4CMPDriftHole,1,0.0143471,71.6375,363040,0.858539,0.00155013,0,342867,0.0127969,67.6569
0,1,G4CMPDriftHole,1,0.0126845,67.359,341357,0.331798,0.00214923,0,311097,0.0105353,61.3878
0,1,G4CMPDriftHole,1,0.0114472,63.9895,324281,0.492569,0.00188984,0,296306,0.00955734,58.4693
0,1,G4CMPDriftHole,1,0.0129009,67.9311,344257,0.777971,0.00160596,0,322117,0.0112949,63.5625
0,1,G4CMPDriftHole,1,0.0113163,63.6224,322421,0.400859,0.00196786,0,293050,0.00934839,57.8266
0,1,G4CMPDriftHole,1,0.0182503,80.7967,409456,0.892619,0.00168765,0,390065,0.0165626,76.9704
0,1,G4CMPDriftHole,1,0.0151411,73.5931,372950,0.908982,0.0014936,0,354078,0.0136475,69.8691
0,1,G4CMPDriftHole,1,0.0204521,85.5319,433453,0.285344,0.00280237,0,402663,0.0176497,79.4563
0,1,G4CMPDriftHole,1,0.0176013,79.3472,402110,1.29331,0.000659243,0,394508,0.0169421,77.8471
0,1,G4CMPDriftHole,1,0.0175978,79.3394,402070,0.62753,0.00216836,0,376485,0.0154295,74.2907
0,1,G4CMPDriftHole,1,0.0113007,63.5787,322200,0.813364,0.00143874,0,300991,0.00986195,59.3937
0,1,G4CMPDriftHole,1,0.00917667,57.293,290345,0.194132,0.00188396,0,258831,0.00729271,51.0744
0,1,G4CMPDriftHole,1,0.0143984,71.7655,363688,0.857571,0.00155497,0,343489,0.0128434,67.7796
0,1,G4CMPDriftHole,1,0.0379285,116.477,590276,1.23393,0.00125464,0,580431,0.0366738,114.535
0,1,G4CMPDriftHole,1,0.0381163,116.765,591736,0.450725,0.00362041,0,562932,0.0344959,111.082
0,1,G4CMPDriftHole,1,0.0335741,109.588,555360,0.356212,0.0035353,0,525308,0.0300388,103.657
0,1,G4CMPDriftHole,1,0.0305535,104.542,529789,0.553437,0.00304612,0,502686,0.0275074,99.1936
0,1,G4CMPDriftHole,1,0.0272054,98.6476,499919,0.167423,0.00334208,0,468207,0.0238633,92.3899
0,1,G4CMPDriftHole,1,0.0253015,95.1333,482110,0.757261,0.00234282,0,459247,0.0229587,90.6218
0,1,G4CMPDriftHole,1,0.0284017,100.793,510792,0.798488,0.00238534,0,488872,0.0260163,96.4677
0,1,G4CMPDriftHole,1,0.0253743,95.27,482803,0.382922,0.00302603,0,453101,0.0223483,89.409
0,1,G4CMPDriftHole,1,0.0185877,81.5402,413224,0.239276,0.00270091,0,382024,0.0158868,75.3836
0,1,G4CMPDriftHole,1,0.0160737,75.8258,384265,0.392693,0.00237545,0,354736,0.0136983,69.999
0,1,G4CMPDriftHole,1,0.0152814,73.9334,374675,0.287675,0.00240533,0,343926,0.0128761,67.8658
0,1,G4CMPDriftHole,1,0.0117405,64.804,328409,0.462621,0.00194702,0,299944,0.00979344,59.1871
0,1,G4CMPDriftHole,1,0.0134445,69.3477,351435,0.335312,0.00221318,0,321210,0.0112314,63.3834
0,1,G4CMPDriftHole,1,0.0113444,63.7014,322821,0.305871,0.00204479,0,292283,0.00929957,57.6754
0,1,G4CMPDriftHole,1,0.00929059,57.6475,292142,0.95528,0.00106942,0,274814,0.00822117,54.2283
0,1,G4CMPDriftHole,1,0.0156299,74.7717,378923,0.53451,0.00217258,0,351602,0.0134573,69.3806
0,1,G4CMPDriftHole,1,0.0133515,69.1074,350218,0.639111,0.00185734,0,324947,0.0114942,64.1207
0,1,G4CMPDriftHole,1,0.0253238,95.1752,482322,0.697092,0.00247909,0,458106,0.0228447,90.3966
0,1,G4CMPDriftHole,1,0.0225536,89.8188,455178,1.1334,0.00123854,0,442503,0.0213151,87.3178
0,1,G4CMPDriftHole,1,0.0219104,88.5286,448639,0.582648,0.00251284,0,422129,0.0193975,83.2975
0,1,G4CMPDriftHole,1,0.0202682,85.1465,431499,0.310109,0.00276726,0,400962,0.0175009,79.1206
0,1,G4CMPDriftHole,1,0.0138201,70.3096,356310,0.884739,0.00146923,0,336838,0.0123509,66.4673
0,1,G4CMPDriftHole,1,0.022931,90.5671,458970,0.590183,0.00255989,0,432593,0.0203711,85.3624
0,1,G4CMPDriftHole,1,0.0194376,83.3835,422565,0.130318,0.00282379,0,390667,0.0166138,77.0892
0,1,G4CMPDriftHole,1,0.0176875,79.5412,403093,0.243679,0.00262896,0,371932,0.0150585,73.3923
0,1,G4CMPDriftHole,1,0.0181483,80.5708,408311,0.245553,0.00266315,0,377165,0.0154852,74.4247
0,1,G4CMPDriftHole,1,0.015443,74.3232,376650,1.27933,0.000645786,0,368690,0.0147972,72.7526
0,1,G4CMPDriftHole,1,0.0186042,81.5765,413408,0.329447,0.00262889,0,383087,0.0159753,75.5934
0,1,G4CMPDriftHole,1,0.0159676,75.575,382994,0.801067,0.00175534,0,361330,0.0142122,71.3001
0,1,G4CMPDriftHole,1,0.0145562,72.1577,365676,0.0485372,0.00244715,0,333524,0.012109,65.8133
0,1,G4CMPDriftHole,1,0.0120846,65.747,333188,0.84251,0.00144153,0,312685,0.0106431,61.7012
0,1,G4CMPDriftHole,1,0.00729191,51.0716,258817,0.578662,0.00140587,0,232533,0.00588604,45.885
0,1,G4CMPDriftHole,1,0.0138625,70.4173,356856,0.223925,0.00232591,0,325545,0.0115366,64.2388
0,1,G4CMPDriftHole,1,0.00913068,57.1492,289617,0.423454,0.00173779,0,260603,0.00739289,51.424
0,1,G4CMPDriftHole,1,0.00765196,52.3173,265130,0.876086,0.00107678,0,245769,0.00657518,48.4968
0,1,G4CMPDriftHole,1,0.0067322,49.0724,248686,0.805538,0.00109461,0,227572,0.00563759,44.9061
0,1,G4CMPDriftHole,1,0.0134644,69.3988,351695,0.940312,0.00134038,0,333730,0.012124,65.854
0,1,G4CMPDriftHole,1,0.0126571,67.2863,340989,0.79675,0.00155785,0,319316,0.0110993,63.0096
0,1,G4CMPDriftHole,1,0.00856263,55.343,280463,0.820716,0.00122722,0,259588,0.0073354,51.2237
0,1,G4CMPDriftHole,1,0.00780957,52.8533,267846,0.92381,0.00101879,0,249765,0.00679077,49.2854
0,1,G4CMPDriftHole,1,0.00617302,46.9903,238134,0.590854,0.00127328,0,212158,0.00489974,41.8645
0,1,G4CMPDriftHole,1,0.00336742,34.7063,175882,0.504751,0.000966192,0,148522,0.00240123,29.3073
0,1,G4CMPDriftHole,1,0.00616467,46.9585,237973,0.793797,0.00105664,0,216620,0.00510803,42.745
0,1,G4CMPDriftHole,1,0.020172,84.9441,430474,0.909,0.00174133,0,411474,0.0184306,81.195
0,1,G4CMPDriftHole,1,0.0276049,99.3692,503576,0.412616,0.00312049,0,474261,0.0244844,93.5844
0,1,G4CMPDriftHole,1,0.0207836,86.2223,436951,0.77402,0.00207723,0,414541,0.0187064,81.8001
0,1,G4CMPDriftHole,1,0.0186773,81.7365,414218,0.477502,0.00246566,0,385910,0.0162116,76.1504
0,1,G4CMPDriftHole,1,0.0194297,83.3666,422479,0.663076,0.00222085,0,397602,0.0172088,78.4576
0,1,G4CMPDriftHole,1,0.015596,74.6904,378511,0.65551,0.00199027,0,353535,0.0136057,69.762
0,1,G4CMPDriftHole,1,0.0263478,97.0803,491977,0.463018,0.00297233,0,463396,0.0233755,91.4406
0,1,G4CMPDriftHole,1,0.0216868,88.0759,446345,0.771504,0.00212981,0,423861,0.019557,83.6393
0,1,G4CMPDriftHole,1,0.0144008,71.7714,363718,0.529188,0.00208775,0,336321,0.012313,66.3653
0,1,G4CMPDriftHole,1,0.00923169,57.4645,291215,1.12757,0.000762518,0,278929,0.00846917,55.0401
0,1,G4CMPDriftHole,1,0.00975434,59.0688,299345,1.19439,0.0006584,0,289066,0.00909594,57.0404
0,1,G4CMPDriftHole,1,0.0132557,68.8588,348958,0.834219,0.00153017,0,328200,0.0117255,64.7626
0,1,G4CMPDriftHole,1,0.0183503,81.0178,410576,0.360316,0.00258008,0,380620,0.0157702,75.1065
0,1,G4CMPDriftHole,1,0.00974693,59.0463,299231,0.598524,0.00161989,0,273237,0.00812704,53.9169
0,1,G4CMPDriftHole,1,0.0158933,75.3991,382103,0.827413,0.00169969,0,361093,0.0141936,71.2534
0,1,G4CMPDriftHole,1,0.0172956,78.6551,398603,0.421153,0.00243683,0,369457,0.0148588,72.9039
0,1,G4CMPDriftHole,1,0.0136108,69.7752,353602,0.452065,0.00211659,0,324947,0.0114942,64.1208
0,1,G4CMPDriftHole,1,0.0104697,61.1965,310127,0.879254,0.00127338,0,290657,0.00919635,57.3544
0,1,G4CMPDriftHole,1,0.0152319,73.8136,374068,0.229733,0.00244011,0,342798,0.0127918,67.6434
0,1,G4CMPDriftHole,1,0.00535315,43.7586,221757,1.12271,0.000560561,0,209825,0.00479259,41.4042
0,1,G4CMPDriftHole,1,0.00426137,39.0421,197855,0.596354,0.00103456,0,172171,0.00322681,33.9739
0,1,G4CMPDriftHole,1,0.0262858,96.966,491397,0.146127,0.00329464,0,459571,0.0229911,90.6858
0,1,G4CMPDriftHole,1,0.00972991,58.9947,298969,0.421068,0.0017996,0,269909,0.00793031,53.2603
0,1,G4CMPDriftHole,1,0.00877047,56.0106,283847,0.360193,0.00174897,0,253973,0.00702149,50.1157
0,1,G4CMPDriftHole,1,0.00404449,38.0356,192754,0.807664,0.000820975,0,172083,0.00322351,33.9566
0,1,G4CMPDriftHole,1,0.00379772,36.857,186782,0.364725,0.0011102,0,157126,0.00268752,31.0052
0,1,G4CMPDriftHole,1,0.00161237,24.0155,121704,0.629332,0.000576772,0,97536.5,0.00103559,19.2466
0,1,G4CMPDriftHole,1,0.0413735,121.652,616501,0.819617,0.00283627,0,594994,0.0385372,117.408
0,1,G4CMPDriftHole,1,0.0396556,119.1,603566,0.384587,0.00380851,0,573852,0.0358471,113.236
0,1,G4CMPDriftHole,1,0.0330827,108.783,551281,1.10691,0.00161597,0,537648,0.0314667,106.092
0,1,G4CMPDriftHole,1,0.0306441,104.697,530574,0.903087,0.00218979,0,511266,0.0284543,100.887
0,1,G4CMPDriftHole,1,0.0286521,101.236,513039,1.33367,0.000731865,0,506445,0.0279202,99.9352
0,1,G4CMPDriftHole,1,0.0303202,104.142,527762,1.11585,0.00151259,0,514430,0.0288076,101.511
0,1,G4CMPDriftHole,1,0.0292003,102.2,517924,1.26604,0.000976427,0,509191,0.0282239,100.477
0,1,G4CMPDriftHole,1,0.0313119,105.831,536324,0.688346,0.00279029,0,511870,0.0285216,101.006
0,1,G4CMPDriftHole,1,0.0287192,101.355,513640,0.0798914,0.00347576,0,481556,0.0252435,95.024
0,1,G4CMPDriftHole,1,0.025157,94.8613,480731,0.829618,0.00216206,0,459610,0.022995,90.6934
0,1,G4CMPDriftHole,1,0.0292373,102.265,518252,0.230223,0.00342372,0,486963,0.0258135,96.091
0,1,G4CMPDriftHole,1,0.0185445,81.4453,412743,0.808585,0.00188478,0,391206,0.0166597,77.1956
0,1,G4CMPDriftHole,1,0.0220001,88.7097,449557,0.267527,0.002926,0,418595,0.0190741,82.6001
0,1,G4CMPDriftHole,1,0.0143951,71.7573,363647,0.843576,0.00158159,0,343089,0.0128135,67.7006
0,1,G4CMPDriftHole,1,0.0138249,70.3218,356372,0.684303,0.00182261,0,332051,0.0120023,65.5226
0,1,G4CMPDriftHole,1,0.0143452,71.633,363017,0.875089,0.00151793,0,343274,0.0128273,67.7372
0,1,G4CMPDriftHole,1,0.0173671,78.8176,399426,0.752744,0.00193033,0,376575,0.0154368,74.3084
0,1,G4CMPDriftHole,1,0.0123208,66.3864,336429,0.32515,0.00212163,0,306095,0.0101992,60.4008
0,1,G4CMPDriftHole,1,0.0117434,64.812,328450,0.767466,0.00154392,0,306098,0.0101994,60.4014
0,1,G4CMPDriftHole,1,0.00750181,51.8015,262516,0.216136,0.00168432,0,231175,0.00581749,45.617
0,1,G4CMPDriftHole,1,0.0120744,65.719,333046,0.857173,0.00141516,0,312921,0.0106592,61.7478
0,1,G4CMPDriftHole,1,0.0108835,62.3941,316197,0.525253,0.00180463,0,288795,0.0090789,56.987
0,1,G4CMPDriftHole,1,0.0157059,74.9531,379842,0.660515,0.00198952,0,354970,0.0137163,70.0451
0,1,G4CMPDriftHole,1,0.0111329,63.1049,319799,1.05386,0.000994948,0,305174,0.0101379,60.2191
0,1,G4CMPDriftHole,1,0.0168814,77.7076,393801,0.605858,0.00215604,0,367795,0.0147254,72.5759
0,1,G4CMPDriftHole,1,0.00880479,56.1201,284402,0.256904,0.00181511,0,253397,0.00698968,50.002
0,1,G4CMPDriftHole,1,0.00811163,53.8658,272977,1.08954,0.00077283,0,259648,0.0073388,51.2356
0,1,G4CMPDriftHole,1,0.014122,71.0733,360180,0.50652,0.00209468,0,332397,0.0120273,65.5908
0,1,G4CMPDriftHole,1,0.00958805,58.5631,296782,0.497718,0.00171493,0,268934,0.00787312,53.068
0,1,G4CMPDriftHole,1,0.00798288,53.4366,270802,0.899293,0.00106806,0,252036,0.00691481,49.7335
0,1,G4CMPDriftHole,1,0.0413517,121.62,616338,0.619036,0.00340544,0,590414,0.0379462,116.505
0,1,G4CMPDriftHole,1,0.0375961,115.966,587684,0.700143,0.00303721,0,563446,0.0345589,111.183
0,1,G4CMPDriftHole,1,0.0370222,115.077,583181,0.279626,0.00381589,0,552310,0.0332063,108.986
0,1,G4CMPDriftHole,1,0.0327883,108.297,548822,0.880467,0.00233669,0,528905,0.0304516,104.367
0,1,G4CMPDriftHole,1,0.0299647,103.53,524660,0.189287,0.00349879,0,493079,0.0264659,97.2977
0,1,G4CMPDriftHole,1,0.0271438,98.5358,499353,0.773915,0.00239025,0,476860,0.0247535,94.0974
0,1,G4CMPDriftHole,1,0.0246272,93.857,475642,0.847041,0.00209479,0,454963,0.0225324,89.7766
0,1,G4CMPDriftHole,1,0.0263497,97.0838,491994,0.443699,0.00300162,0,463125,0.023348,91.387
0,1,G4CMPDriftHole,1,0.0215423,87.7818,444855,0.401282,0.00275744,0,415409,0.0187848,81.9714
0,1,G4CMPDriftHole,1,0.0222627,89.2376,452232,0.850012,0.00197907,0,431664,0.0202836,85.1789
0,1,G4CMPDriftHole,1,0.0168043,77.5298,392900,0.613611,0.00213862,0,367048,0.0146656,72.4285
0,1,G4CMPDriftHole,1,0.0167561,77.4187,392337,0.55491,0.00222442,0,365369,0.0145317,72.0971
0,1,G4CMPDriftHole,1,0.0176399,79.4341,402550,1.05278,0.00128424,0,387620,0.0163556,76.4879
0,1,G4CMPDriftHole,1,0.0163358,76.4414,387385,0.695929,0.00197094,0,363264,0.0143648,71.6819
0,1,G4CMPDriftHole,1,0.0142054,71.2829,361243,1.12609,0.000976401,0,348607,0.013229,68.7895
0,1,G4CMPDriftHole,1,0.0136722,69.9323,354398,0.735507,0.001729,0,331232,0.0119432,65.361
0,1,G4CMPDriftHole,1,0.00516776,42.9942,217883,0.770203,0.000983303,0,196061,0.00418446,38.6882
0,1,G4CMPDriftHole,1,0.0122146,66.0995,334974,0.538603,0.0019026,0,307782,0.010312,60.7337
0,1,G4CMPDriftHole,1,0.0084497,54.9768,278608,0.460585,0.00163643,0,250179,0.00681327,49.367
0,1,G4CMPDriftHole,1,0.00906081,56.9302,288507,0.81388,0.00127574,0,267426,0.00778508,52.7704
0,1,G4CMPDriftHole,1,0.00875272,55.9539,283559,0.992521,0.000973478,0,267326,0.00777924,52.7506
0,1,G4CMPDriftHole,1,0.00932061,57.7406,292614,0.361427,0.00180558,0,262747,0.00751503,51.8471
0,1,G4CMPDriftHole,1,0.00684305,49.4748,250725,0.43293,0.00148236,0,221913,0.00536069,43.7895
0,1,G4CMPDriftHole,1,0.0050056,42.3143,214437,0.644448,0.0010887,0,189690,0.00391689,37.4309
0,1,G4CMPDriftHole,1,0.00396858,37.677,190937,0.989833,0.000621656,0,175346,0.00334692,34.6004
0,1,G4CMPDriftHole,1,0.00759751,52.1308,264185,0.745512,0.00124766,0,241521,0.00634985,47.6585
0,1,G4CMPDriftHole,1,0.00892478,56.5012,286333,0.743727,0.00136415,0,263543,0.00756064,52.0042
0,1,G4CMPDriftHole,1,0.00734946,51.2728,259837,0.564405,0.0014259,0,233273,0.00592356,46.031
0,1,G4CMPDriftHole,1,0.00607152,46.6023,236168,0.64767,0.00120725,0,211388,0.00486427,41.7127
0,1,G4CMPDriftHole,1,0.00917069,57.2743,290251,0.781421,0.00133139,0,268356,0.0078393,52.9539
0,1,G4CMPDriftHole,1,0.0106599,61.7498,312931,0.666581,0.00161099,0,288317,0.0090489,56.8927
0,1,G4CMPDriftHole,1,0.00924932,57.5193,291493,0.411741,0.00175948,0,262306,0.00748984,51.7601
0,1,G4CMPDriftHole,1,0.00933086,57.7723,292775,0.510815,0.00167726,0,265158,0.0076536,52.3229
0,1,G4CMPDriftHole,1,0.0120189,65.5678,332280,0.349904,0.00207498,0,302239,0.00994387,59.6399
0,1,G4CMPDriftHole,1,0.00499549,42.2715,214221,0.526174,0.00118554,0,187082,0.00380995,36.9163
0,1,G4CMPDriftHole,1,0.00666011,48.809,247351,0.618976,0.0012992,0,221918,0.00536091,43.7903
0,1,G4CMPDriftHole,1,0.00660825,48.6186,246386,0.189075,0.0015833,0,214851,0.00502495,42.396
0,1,G4CMPDriftHole,1,0.00533212,43.6726,221321,1.02303,0.000695027,0,206393,0.00463709,40.7269
0,1,G4CMPDriftHole,1,0.00414215,38.4921,195068,0.507341,0.00108218,0,167661,0.00305997,33.084
0,1,G4CMPDriftHole,1,0.00771589,52.5354,266235,0.466755,0.0015536,0,237927,0.00616229,46.9494
0,1,G4CMPDriftHole,1,0.0123892,66.5703,337360,1.01641,0.00113191,0,321580,0.0112573,63.4564
0,1,G4CMPDriftHole,1,0.011152,63.1591,320073,0.477986,0.00187912,0,291864,0.00927291,57.5927
0,1,G4CMPDriftHole,1,0.00920912,57.3942,290858,0.657136,0.00150123,0,266097,0.00770789,52.5082
0,1,G4CMPDriftHole,1,0.00564023,44.9167,227626,0.693594,0.00111397,0,203912,0.00452626,40.2373
0,1,G4CMPDriftHole,1,0.00362203,35.9944,182410,0.202241,0.00113962,0,151011,0.00248241,29.7986
0,1,G4CMPDriftHole,1,0.00741269,51.4929,260952,0.504209,0.00148856,0,233284,0.00592413,46.0332
0,1,G4CMPDriftHole,1,0.00518536,43.0674,218254,0.631626,0.00112177,0,193209,0.00406359,38.1254
0,1,G4CMPDriftHole,1,0.0137793,70.2057,355784,0.475471,0.00210423,0,327493,0.0116751,64.6232
0,1,G4CMPDriftHole,1,0.0114055,63.8729,323691,0.53848,0.00183485,0,296513,0.00957067,58.51
0,1,G4CMPDriftHole,1,0.00712907,50.4981,255911,0.745365,0.00120523,0,233278,0.00592383,46.0321
0,1,G4CMPDriftHole,1,0.00843059,54.9146,278292,0.858419,0.00116211,0,258401,0.00726847,50.9895
0,1,G4CMPDriftHole,1,0.00717386,50.6565,256714,0.637019,0.00133357,0,231627,0.00584028,45.7063
0,1,G4CMPDriftHole,1,0.00399974,37.8247,191685,0.345391,0.00115134,0,161761,0.0028484,31.9198
0,1,G4CMPDriftHole,1,0.00356771,35.7235,181037,0.591738,0.00094031,0,155359,0.0026274,30.6565
0,1,G4CMPDriftHole,1,0.00746619,51.6783,261892,0.719455,0.00126784,0,238622,0.00619835,47.0866
0,1,G4CMPDriftHole,1,0.0169275,77.8137,394339,0.80956,0.00179376,0,372860,0.0151338,73.5754
0,1,G4CMPDriftHole,1,0.0138568,70.4029,356783,0.855236,0.00152771,0,336541,0.0123291,66.4086
0,1,G4CMPDriftHole,1,0.0119469,65.3712,331284,0.65611,0.00172702,0,306405,0.0102199,60.4619
0,1,G4CMPDriftHole,1,0.0108768,62.3747,316098,0.70025,0.00158134,0,292218,0.00929542,57.6625
0,1,G4CMPDriftHole,1,0.00933145,57.7742,292784,0.875769,0.00120136,0,273288,0.0081301,53.9271
0,1,G4CMPDriftHole,1,0.0131364,68.5483,347385,0.828881,0.00153237,0,326495,0.011604,64.4263
0,1,G4CMPDriftHole,1,0.0186931,81.7711,414394,0.861377,0.00177912,0,394181,0.016914,77.7826
0,1,G4CMPDriftHole,1,0.0134898,69.4642,352026,0.2116,0.00229947,0,320622,0.0111903,63.2674
0,1,G4CMPDriftHole,1,0.0107329,61.961,314001,0.760682,0.00148137,0,291528,0.00925156,57.5263
0,1,G4CMPDriftHole,1,0.00981639,59.2563,300295,0.355691,0.00186018,0,270350,0.00795621,53.3473
0,1,G4CMPDriftHole,1,0.00797438,53.4081,270658,0.264298,0.00171833,0,239730,0.00625605,47.3052
0,1,G4CMPDriftHole,1,0.00902034,56.8029,287862,0.953497,0.00105504,0,270504,0.00796531,53.3777
0,1,G4CMPDriftHole,1,0.0109713,62.6453,317469,0.325486,0.00199547,0,287151,0.00897585,56.6627
0,1,G4CMPDriftHole,1,0.00462111,40.6567,206037,0.464967,0.00117797,0,177848,0.00344314,35.0943
0,1,G4CMPDriftHole,1,0.0104272,61.0721,309497,0.379147,0.00190236,0,279844,0.00852483,55.2207
0,1,G4CMPDriftHole,1,0.00443248,39.8183,201788,0.363006,0.00120933,0,172073,0.00322315,33.9547
0,1,G4CMPDriftHole,1,0.00133952,21.8894,110929,0.107058,0.000660223,0,78995.3,0.000679294,15.5879
0,1,G4CMPDriftHole,1,0.00439146,39.6336,200852,0.12847,0.00128334,0,168975,0.00310812,33.3433
0,1,G4CMPDriftHole,1,0.0139201,70.5634,357596,0.780138,0.00166874,0,335478,0.0122513,66.1988
0,1,G4CMPDriftHole,1,0.0131744,68.6474,347887,0.695546,0.00175908,0,323830,0.0114153,63.9003
0,1,G4CMPDriftHole,1,0.0160495,75.7687,383976,0.968692,0.00141145,0,366703,0.0146381,72.3604
0,1,G4CMPDriftHole,1,0.0245553,93.7199,474947,0.750523,0.00232169,0,451937,0.0222336,89.1793
0,1,G4CMPDriftHole,1,0.0284577,100.893,511296,0.786567,0.00241823,0,489090,0.0260395,96.5107
0,1,G4CMPDriftHole,1,0.031457,106.076,537565,0.644334,0.00289949,0,512192,0.0285575,101.069
0,1,G4CMPDriftHole,1,0.0281589,100.362,508605,0.420577,0.00314129,0,479398,0.0250176,94.5981
0,1,G4CMPDriftHole,1,0.024983,94.5325,479065,0.740554,0.0023655,0,455821,0.0226175,89.9458
0,1,G4CMPDriftHole,1,0.0226233,89.9575,455880,0.47766,0.00272477,0,427547,0.0198986,84.3665
0,1,G4CMPDriftHole,1,0.0190328,82.5107,418142,0.680859,0.00216445,0,393649,0.0168684,77.6775
0,1,G4CMPDriftHole,1,0.0194963,83.5094,423203,0.361057,0.00266213,0,393250,0.0168342,77.5988
0,1,G4CMPDriftHole,1,0.010845,62.2836,315637,0.624139,0.00168236,0,290123,0.00916263,57.2492
0,1,G4CMPDriftHole,1,0.0162549,76.252,386425,0.41248,0.00236844,0,357165,0.0138865,70.4782
0,1,G4CMPDriftHole,1,0.00890066,56.4248,285946,0.715003,0.00140051,0,262487,0.00750015,51.7957
0,1,G4CMPDriftHole,1,0.00772532,52.5675,266398,0.961189,0.000956213,0,249366,0.0067691,49.2067
0,1,G4CMPDriftHole,1,0.00789814,53.1522,269361,1.18216,0.000602563,0,258882,0.00729558,51.0845
0,1,G4CMPDriftHole,1,0.00899371,56.719,287437,1.37178,0.000285486,0,282838,0.00870823,55.8115
0,1,G4CMPDriftHole,1,0.0115756,64.3474,326095,1.27773,0.000547449,0,318291,0.0110282,62.8074
0,1,G4CMPDriftHole,1,0.0167692,77.4488,392490,0.947292,0.0014934,0,374605,0.0152758,73.9197
0,1,G4CMPDriftHole,1,0.0158472,75.2896,381547,0.169719,0.00252299,0,349859,0.0133242,69.0366
0,1,G4CMPDriftHole,1,0.0161547,76.0166,385232,0.561829,0.00217219,0,358398,0.0139825,70.7216
0,1,G4CMPDriftHole,1,0.0139806,70.7166,358373,1.04481,0.00114827,0,343340,0.0128323,67.7503
0,1,G4CMPDriftHole,1,0.0151251,73.5544,372754,0.937459,0.00143342,0,354651,0.0136917,69.9822
0,1,G4CMPDriftHole,1,0.0125298,66.9471,339270,0.527151,0.00194228,0,311868,0.0105876,61.5399
0,1,G4CMPDriftHole,1,0.00615922,46.9377,237868,1.09733,0.000647381,0,225020,0.00551184,44.4025
0,1,G4CMPDriftHole,1,0.00479884,41.4312,209962,0.273765,0.00130398,0,179179,0.00349486,35.3569
0,1,G4CMPDriftHole,1,0.00868452,55.7355,282452,0.676486,0.00143089,0,258137,0.00725362,50.9374
0,1,G4CMPDriftHole,1,0.00948538,58.2487,295189,0.507734,0.00169513,0,267515,0.00779025,52.7879
0,1,G4CMPDriftHole,1,0.0160389,75.7436,383848,0.663866,0.00200615,0,359041,0.0140327,70.8484
0,1,G4CMPDriftHole,1,0.0077203,52.5504,266311,0.602927,0.00142462,0,240488,0.00629568,47.4548
0,1,G4CMPDriftHole,1,0.00789993,53.1582,269392,0.588854,0.00145732,0,243278,0.00644261,48.0054
0,1,G4CMPDriftHole,1,0.00627512,47.3773,240095,0.17175,0.00154523,0,208448,0.00472989,41.1325
0,1,G4CMPDriftHole,1,0.00737179,51.3506,260231,0.927814,0.000980785,0,242302,0.006391,47.8127
0,1,G4CMPDriftHole,1,0.00643632,47.9819,243160,0.57237,0.00131984,0,216800,0.00511649,42.7804
0,1,G4CMPDriftHole,1,0.0172486,78.5482,398061,1.20054,0.000896749,0,387575,0.0163519,76.4791
0,1,G4CMPDriftHole,1,0.0163547,76.4857,387609,0.75555,0.00186466,0,364844,0.01449,71.9936
0,1,G4CMPDriftHole,1,0.0108359,62.2573,315503,0.902861,0.00125681,0,296643,0.00957905,58.5356
0,1,G4CMPDriftHole,1,0.0143957,71.7588,363654,0.933675,0.00140343,0,345474,0.0129923,68.1713
0,1,G4CMPDriftHole,1,0.0130209,68.2464,345854,0.37278,0.00214476,0,316090,0.0108762,62.373
0,1,G4CMPDriftHole,1,0.0113669,63.7646,323142,0.259265,0.00207636,0,292141,0.00929051,57.6473
0,1,G4CMPDriftHole,1,0.00847343,55.054,278999,0.622792,0.00147552,0,253546,0.0069979,50.0314
0,1,G4CMPDriftHole,1,0.00991948,59.5667,301868,0.429371,0.00181089,0,272926,0.00810858,53.8557
0,1,G4CMPDriftHole,1,0.0307819,104.932,531766,0.408731,0.00330726,0,502387,0.0274746,99.1345
0,1,G4CMPDriftHole,1,0.0243238,93.277,472703,0.451789,0.0028679,0,443962,0.0214559,87.6057
0,1,G4CMPDriftHole,1,0.0214209,87.5341,443599,0.289719,0.00286675,0,412850,0.0185541,81.4665
0,1,G4CMPDriftHole,1,0.0189035,82.2299,416719,0.706466,0.00210888,0,392787,0.0167946,77.5075
0,1,G4CMPDriftHole,1,0.0152587,73.8784,374396,0.676513,0.00193336,0,349874,0.0133253,69.0395
0,1,G4CMPDriftHole,1,0.00633944,47.6195,241323,0.825606,0.00103414,0,220764,0.0053053,43.5626
0,1,G4CMPDriftHole,1,0.0138569,70.4031,356784,0.345226,0.00224031,0,326672,0.0116166,64.4611
0,1,G4CMPDriftHole,1,0.00761799,52.201,264541,0.437893,0.00156638,0,235781,0.00605161,46.5259
0,1,G4CMPDriftHole,1,0.00737343,51.3563,260260,0.774544,0.00119097,0,238316,0.00618246,47.0262
0,1,G4CMPDriftHole,1,0.00794986,53.326,270242,0.734009,0.00129354,0,247280,0.00665632,48.7951
0,1,G4CMPDriftHole,1,0.00986335,59.3979,301013,0.87538,0.00123892,0,281474,0.00862442,55.5423
0,1,G4CMPDriftHole,1,0.0108409,62.2718,315577,0.400551,0.00192395,0,286207,0.00891693,56.4764
0,1,G4CMPDriftHole,1,0.0090858,57.0086,288904,0.356392,0.00178484,0,258978,0.00730096,51.1033
0,1,G4CMPDriftHole,1,0.00466949,40.869,207113,0.418802,0.00121336,0,178183,0.00345613,35.1604
0,1,G4CMPDriftHole,1,0.00919279,57.3433,290600,1.03754,0.00092256,0,275633,0.00827023,54.3899
0,1,G4CMPDriftHole,1,0.010555,61.4452,311388,0.715323,0.0015347,0,287861,0.0090203,56.8028
0,1,G4CMPDriftHole,1,0.0109891,62.6959,317726,0.90622,0.00126058,0,298948,0.00972849,58.9905
0,1,G4CMPDriftHole,1,0.00930789,57.7012,292414,0.361975,0.00180387,0,262554,0.00750401,51.8091
0,1,G4CMPDriftHole,1,0.00892382,56.4982,286318,0.728996,0.00138392,0,263182,0.0075399,51.9328
0,1,G4CMPDriftHole,1,0.0102066,60.4228,306206,0.470741,0.00179992,0,277898,0.00840673,54.8368
0,1,G4CMPDriftHole,1,0.00638739,47.7992,242234,0.918686,0.000917512,0,224162,0.00546988,44.2331
0,1,G4CMPDriftHole,1,0.00666524,48.8278,247446,0.537647,0.00137682,0,220412,0.00528842,43.4933
0,1,G4CMPDriftHole,1,0.00715535,50.5911,256382,0.455033,0.00150129,0,227904,0.00565405,44.9717
0,1,G4CMPDriftHole,1,0.0099431,59.6376,302227,0.915688,0.00117773,0,283764,0.00876536,55.9943
0,1,G4CMPDriftHole,1,0.00827556,54.4074,275722,0.704542,0.00135958,0,252057,0.00691598,49.7377
0,1,G4CMPDriftHole,1,0.00883611,56.2198,284907,0.130421,0.00186711,0,253022,0.006969,49.928
0,1,G4CMPDriftHole,1,0.0082034,54.1696,274517,0.443792,0.00162486,0,245831,0.00657854,48.5092
0,1,G4CMPDriftHole,1,0.00619627,47.0787,238582,0.908277,0.000915759,0,220247,0.00528051,43.4607
0,1,G4CMPDriftHole,1,0.00648126,48.1491,244007,0.299341,0.00152135,0,213456,0.0049599,42.1207
0,1,G4CMPDriftHole,1,0.0123904,66.5735,337376,0.292562,0.00215134,0,306692,0.010239,60.5185
0,1,G4CMPDriftHole,1,0.00929138,57.65,292155,0.482185,0.0017014,0,264054,0.00758998,52.105
0,1,G4CMPDriftHole,1,0.00530594,43.5652,220777,0.752947,0.00101629,0,198511,0.00428965,39.1715
0,1,G4CMPDriftHole,1,0.0034159,34.9552,177143,1.31142,0.00020562,0,171729,0.00321028,33.8868
0,1,G4CMPDriftHole,1,0.00203504,26.9802,136728,0.589787,0.000683599,0,111422,0.00135144,21.9866
0,1,G4CMPDriftHole,1,0.0105885,61.5428,311882,0.487736,0.00181824,0,283844,0.0087703,56.0101
0,1,G4CMPDriftHole,1,0.00640851,47.8782,242634,0.278829,0.0015221,0,211869,0.00488642,41.8075
0,1,G4CMPDriftHole,1,0.0149331,73.0859,370380,0.852936,0.00159473,0,350045,0.0133383,69.0732
0,1,G4CMPDriftHole,1,0.0132545,68.8557,348942,0.609439,0.00189258,0,323071,0.0113619,63.7505
0,1,G4CMPDriftHole,1,0.0205566,85.75,434558,0.149044,0.00289919,0,402750,0.0176574,79.4734
0,1,G4CMPDriftHole,1,0.0153818,74.1758,375903,0.233498,0.00245035,0,344664,0.0129314,68.0115
0,1,G4CMPDriftHole,1,0.0183427,81.001,410491,0.251468,0.00267379,0,379395,0.0156689,74.8649
0,1,G4CMPDriftHole,1,0.0158098,75.2007,381097,0.690633,0.00194616,0,356871,0.0138636,70.4202
0,1,G4CMPDriftHole,1,0.0133004,68.9749,349546,1.21809,0.000733479,0,339771,0.0125669,67.046
0,1,G4CMPDriftHole,1,0.0127954,67.6528,342846,0.506739,0.00198818,0,315086,0.0108072,62.175
0,1,G4CMPDriftHole,1,0.00704467,50.1983,254392,0.83324,0.00108622,0,233959,0.00595845,46.1664
0,1,G4CMPDriftHole,1,0.00930789,57.7012,292414,0.726545,0.00141913,0,269201,0.00788876,53.1207
0,1,G4CMPDriftHole,1,0.0131652,68.6234,347765,0.856516,0.00148389,0,327580,0.0116813,64.6405
0,1,G4CMPDriftHole,1,0.0150228,73.3053,371491,0.341374,0.00234068,0,341326,0.0126822,67.3528
0,1,G4CMPDriftHole,1,0.0112815,63.5246,321925,0.88132,0.00132252,0,302468,0.00995894,59.6851
0,1,G4CMPDriftHole,1,0.0106278,61.6567,312459,0.553953,0.00174967,0,285583,0.0088781,56.3533
0,1,G4CMPDriftHole,1,0.00685155,49.5055,250881,0.920758,0.000951393,0,232811,0.00590016,45.94
0,1,G4CMPDriftHole,1,0.015661,74.8461,379300,0.320714,0.00241011,0,348896,0.0132509,68.8466
0,1,G4CMPDriftHole,1,0.00870205,55.7917,282737,0.549759,0.00157686,0,255841,0.00712519,50.4844
0,1,G4CMPDriftHole,1,0.010537,61.3927,311122,0.867953,0.00129671,0,291350,0.00924026,57.4912
0,1,G4CMPDriftHole,1,0.0118836,65.1978,330405,0.732152,0.00160951,0,307216,0.0102741,60.622
0,1,G4CMPDriftHole,1,0.0150605,73.3972,371957,0.565298,0.00208862,0,345203,0.0129719,68.1179
0,1,G4CMPDriftHole,1,0.00204453,27.043,137047,0.958738,0.000439066,0,121443,0.00160546,23.964
0,1,G4CMPDriftHole,1,0.00469465,40.9789,207670,0.549108,0.00112874,0,180991,0.00356591,35.7144
0,1,G4CMPDriftHole,1,0.0108189,62.2086,315256,0.303384,0.00199587,0,284696,0.00882301,56.1781
0,1,G4CMPDriftHole,1,0.0081591,54.0232,273775,0.684736,0.00137351,0,249670,0.00678559,49.2666
0,1,G4CMPDriftHole,1,0.0140087,70.7877,358733,0.592693,0.00197266,0,332517,0.012036,65.6146
0,1,G4CMPDriftHole,1,0.0117383,64.7981,328379,1.05642,0.00101954,0,313795,0.0107188,61.9202
0,1,G4CMPDriftHole,1,0.0125994,67.1327,340210,0.426274,0.0020583,0,311183,0.0105411,61.4047
0,1,G4CMPDriftHole,1,0.00667759,48.873,247675,0.680146,0.00123684,0,223564,0.00544076,44.1152
0,1,G4CMPDriftHole,1,0.0179418,80.1111,405981,1.08013,0.00122802,0,391841,0.0167138,77.3209
0,1,G4CMPDriftHole,1,0.017075,78.1519,396053,0.806047,0.00180909,0,374485,0.0152659,73.8959
0,1,G4CMPDriftHole,1,0.0214373,87.5678,443770,0.216675,0.0029248,0,412388,0.0185125,81.3752
0,1,G4CMPDriftHole,1,0.00959409,58.5816,296876,1.04471,0.000932046,0,282087,0.00866205,55.6633
0,1,G4CMPDriftHole,1,0.0214001,87.4917,443385,0.710876,0.00224212,0,419515,0.019158,82.7816
0,1,G4CMPDriftHole,1,0.0195517,83.628,423804,0.789407,0.00197914,0,401782,0.0175726,79.2824
0,1,G4CMPDriftHole,1,0.0174969,79.1115,400916,0.648234,0.00212716,0,375756,0.0153697,74.1467
0,1,G4CMPDriftHole,1,0.015791,75.1561,380871,0.342452,0.00240167,0,350714,0.0133894,69.2053
0,1,G4CMPDriftHole,1,0.0215796,87.8578,445240,0.589906,0.00248042,0,418870,0.0190991,82.6544
0,1,G4CMPDriftHole,1,0.0193304,83.1534,421399,1.11782,0.00117977,0,408337,0.0181507,80.5759
0,1,G4CMPDriftHole,1,0.0174847,79.0839,400776,0.366916,0.00250921,0,370905,0.0149755,73.1896
0,1,G4CMPDriftHole,1,0.0160668,75.8095,384182,1.17838,0.00091693,0,373059,0.0151499,73.6146
0,1,G4CMPDriftHole,1,0.0173331,78.7402,399034,0.8601,0.0017117,0,378819,0.0156214,74.7512
0,1,G4CMPDriftHole,1,0.0201607,84.9204,430354,0.500903,0.00253294,0,402412,0.0176278,79.4068
0,1,G4CMPDriftHole,1,0.0181898,80.6628,408777,0.316939,0.00260957,0,378320,0.0155802,74.6528
0,1,G4CMPDriftHole,1,0.0207201,86.0904,436283,1.01371,0.00150393,0,420151,0.0192162,82.9072
0,1,G4CMPDriftHole,1,0.0198749,84.3162,427292,0.838039,0.0018905,0,406462,0.0179844,80.2059
0,1,G4CMPDriftHole,1,0.0199564,84.4891,428168,0.550145,0.00244537,0,401078,0.0175111,79.1435
0,1,G4CMPDriftHole,1,0.0175499,79.2312,401522,1.36547,0.00046097,0,396214,0.0170889,78.1837
0,1,G4CMPDriftHole,1,0.0175503,79.2321,401527,0.702918,0.00203435,0,377539,0.0155159,74.4986
0,1,G4CMPDriftHole,1,0.0176667,79.4944,402856,0.753916,0.00194561,0,380026,0.0157211,74.9894
0,1,G4CMPDriftHole,1,0.0106857,61.8244,313309,1.10735,0.000868844,0,300302,0.00981681,59.2576
0,1,G4CMPDriftHole,1,0.00643551,47.9789,243144,0.318907,0.00150543,0,212814,0.00493008,41.9939
0,1,G4CMPDriftHole,1,0.0116941,64.6758,327760,0.350098,0.00204507,0,297724,0.00964902,58.749
0,1,G4CMPDriftHole,1,0.0129603,68.0873,345048,0.982399,0.00122947,0,328274,0.0117308,64.7773
0,1,G4CMPDriftHole,1,0.0137223,70.0603,355047,0.462495,0.00211424,0,326552,0.011608,64.4375
0,1,G4CMPDriftHole,1,0.0129548,68.0729,344975,0.486823,0.00202418,0,316880,0.0109306,62.5289
0,1,G4CMPDriftHole,1,0.00591432,45.9951,233091,0.750581,0.0010819,0,210695,0.00483242,41.5759
0,1,G4CMPDriftHole,1,0.0181198,80.5074,407990,0.568789,0.00229652,0,381260,0.0158233,75.2329
0,1,G4CMPDriftHole,1,0.0148654,72.9201,369539,0.522006,0.00213231,0,342011,0.0127331,67.4879
0,1,G4CMPDriftHole,1,0.0128888,67.8993,344095,0.430573,0.00207879,0,315127,0.01081,62.183
0,1,G4CMPDriftHole,1,0.0108862,62.4018,316235,0.794456,0.0014402,0,294575,0.009446,58.1277
0,1,G4CMPDriftHole,1,0.00527557,43.4404,220144,0.851118,0.000904218,0,200392,0.00437135,39.5428
0,1,G4CMPDriftHole,1,0.00494241,42.0464,213080,1.0021,0.000691453,0,197613,0.00425096,38.9944
0,1,G4CMPDriftHole,1,0.00422614,38.8804,197035,1.22565,0.000354424,0,188592,0.00387171,37.2144
0,1,G4CMPDriftHole,1,0.0157218,74.9912,380035,0.916491,0.00150829,0,361346,0.0142135,71.3033
0,1,G4CMPDriftHole,1,0.0162973,76.3514,386929,0.281472,0.00249241,0,356114,0.0138049,70.271
0,1,G4CMPDriftHole,1,0.0115679,64.3261,325987,0.899819,0.00130777,0,307008,0.0102602,60.581
0,1,G4CMPDriftHole,1,0.010656,61.7385,312874,0.623905,0.00166695,0,287362,0.00898905,56.7043
0,1,G4CMPDriftHole,1,0.0128453,67.7846,343514,0.426786,0.00207888,0,314491,0.0107664,62.0576
0,1,G4CMPDriftHole,1,0.012893,67.9103,344151,1.01054,0.001169,0,328178,0.011724,64.7584
0,1,G4CMPDriftHole,1,0.01234,66.438,336690,0.768811,0.00158328,0,314349,0.0107567,62.0296
0,1,G4CMPDriftHole,1,0.0121485,65.9204,334067,1.00154,0.00114924,0,317873,0.0109992,62.7249
0,1,G4CMPDriftHole,1,0.0101647,60.2984,305576,0.897616,0.00122251,0,286612,0.00894216,56.5562
0,1,G4CMPDriftHole,1,0.0090493,56.894,288324,0.13632,0.00188927,0,256466,0.00716003,50.6077
0,1,G4CMPDriftHole,1,0.0100613,59.9911,304019,0.799825,0.00137202,0,282530,0.00868932,55.7509
0,1,G4CMPDriftHole,1,0.00813493,53.9431,273369,0.670571,0.00138832,0,248952,0.00674661,49.1249
0,1,G4CMPDriftHole,1,0.00824278,54.2995,275175,0.379356,0.00167874,0,245560,0.00656404,48.4557
0,1,G4CMPDriftHole,1,0.00982231,59.2742,300386,1.00225,0.00102074,0,284350,0.00880157,56.1098
0,1,G4CMPDriftHole,1,0.00883808,56.2261,284939,0.119595,0.00187003,0,253005,0.00696805,49.9246
0,1,G4CMPDriftHole,1,0.00740363,51.4614,260792,1.23227,0.000494215,0,251938,0.00690942,49.7141
0,1,G4CMPDriftHole,1,0.00945418,58.1528,294703,0.477444,0.00172174,0,266521,0.00773244,52.5917
0,1,G4CMPDriftHole,1,0.00834163,54.6241,276820,0.595747,0.00149315,0,250824,0.00684848,49.4944
0,1,G4CMPDriftHole,1,0.00675351,49.15,249079,0.51567,0.00140594,0,221641,0.00534757,43.7358
0,1,G4CMPDriftHole,1,0.00546429,44.2105,224047,0.651912,0.00113547,0,199415,0.00432882,39.3499
0,1,G4CMPDriftHole,1,0.0253872,95.2941,482925,0.55196,0.00276931,0,455825,0.0226178,89.9466
0,1,G4CMPDriftHole,1,0.0223767,89.4658,453389,0.908895,0.00184029,0,434345,0.0205364,85.708
0,1,G4CMPDriftHole,1,0.0200961,84.7842,429664,0.796202,0.00199349,0,407796,0.0181026,80.4692
0,1,G4CMPDriftHole,1,0.0248227,94.2288,477526,0.73383,0.00237267,0,454131,0.02245,89.6123
0,1,G4CMPDriftHole,1,0.0228285,90.3645,457943,0.440758,0.00279011,0,429046,0.0200384,84.6624
0,1,G4CMPDriftHole,1,0.0201275,84.8504,429999,0.611456,0.00235494,0,404061,0.0177726,79.7322
0,1,G4CMPDriftHole,1,0.012238,66.1628,335295,0.477305,0.00197458,0,307056,0.0102634,60.5905
0,1,G4CMPDriftHole,1,0.0105194,61.3414,310862,0.50353,0.00179556,0,283091,0.0087238,55.8614
0,1,G4CMPDriftHole,1,0.0118155,65.0107,329457,0.73028,0.00160745,0,306227,0.010208,60.4268
0,1,G4CMPDriftHole,1,0.00789361,53.137,269284,0.400938,0.00162489,0,239973,0.00626872,47.3531
0,1,G4CMPDriftHole,1,0.0121816,66.0101,334522,0.139223,0.00220913,0,302673,0.00997244,59.7255
0,1,G4CMPDriftHole,1,0.00753941,51.9311,263173,0.314931,0.00164102,0,232777,0.00589839,45.9331
0,1,G4CMPDriftHole,1,0.0247404,94.0725,476734,0.915901,0.00192234,0,457839,0.0228181,90.3439
0,1,G4CMPDriftHole,1,0.0261861,96.782,490465,0.289362,0.00318189,0,459702,0.0230042,90.7116
0,1,G4CMPDriftHole,1,0.00608268,46.6452,236385,0.240627,0.00149625,0,205263,0.00458643,40.5039
0,1,G4CMPDriftHole,1,0.0118266,65.0412,329611,0.171854,0.00216337,0,297943,0.0096632,58.7922
0,1,G4CMPDriftHole,1,0.0122691,66.2468,335721,0.762954,0.00158795,0,313243,0.0106811,61.8112
0,1,G4CMPDriftHole,1,0.00768484,52.4296,265699,0.797367,0.00118814,0,244297,0.0064967,48.2065
0,1,G4CMPDriftHole,1,0.0110092,62.7534,318017,0.893277,0.00128443,0,298891,0.00972478,58.9792
0,1,G4CMPDriftHole,1,0.00771638,52.5371,266244,1.25573,0.00046544,0,258089,0.00725094,50.928
0,1,G4CMPDriftHole,1,0.00821523,54.2087,274715,0.507971,0.00156951,0,247083,0.00664571,48.7562
0,1,G4CMPDriftHole,1,0.0138674,70.4298,356919,0.767787,0.00168697,0,334506,0.0121804,66.0071
0,1,G4CMPDriftHole,1,0.0107259,61.9406,313898,0.581771,0.00172533,0,287546,0.00900055,56.7405
0,1,G4CMPDriftHole,1,0.0136939,69.9878,354679,0.740247,0.00172254,0,331622,0.0119713,65.438
0,1,G4CMPDriftHole,1,0.0146648,72.4264,367037,0.811354,0.00165841,0,345661,0.0130064,68.2083
0,1,G4CMPDriftHole,1,0.0144043,71.7802,363763,1.06588,0.00112051,0,349328,0.0132837,68.9318
0,1,G4CMPDriftHole,1,0.0105593,61.4577,311451,0.457833,0.0018453,0,282932,0.008714,55.83
0,1,G4CMPDriftHole,1,0.0172304,78.5066,397850,0.842726,0.00174273,0,377194,0.0154876,74.4306
0,1,G4CMPDriftHole,1,0.0141757,71.2085,360865,0.416688,0.00220004,0,331683,0.0119757,65.45
0,1,G4CMPDriftHole,1,0.013436,69.3257,351324,0.456879,0.00209702,0,322745,0.011339,63.6863
0,1,G4CMPDriftHole,1,0.00837711,54.7402,277408,0.240623,0.0017755,0,246262,0.00660162,48.5942
0,1,G4CMPDriftHole,1,0.019605,83.7418,424381,1.0096,0.00147018,0,408159,0.0181348,80.5407
0,1,G4CMPDriftHole,1,0.0246624,93.924,475981,1.03815,0.00158131,0,460469,0.0230811,90.8629
0,1,G4CMPDriftHole,1,0.0235692,91.8188,465313,1.12632,0.0012895,0,452405,0.0222797,89.2717
0,1,G4CMPDriftHole,1,0.0218278,88.3616,447793,0.615619,0.00244954,0,421920,0.0193782,83.2561
0,1,G4CMPDriftHole,1,0.0261023,96.627,489680,0.239006,0.00322174,0,458465,0.0228806,90.4675
0,1,G4CMPDriftHole,1,0.0201563,84.9112,430307,0.517616,0.00250807,0,402646,0.0176483,79.453
0,1,G4CMPDriftHole,1,0.0190478,82.5433,418307,0.403086,0.00258408,0,388899,0.0164637,76.7402
0,1,G4CMPDriftHole,1,0.0145759,72.2067,365924,0.3698,0.00227853,0,336108,0.0122974,66.3232
0,1,G4CMPDriftHole,1,0.0163248,76.4158,387255,0.373142,0.00241464,0,357469,0.0139102,70.5383
0,1,G4CMPDriftHole,1,0.0117726,64.8926,328858,0.077185,0.00218526,0,296771,0.00958735,58.561
0,1,G4CMPDriftHole,1,0.0118415,65.0821,329819,0.468875,0.00194937,0,301451,0.0098921,59.4844
0,1,G4CMPDriftHole,1,0.0116116,64.4472,326601,0.137411,0.00215472,0,294744,0.00945683,58.161
0,1,G4CMPDriftHole,1,0.00575671,45.3781,229964,0.594968,0.00122202,0,204102,0.00453469,40.2747
0,1,G4CMPDriftHole,1,0.0101254,60.1817,304985,0.507757,0.0017551,0,277295,0.00837026,54.7178
0,1,G4CMPDriftHole,1,0.0111272,63.0889,319717,1.01321,0.00107292,0,303913,0.0100543,59.9702
0,1,G4CMPDriftHole,1,0.0100569,59.9778,303951,0.285361,0.0019314,0,273210,0.00812548,53.9118
0,1,G4CMPDriftHole,1,0.00798275,53.4362,270800,0.629043,0.0014219,0,245501,0.00656086,48.4439
0,1,G4CMPDriftHole,1,0.00585616,45.7684,231942,0.424022,0.00136887,0,203032,0.00448729,40.0637
0,1,G4CMPDriftHole,1,0.0101262,60.1842,304997,0.362851,0.00188569,0,275138,0.00824053,54.2921
0,1,G4CMPDriftHole,1,0.00759009,52.1054,264056,0.888054,0.00105486,0,245021,0.00653523,48.3492
0,1,G4CMPDriftHole,1,0.00569753,45.1442,228779,0.17328,0.00146666,0,197146,0.00423087,38.9022
0,1,G4CMPDriftHole,1,0.00574348,45.3259,229699,0.421632,0.00135613,0,200758,0.00438735,39.615
0,1,G4CMPDriftHole,1,0.00472191,41.0977,208272,0.367221,0.00124962,0,178600,0.00347229,35.2425
0,1,G4CMPDriftHole,1,0.00443853,39.8455,201926,0.7762,0.000897098,0,180369,0.00354144,35.5917
0,1,G4CMPDriftHole,1,0.00585504,45.764,231920,0.965207,0.000812493,0,215227,0.00504255,42.4702
0,1,G4CMPDriftHole,1,0.00865297,55.6342,281939,0.473389,0.00164595,0,253711,0.00700701,50.064
0,1,G4CMPDriftHole,1,0.0165147,76.8588,389500,0.258009,0.00252679,0,358466,0.0139879,70.7351
0,1,G4CMPDriftHole,1,0.0154409,74.3182,376625,0.471005,0.00223948,0,348243,0.0132014,68.7178
0,1,G4CMPDriftHole,1,0.0151683,73.6593,373286,0.816676,0.00167844,0,352027,0.0134899,69.4645
0,1,G4CMPDriftHole,1,0.0263859,97.1505,492333,1.08584,0.0014958,0,478174,0.0248901,94.3567
0,1,G4CMPDriftHole,1,0.0254721,95.4534,483732,0.188457,0.00321759,0,452149,0.0222545,89.2212
0,1,G4CMPDriftHole,1,0.022212,89.1359,451717,0.118429,0.00303105,0,419766,0.0191809,82.8312
0,1,G4CMPDriftHole,1,0.0182213,80.7326,409131,0.227108,0.00268111,0,377834,0.0155402,74.5568
0,1,G4CMPDriftHole,1,0.0169845,77.9444,395001,0.395979,0.00244148,0,365510,0.014543,72.125
0,1,G4CMPDriftHole,1,0.0145358,72.1072,365420,0.42336,0.00222226,0,336329,0.0123135,66.3668
0,1,G4CMPDriftHole,1,0.0123289,66.408,336538,0.925879,0.00130511,0,318227,0.0110237,62.7948
0,1,G4CMPDriftHole,1,0.0110258,62.8006,318256,0.359156,0.00197548,0,288339,0.00905029,56.8971
0,1,G4CMPDriftHole,1,0.00583383,45.681,231499,0.18235,0.00148284,0,199925,0.004351,39.4506
0,1,G4CMPDriftHole,1,0.0183712,81.064,410810,0.685431,0.00211621,0,386426,0.016255,76.2522
0,1,G4CMPDriftHole,1,0.015827,75.2418,381305,0.4196,0.00232788,0,352149,0.0134992,69.4884
0,1,G4CMPDriftHole,1,0.0139704,70.691,358243,0.293942,0.00229038,0,327563,0.01168,64.637
0,1,G4CMPDriftHole,1,0.017444,78.9917,400309,0.258794,0.00259948,0,369279,0.0148445,72.8688
0,1,G4CMPDriftHole,1,0.0130534,68.3315,346285,0.527174,0.00198474,0,318875,0.0110686,62.9225
0,1,G4CMPDriftHole,1,0.0107994,62.1525,314972,0.0637304,0.00209031,0,282852,0.00870907,55.8142
0,1,G4CMPDriftHole,1,0.0088576,56.2882,285253,0.598811,0.00153863,0,259297,0.00731898,51.1663
0,1,G4CMPDriftHole,1,0.0127886,67.6349,342755,0.574063,0.00190443,0,316206,0.0108842,62.396
0,1,G4CMPDriftHole,1,0.0174589,79.0256,400480,0.894665,0.0016437,0,381162,0.0158152,75.2136
0,1,G4CMPDriftHole,1,0.0222055,89.123,451651,0.595688,0.00250753,0,425387,0.019698,83.9402
0,1,G4CMPDriftHole,1,0.0174087,78.9119,399904,0.777778,0.00188417,0,377644,0.0155246,74.5193
0,1,G4CMPDriftHole,1,0.0249961,94.5574,479191,0.306101,0.00308967,0,448599,0.0219065,88.5208
0,1,G4CMPDriftHole,1,0.0212835,87.2529,442174,0.398859,0.00274307,0,412698,0.0185404,81.4364
0,1,G4CMPDriftHole,1,0.0185464,81.4495,412764,0.302011,0.00264927,0,382148,0.0158971,75.4081
0,1,G4CMPDriftHole,1,0.0146001,72.2665,366227,0.343268,0.00230428,0,336087,0.0122958,66.319
0,1,G4CMPDriftHole,1,0.0108231,62.2208,315318,0.889696,0.00127873,0,296106,0.0095444,58.4297
0,1,G4CMPDriftHole,1,0.00296427,32.5625,165018,1.09966,0.000412164,0,153116,0.00255211,30.214
0,1,G4CMPDriftHole,1,0.00481769,41.5124,210374,1.25544,0.000344503,0,202713,0.00447319,40.0007
0,1,G4CMPDriftHole,1,0.0126523,67.2733,340923,0.252853,0.0022007,0,309858,0.0104516,61.1434
0,1,G4CMPDriftHole,1,0.00746412,51.6712,261856,0.703736,0.00128648,0,238223,0.00617763,47.0078
0,1,G4CMPDriftHole,1,0.00633253,47.5935,241191,0.669043,0.00121322,0,216859,0.0051193,42.7922
0,1,G4CMPDriftHole,1,0.00888008,56.3595,285615,0.321031,0.00178676,0,255269,0.00709332,50.3714
0,1,G4CMPDriftHole,1,0.00413407,38.4546,194877,0.168426,0.00123373,0,163229,0.00290034,32.2094
0,1,G4CMPDriftHole,1,0.00663641,48.7221,246910,0.244991,0.00156608,0,215820,0.00507033,42.587
0,1,G4CMPDriftHole,1,0.00446087,39.9456,202434,1.08773,0.000546228,0,189635,0.00391464,37.4201
0,1,G4CMPDriftHole,1,0.00536413,43.8035,221984,1.02048,0.00070083,0,206976,0.0046633,40.8419
0,1,G4CMPDriftHole,1,0.00521944,43.2087,218970,0.632521,0.00112501,0,193941,0.00409443,38.2698
0,1,G4CMPDriftHole,1,0.0118527,65.1131,329976,0.382007,0.00203324,0,300343,0.0098195,59.2657
0,1,G4CMPDriftHole,1,0.0095632,58.4872,296397,0.429884,0.00177559,0,267470,0.00778761,52.779
0,1,G4CMPDriftHole,1,0.00996957,59.7169,302629,1.25446,0.000547036,0,294209,0.00942253,58.0554
0,1,G4CMPDriftHole,1,0.0109093,62.4679,316570,0.146129,0.00208235,0,284759,0.00882692,56.1906
0,1,G4CMPDriftHole,1,0.00820874,54.1873,274607,0.506096,0.0015706,0,246942,0.00663814,48.7284
0,1,G4CMPDriftHole,1,0.0322063,107.332,543930,0.251023,0.00358006,0,512808,0.0286262,101.191
0,1,G4CMPDriftHole,1,0.0281061,100.267,508128,0.185241,0.00338768,0,476522,0.0247184,94.0307
0,1,G4CMPDriftHole,1,0.0263656,97.1131,492143,1.08492,0.001498,0,477958,0.0248676,94.3139
0,1,G4CMPDriftHole,1,0.0319478,106.9,541743,0.726003,0.00272673,0,518108,0.0292211,102.237
0,1,G4CMPDriftHole,1,0.0292861,102.35,518685,0.365637,0.00328228,0,488755,0.0260038,96.4446
0,1,G4CMPDriftHole,1,0.0267289,97.7799,495522,0.418453,0.00306059,0,466290,0.0236683,92.0117
0,1,G4CMPDriftHole,1,0.0239505,92.5585,469062,0.684111,0.00243502,0,444578,0.0215155,87.7273
0,1,G4CMPDriftHole,1,0.0219592,88.6273,449139,0.188069,0.00297965,0,417557,0.0189796,82.3953
0,1,G4CMPDriftHole,1,0.00910764,57.0771,289251,0.531428,0.00163492,0,262006,0.00747272,51.7009
0,1,G4CMPDriftHole,1,0.00846557,55.0284,278869,0.254252,0.00177891,0,247843,0.00668665,48.9061
0,1,G4CMPDriftHole,1,0.000884917,17.7914,90162.1,0.363739,0.000477772,0,61157.1,0.000407145,12.0679
0,1,G4CMPDriftHole,1,0.0115043,64.1488,325089,0.562376,0.00181479,0,298348,0.00968947,58.872
0,1,G4CMPDriftHole,1,0.00958233,58.5457,296694,0.998857,0.00101274,0,280577,0.0085696,55.3655
0,1,G4CMPDriftHole,1,0.0099735,59.7287,302689,0.273923,0.0019296,0,271835,0.00804389,53.6404
0,1,G4CMPDriftHole,1,0.0113141,63.6164,322391,1.27686,0.000541844,0,314576,0.0107722,62.0743
0,1,G4CMPDriftHole,1,0.0211345,86.9472,440625,0.248884,0.00288032,0,409500,0.0182542,80.8054
0,1,G4CMPDriftHole,1,0.0175973,79.3381,402064,0.880937,0.00168066,0,382383,0.0159166,75.4544
0,1,G4CMPDriftHole,1,0.0204629,85.5544,433567,0.454231,0.00261787,0,404884,0.017845,79.8946
0,1,G4CMPDriftHole,1,0.0165997,77.0565,390502,0.292385,0.00250801,0,359794,0.0140917,70.9972
0,1,G4CMPDriftHole,1,0.017076,78.1541,396064,1.25189,0.000757536,0,387179,0.0163184,76.4009
0,1,G4CMPDriftHole,1,0.0165434,76.9256,389838,0.304878,0.00249352,0,359260,0.0140499,70.8916
0,1,G4CMPDriftHole,1,0.0140281,70.8368,358982,0.235784,0.00233364,0,327766,0.0116945,64.677
0,1,G4CMPDriftHole,1,0.0165051,76.8365,389387,1.12419,0.00106593,0,376603,0.0154391,74.314
0,1,G4CMPDriftHole,1,0.0194472,83.4041,422670,0.446415,0.00255932,0,393876,0.0168879,77.7224
0,1,G4CMPDriftHole,1,0.0187973,81.9987,415547,0.645046,0.00221451,0,390303,0.0165828,77.0173
0,1,G4CMPDriftHole,1,0.0172837,78.6281,398466,0.997971,0.00140091,0,381976,0.0158828,75.3742
0,1,G4CMPDriftHole,1,0.0153528,74.106,375549,1.17272,0.000907528,0,364281,0.0144453,71.8824
0,1,G4CMPDriftHole,1,0.0124147,66.6389,337708,0.408676,0.00205922,0,308431,0.0103555,60.8618
0,1,G4CMPDriftHole,1,0.0131445,68.5694,347491,0.861996,0.00147253,0,327449,0.0116719,64.6146
0,1,G4CMPDriftHole,1,0.0151618,73.6434,373205,0.784026,0.00173934,0,351146,0.0134224,69.2907
0,1,G4CMPDriftHole,1,0.0139812,70.7181,358380,0.24256,0.00232551,0,327221,0.0116557,64.5695
0,1,G4CMPDriftHole,1,0.0134049,69.2453,350916,0.260898,0.00226349,0,319920,0.0111414,63.1289
0,1,G4CMPDriftHole,1,0.0168434,77.6199,393357,1.12782,0.00106892,0,380671,0.0157744,75.1166
0,1,G4CMPDriftHole,1,0.0157234,74.995,380054,0.702733,0.00191984,0,356097,0.0138036,70.2675
0,1,G4CMPDriftHole,1,0.00712468,50.4826,255832,0.927014,0.000963447,0,237907,0.00616124,46.9454
0,1,G4CMPDriftHole,1,0.0106949,61.8512,313445,0.465214,0.00185062,0,285039,0.00884433,56.246
0,1,G4CMPDriftHole,1,0.0116756,64.6247,327501,0.820621,0.00145212,0,306459,0.0102235,60.4726
0,1,G4CMPDriftHole,1,0.0108668,62.3462,315954,1.01427,0.00105696,0,300195,0.00980983,59.2366
0,1,G4CMPDriftHole,1,0.0184415,81.219,411596,0.51084,0.00240373,0,383835,0.0160378,75.7411
0,1,G4CMPDriftHole,1,0.015501,74.4626,377356,0.293657,0.00241882,0,346666,0.0130821,68.4066
0,1,G4CMPDriftHole,1,0.0156258,74.7619,378873,0.51081,0.00220369,0,351142,0.0134221,69.2899
0,1,G4CMPDriftHole,1,0.0135705,69.6719,353078,0.505721,0.00205211,0,325289,0.0115184,64.1883
0,1,G4CMPDriftHole,1,0.0157096,74.962,379887,0.51308,0.00220693,0,352194,0.0135026,69.4974
0,1,G4CMPDriftHole,1,0.0120887,65.758,333244,0.716117,0.00164912,0,309681,0.0104396,61.1083
0,1,G4CMPDriftHole,1,0.0107722,62.0742,314575,0.694024,0.00158199,0,290559,0.0091902,57.3352
0,1,G4CMPDriftHole,1,0.0104422,61.1159,309719,1.05531,0.000957282,0,295181,0.00948487,58.2472
0,1,G4CMPDriftHole,1,0.00903017,56.8338,288019,0.532833,0.00162603,0,260801,0.00740414,51.4632
0,1,G4CMPDriftHole,1,0.00969344,58.8841,298409,1.04642,0.000934353,0,283663,0.00875909,55.9743
0,1,G4CMPDriftHole,1,0.0174086,78.9117,399903,0.915896,0.00159436,0,381151,0.0158143,75.2114
0,1,G4CMPDriftHole,1,0.0162057,76.1364,385839,0.686393,0.00197906,0,361512,0.0142266,71.3361
0,1,G4CMPDriftHole,1,0.0140866,70.9843,359730,0.778641,0.00168202,0,337570,0.0124046,66.6117
0,1,G4CMPDriftHole,1,0.0150672,73.4133,372039,0.118922,0.00247635,0,340094,0.0125908,67.1098
0,1,G4CMPDriftHole,1,0.0117379,64.7969,328373,0.980052,0.00116909,0,311591,0.0105688,61.4854
0,1,G4CMPDriftHole,1,0.0105069,61.3051,310678,0.612194,0.00166923,0,284932,0.00883768,56.2248
0,1,G4CMPDriftHole,1,0.00460942,40.6052,205776,0.424396,0.0012015,0,176936,0.00340792,34.9143
0,1,G4CMPDriftHole,1,0.00508762,42.6596,216187,0.858563,0.000877427,0,196663,0.0042102,38.807
0,1,G4CMPDriftHole,1,0.00888879,56.3872,285755,0.83328,0.00123399,0,265179,0.0076548,52.327
0,1,G4CMPDriftHole,1,0.0119547,65.3925,331392,1.1154,0.000908742,0,318547,0.0110459,62.8579
0,1,G4CMPDriftHole,1,0.0112167,63.3419,320999,0.816058,0.00142855,0,299862,0.00978811,59.1709
0,1,G4CMPDriftHole,1,0.0179775,80.1906,406384,0.523753,0.00235367,0,378849,0.0156238,74.7571
0,1,G4CMPDriftHole,1,0.0101432,60.2346,305253,0.800714,0.00137668,0,283783,0.0087665,55.9979
0,1,G4CMPDriftHole,1,0.00959513,58.5847,296892,0.876682,0.00121833,0,277403,0.00837679,54.7391
0,1,G4CMPDriftHole,1,0.0144365,71.8603,364169,0.420758,0.00221698,0,335042,0.0122195,66.1127
0,1,G4CMPDriftHole,1,0.012163,65.9598,334266,0.264877,0.00214832,0,303313,0.0100147,59.8518
0,1,G4CMPDriftHole,1,0.00903647,56.8536,288119,1.25056,0.000522868,0,279659,0.0085136,55.1843
0,1,G4CMPDriftHole,1,0.00982919,59.295,300491,0.520021,0.00171488,0,273022,0.00811431,53.8747
0,1,G4CMPDriftHole,1,0.0136119,69.778,353616,0.796992,0.00161928,0,331917,0.0119926,65.4962
0,1,G4CMPDriftHole,1,0.0104108,61.0242,309254,0.648392,0.00161483,0,284260,0.00879602,56.0922
0,1,G4CMPDriftHole,1,0.0316518,106.404,539227,1.28199,0.000963584,0,530956,0.0306882,104.772
0,1,G4CMPDriftHole,1,0.0325009,107.822,546412,0.475053,0.00329286,0,517993,0.029208,102.214
0,1,G4CMPDriftHole,1,0.026823,97.9518,496393,0.917012,0.0020032,0,477498,0.0248198,94.2232
0,1,G4CMPDriftHole,1,0.0247358,94.0636,476689,0.404605,0.00295849,0,447275,0.0217773,88.2594
0,1,G4CMPDriftHole,1,0.0239179,92.4955,468742,0.611841,0.00257656,0,442775,0.0213414,87.3715
0,1,G4CMPDriftHole,1,0.0274533,99.0961,502192,0.555763,0.00287726,0,475148,0.0245761,93.7595
0,1,G4CMPDriftHole,1,0.0198874,84.3429,427427,0.539739,0.00245711,0,400152,0.0174303,78.9609
0,1,G4CMPDriftHole,1,0.0175607,79.2556,401646,0.34312,0.00253819,0,371487,0.0150225,73.3044
0,1,G4CMPDriftHole,1,0.0117869,64.932,329058,0.713717,0.00163062,0,305450,0.0101563,60.2735
0,1,G4CMPDriftHole,1,0.00576603,45.4148,230150,0.337468,0.0014093,0,200057,0.00435673,39.4766
0,1,G4CMPDriftHole,1,0.00889613,56.4104,285873,0.179352,0.0018587,0,254261,0.00703743,50.1725
0,1,G4CMPDriftHole,1,0.00446134,39.9477,202444,0.317337,0.00123525,0,172152,0.00322609,33.9701
0,1,G4CMPDriftHole,1,0.00515831,42.9549,217684,0.737728,0.00101622,0,195066,0.00414209,38.4919
0,1,G4CMPDriftHole,1,0.0111157,63.056,319551,0.954883,0.00118107,0,302098,0.00993459,59.6121
0,1,G4CMPDriftHole,1,0.0098392,59.3252,300644,1.20111,0.000648546,0,290567,0.00919066,57.3366
0,1,G4CMPDriftHole,1,0.00926825,57.5782,291791,0.985985,0.00101618,0,275330,0.00825207,54.3301
0,1,G4CMPDriftHole,1,0.0199817,84.5425,428439,0.33953,0.00271864,0,398228,0.0172631,78.581
0,1,G4CMPDriftHole,1,0.0116163,64.4605,326668,0.24146,0.00211035,0,295509,0.00950599,58.312
0,1,G4CMPDriftHole,1,0.00921448,57.4109,290943,0.517238,0.00165962,0,263442,0.00755485,51.9843
0,1,G4CMPDriftHole,1,0.00759965,52.1382,264222,1.23834,0.000491587,0,255534,0.00710806,50.4237
0,1,G4CMPDriftHole,1,0.0106899,61.8368,313372,0.393224,0.00191595,0,283904,0.008774,56.0219
0,1,G4CMPDriftHole,1,0.00988211,59.4544,301299,0.51386,0.00172623,0,273721,0.00815588,54.0125
0,1,G4CMPDriftHole,1,0.00473952,41.1743,208660,0.856804,0.000844895,0,189150,0.00389462,37.3243
0,1,G4CMPDriftHole,1,0.00493942,42.0336,213015,0.756466,0.000972991,0,190885,0.00396643,37.6668
0,1,G4CMPDriftHole,1,0.00937331,57.9036,293440,0.577085,0.00161081,0,267038,0.0077625,52.6938
0,1,G4CMPDriftHole,1,0.0172562,78.5655,398149,0.264338,0.00258084,0,367170,0.0146754,72.4525
0,1,G4CMPDriftHole,1,0.0128088,67.6882,343026,0.0981336,0.00227985,0,311003,0.0105289,61.3693
0,1,G4CMPDriftHole,1,0.0127394,67.5047,342096,0.600723,0.00186512,0,316063,0.0108743,62.3677
0,1,G4CMPDriftHole,1,0.0139553,70.6528,358049,0.894604,0.00145772,0,338834,0.0124976,66.861
0,1,G4CMPDriftHole,1,0.013114,68.49,347089,1.3498,0.00042044,0,341480,0.0126936,67.3831
0,1,G4CMPDriftHole,1,0.0185918,81.5493,413270,0.396725,0.00255878,0,383778,0.016033,75.7298
0,1,G4CMPDriftHole,1,0.00588618,45.8855,232536,1.31755,0.000295522,0,226623,0.00559066,44.7188
0,1,G4CMPDriftHole,1,0.00626013,47.3206,239808,0.445066,0.00140424,0,211206,0.00485589,41.6767
0,1,G4CMPDriftHole,1,0.00485687,41.6809,211228,0.419543,0.00123926,0,182299,0.00361761,35.9724
0,1,G4CMPDriftHole,1,0.0175655,79.2665,401701,0.33791,0.00254345,0,371482,0.0150221,73.3034
0,1,G4CMPDriftHole,1,0.0127005,67.4014,341572,0.817563,0.00152471,0,320414,0.0111758,63.2263
0,1,G4CMPDriftHole,1,0.00730764,51.1267,259096,1.14743,0.000633239,0,247616,0.0066744,48.8613
0,1,G4CMPDriftHole,1,0.0130535,68.3318,346287,0.614306,0.00187054,0,320517,0.011183,63.2467
0,1,G4CMPDriftHole,1,0.0101734,60.3244,305708,0.917,0.00119037,0,287267,0.00898308,56.6855
0,1,G4CMPDriftHole,1,0.00899978,56.7381,287533,0.0762278,0.00189663,0,255445,0.00710315,50.4063
0,1,G4CMPDriftHole,1,0.00813771,53.9523,273416,0.210286,0.00176131,0,242025,0.0063764,47.7581
0,1,G4CMPDriftHole,1,0.0121241,65.8542,333731,1.19654,0.000742298,0,323354,0.0113818,63.8064
0,1,G4CMPDriftHole,1,0.0147892,72.7331,368592,0.423707,0.00224216,0,339503,0.0125471,66.9931
0,1,G4CMPDriftHole,1,0.00870024,55.7859,282708,0.773668,0.00130463,0,260651,0.00739561,51.4335
0,1,G4CMPDriftHole,1,0.0168456,77.6251,393383,0.544684,0.00224538,0,366229,0.0146002,72.2668
0,1,G4CMPDriftHole,1,0.0146045,72.2774,366283,0.916345,0.00144992,0,347625,0.0131546,68.5959
0,1,G4CMPDriftHole,1,0.0093784,57.9193,293519,0.503369,0.00168926,0,265773,0.00768914,52.4443
0,1,G4CMPDriftHole,1,0.00642869,47.9535,243015,0.374465,0.00147242,0,213378,0.00495627,42.1053
0,1,G4CMPDriftHole,1,0.0102705,60.6114,307162,0.957944,0.00112552,0,289843,0.00914496,57.1939
0,1,G4CMPDriftHole,1,0.0103764,60.9233,308743,0.39841,0.00188165,0,279350,0.0084948,55.1233
0,1,G4CMPDriftHole,1,0.00465697,40.8141,206835,1.03501,0.00062727,0,192402,0.0040297,37.966
0,1,G4CMPDriftHole,1,0.0152086,73.757,373780,0.644454,0.00198152,0,348581,0.013227,68.7845
0,1,G4CMPDriftHole,1,0.0109112,62.4735,316599,0.290623,0.00201314,0,285904,0.00889808,56.4166
0,1,G4CMPDriftHole,1,0.0106697,61.7782,313075,1.0428,0.000992679,0,298156,0.00967701,58.8342
0,1,G4CMPDriftHole,1,0.010433,61.0891,309583,1.00399,0.00105226,0,293556,0.00938074,57.9265
0,1,G4CMPDriftHole,1,0.0222412,89.1946,452014,0.791545,0.00211357,0,430001,0.0201277,84.8507
0,1,G4CMPDriftHole,1,0.0192576,82.9965,420604,0.165549,0.00279485,0,388887,0.0164627,76.7379
0,1,G4CMPDriftHole,1,0.0173328,78.7396,399031,0.451839,0.00240329,0,370335,0.0149295,73.0772
0,1,G4CMPDriftHole,1,0.00966269,58.7906,297935,1.05818,0.000911366,0,283537,0.00875133,55.9495
0,1,G4CMPDriftHole,1,0.00859301,55.4411,280960,0.36222,0.00172863,0,251115,0.00686438,49.5518
0,1,G4CMPDriftHole,1,0.0110017,62.732,317909,0.691511,0.00160352,0,293829,0.00939817,57.9803
0,1,G4CMPDriftHole,1,0.0138467,70.3771,356652,0.484796,0.00209888,0,328511,0.0117478,64.8241
0,1,G4CMPDriftHole,1,0.0114672,64.0455,324565,0.509348,0.00187327,0,296874,0.00959398,58.5812
0,1,G4CMPDriftHole,1,0.0181399,80.552,408216,0.24763,0.00266105,0,377087,0.0154788,74.4095
0,1,G4CMPDriftHole,1,0.00843747,54.937,278406,0.185119,0.00180516,0,246834,0.00663231,48.707
0,1,G4CMPDriftHole,1,0.003832,37.023,187623,0.574812,0.000990878,0,161554,0.00284112,31.8789
0,1,G4CMPDriftHole,1,0.0096788,58.8396,298183,0.666695,0.0015296,0,273609,0.0081492,53.9904
0,1,G4CMPDriftHole,1,0.00821618,54.2118,274731,0.594092,0.00148281,0,248707,0.00673337,49.0767
0,1,G4CMPDriftHole,1,0.00737866,51.3745,260352,0.72306,0.00125538,0,237173,0.00612329,46.8006
0,1,G4CMPDriftHole,1,0.0173584,78.7979,399326,0.616026,0.00217154,0,373514,0.0151869,73.7044
0,1,G4CMPDriftHole,1,0.0177703,79.7272,404036,0.339048,0.00255782,0,373829,0.0152125,73.7665
0,1,G4CMPDriftHole,1,0.0172457,78.5415,398027,0.155925,0.00264307,0,366258,0.0146026,72.2727
0,1,G4CMPDriftHole,1,0.008768,56.0027,283807,0.893728,0.00113342,0,264829,0.00763458,52.2579
0,1,G4CMPDriftHole,1,0.0205899,85.8196,434911,0.904812,0.00177049,0,415792,0.0188194,82.0469
0,1,G4CMPDriftHole,1,0.0202374,85.0818,431172,0.221839,0.00283517,0,399830,0.0174023,78.8973
0,1,G4CMPDriftHole,1,0.0161641,76.0387,385343,0.699992,0.00195291,0,361316,0.0142112,71.2974
0,1,G4CMPDriftHole,1,0.0111297,63.0958,319753,0.487804,0.0018669,0,291705,0.00926278,57.5612
0,1,G4CMPDriftHole,1,0.0121436,65.9072,334000,0.342351,0.00209231,0,303867,0.0100513,59.9612
0,1,G4CMPDriftHole,1,0.00688863,49.6393,251558,0.147885,0.00163109,0,219768,0.00525754,43.3661
0,1,G4CMPDriftHole,1,0.00882888,56.1968,284790,0.576266,0.00156089,0,258392,0.00726799,50.9878
0,1,G4CMPDriftHole,1,0.00893502,56.5336,286497,0.356901,0.00176868,0,256579,0.00716635,50.63
0,1,G4CMPDriftHole,1,0.0124661,66.7765,338405,0.853481,0.00144635,0,318169,0.0110197,62.7833
0,1,G4CMPDriftHole,1,0.0128539,67.8074,343630,0.72547,0.00168917,0,320256,0.0111648,63.1952
0,1,G4CMPDriftHole,1,0.01007,60.017,304150,0.285259,0.00193279,0,273408,0.00813722,53.9507
0,1,G4CMPDriftHole,1,0.012647,67.2593,340852,0.369434,0.002115,0,311048,0.010532,61.3781
0,1,G4CMPDriftHole,1,0.0098368,59.3179,300607,0.42802,0.00180404,0,271647,0.00803276,53.6033
0,1,G4CMPDriftHole,1,0.00871847,55.8443,283004,0.181655,0.00183809,0,251408,0.00688037,49.6095
0,1,G4CMPDriftHole,1,0.00475174,41.2273,208929,0.821312,0.000884795,0,188476,0.00386694,37.1914
0,1,G4CMPDriftHole,1,0.023589,91.8573,465508,0.726971,0.00232504,0,441971,0.0212639,87.2129
0,1,G4CMPDriftHole,1,0.0215266,87.7499,444693,0.735517,0.00219825,0,421376,0.0193284,83.1489
0,1,G4CMPDriftHole,1,0.017637,79.4276,402518,1.01504,0.00137562,0,386501,0.0162614,76.2672
0,1,G4CMPDriftHole,1,0.015182,73.6925,373454,0.534684,0.00213936,0,346142,0.0130426,68.3032
0,1,G4CMPDriftHole,1,0.0115365,64.2387,325545,0.410004,0.00197978,0,296297,0.00955676,58.4675
0,1,G4CMPDriftHole,1,0.0154216,74.2719,376390,0.911258,0.00150367,0,357570,0.013918,70.5581
0,1,G4CMPDriftHole,1,0.0157605,75.0835,380503,0.82753,0.00169187,0,359500,0.0140687,70.939
0,1,G4CMPDriftHole,1,0.013964,70.6748,358161,0.651271,0.00188367,0,333129,0.0120804,65.7353
0,1,G4CMPDriftHole,1,0.00981344,59.2475,300250,1.09247,0.000855832,0,286859,0.00895761,56.605
0,1,G4CMPDriftHole,1,0.00424469,38.9657,197467,1.09782,0.000517654,0,185035,0.00372703,36.5124
0,1,G4CMPDriftHole,1,0.0215607,87.8194,445045,0.701644,0.00226963,0,420970,0.0192911,83.0687
0,1,G4CMPDriftHole,1,0.0191759,82.8204,419712,0.71992,0.00209894,0,396076,0.017077,78.1565
0,1,G4CMPDriftHole,1,0.0187276,81.8466,414776,1.09079,0.00122965,0,400928,0.017498,79.114
0,1,G4CMPDriftHole,1,0.0200296,84.6438,428952,0.859749,0.0018493,0,408670,0.0181803,80.6417
0,1,G4CMPDriftHole,1,0.0183448,81.0057,410515,0.10129,0.0027497,0,378501,0.0155951,74.6884
0,1,G4CMPDriftHole,1,0.0151988,73.7333,373660,0.601758,0.00204609,0,347600,0.0131527,68.5909
0,1,G4CMPDriftHole,1,0.01315,68.5839,347565,0.201015,0.00227418,0,316085,0.0108758,62.3721
0,1,G4CMPDriftHole,1,0.0111867,63.2572,320571,0.586814,0.00175815,0,294303,0.00942856,58.074
0,1,G4CMPDriftHole,1,0.0200438,84.6738,429104,0.994357,0.00152642,0,412441,0.0185174,81.3858
0,1,G4CMPDriftHole,1,0.0199525,84.4808,428126,0.345132,0.00271093,0,397980,0.0172416,78.5322
0,1,G4CMPDriftHole,1,0.0209717,86.6115,438924,0.313065,0.00281403,0,408416,0.0181576,80.5914
0,1,G4CMPDriftHole,1,0.0186244,81.6206,413631,0.536391,0.00237913,0,386310,0.0162452,76.2293
0,1,G4CMPDriftHole,1,0.0264588,97.2846,493012,0.429321,0.00302907,0,463934,0.0234298,91.5467
0,1,G4CMPDriftHole,1,0.0234093,91.5068,463732,1.08841,0.00139496,0,449703,0.0220143,88.7385
0,1,G4CMPDriftHole,1,0.0297125,103.093,522447,0.363832,0.00330926,0,492494,0.0264032,97.1823
0,1,G4CMPDriftHole,1,0.0255276,95.5573,484259,1.37998,0.00053092,0,479197,0.0249967,94.5584
0,1,G4CMPDriftHole,1,0.0212013,87.0844,441320,0.905658,0.00179619,0,422212,0.0194051,83.3138
0,1,G4CMPDriftHole,1,0.0207941,86.2439,437061,0.828009,0.00195904,0,415964,0.018835,82.0809
0,1,G4CMPDriftHole,1,0.019252,82.9845,420543,0.814682,0.00190949,0,399143,0.0173425,78.7617
0,1,G4CMPDriftHole,1,0.0173208,78.7123,398893,0.905886,0.00161216,0,379876,0.0157086,74.9597
0,1,G4CMPDriftHole,1,0.0160055,75.6647,383448,0.317141,0.00244071,0,353003,0.0135648,69.6571
0,1,G4CMPDriftHole,1,0.0135572,69.6375,352904,0.827334,0.00156133,0,331962,0.0119958,65.505
0,1,G4CMPDriftHole,1,0.0122568,66.2137,335553,0.214488,0.00218515,0,304175,0.0100717,60.0219
0,1,G4CMPDriftHole,1,0.0104518,61.1442,309862,0.885179,0.00126226,0,290550,0.00918958,57.3333
0,1,G4CMPDriftHole,1,0.0173322,78.7382,399024,0.467535,0.00238377,0,370570,0.0149484,73.1235
0,1,G4CMPDriftHole,1,0.0055909,44.7198,226628,1.01044,0.000731405,0,211285,0.0048595,41.6922
0,1,G4CMPDriftHole,1,0.00982941,59.2956,300494,0.158886,0.00196679,0,268755,0.00786262,53.0326
0,1,G4CMPDriftHole,1,0.00471333,41.0604,208083,1.02239,0.000647507,0,193262,0.00406583,38.1358
0,1,G4CMPDriftHole,1,0.00419178,38.7221,196233,0.11731,0.00125311,0,164304,0.00293868,32.4216
0,1,G4CMPDriftHole,1,0.0138428,70.3673,356602,0.53393,0.00203869,0,329298,0.0118041,64.9793
0,1,G4CMPDriftHole,1,0.00945663,58.1604,294741,1.01554,0.000976195,0,279114,0.00848044,55.0767
0,1,G4CMPDriftHole,1,0.01887,82.157,416350,0.849289,0.00181467,0,395824,0.0170553,78.1068
0,1,G4CMPDriftHole,1,0.0180893,80.4396,407646,1.10996,0.00115775,0,394386,0.0169316,77.8229
0,1,G4CMPDriftHole,1,0.0230892,90.879,460550,0.391661,0.0028707,0,430970,0.0202185,85.042
0,1,G4CMPDriftHole,1,0.0135275,69.5614,352519,0.467786,0.00209251,0,324109,0.011435,63.9555
0,1,G4CMPDriftHole,1,0.0116804,64.638,327568,0.721844,0.00161045,0,304149,0.0100699,60.0167
0,1,G4CMPDriftHole,1,0.0101109,60.1387,304767,1.10808,0.000840694,0,291821,0.0092702,57.5842
0,1,G4CMPDriftHole,1,0.00843082,54.9154,278296,1.0194,0.000909035,0,262865,0.00752178,51.8704
0,1,G4CMPDriftHole,1,0.00738035,51.3804,260382,0.663339,0.00132517,0,235850,0.00605518,46.5396
0,1,G4CMPDriftHole,1,0.0128685,67.8459,343825,0.683431,0.00175579,0,319509,0.0111127,63.0478
0,1,G4CMPDriftHole,1,0.0113083,63.6,322307,1.13316,0.00084456,0,310038,0.0104637,61.1789
0,1,G4CMPDriftHole,1,0.0134416,69.34,351397,0.339546,0.00220947,0,321220,0.0112321,63.3854
0,1,G4CMPDriftHole,1,0.0057659,45.4143,230147,0.46562,0.00132854,0,201899,0.00443736,39.8402
0,1,G4CMPDriftHole,1,0.00746172,51.6629,261813,0.0986755,0.00171328,0,229799,0.00574844,45.3455
0,1,G4CMPDriftHole,1,0.00410268,38.3083,194136,1.18497,0.000399237,0,184449,0.00370344,36.3967
0,1,G4CMPDriftHole,1,0.00995521,59.6739,302411,0.275946,0.00192657,0,271577,0.00802864,53.5895
0,1,G4CMPDriftHole,1,0.00734344,51.2518,259730,0.927722,0.000978814,0,241802,0.00636463,47.714
0,1,G4CMPDriftHole,1,0.00818869,54.1211,274271,0.598539,0.00147534,0,248337,0.00671335,49.0037
0,1,G4CMPDriftHole,1,0.00771829,52.5436,266277,1.0325,0.000843992,0,251297,0.0068743,49.5876
0,1,G4CMPDriftHole,1,0.00773218,52.5908,266516,0.158846,0.00173165,0,234783,0.00600052,46.3291
0,1,G4CMPDriftHole,1,0.00597936,46.2473,234369,0.372336,0.0014173,0,204717,0.00456207,40.3961
0,1,G4CMPDriftHole,1,0.0144052,71.7825,363774,0.792977,0.00167635,0,341953,0.0127288,67.4766
0,1,G4CMPDriftHole,1,0.0145008,72.0203,364980,1.01325,0.00124068,0,349017,0.0132601,68.8704
0,1,G4CMPDriftHole,1,0.0153118,74.0068,375046,0.683299,0.0019257,0,350670,0.0133861,69.1967
0,1,G4CMPDriftHole,1,0.0143168,71.5619,362656,0.788139,0.00167959,0,340720,0.0126372,67.2333
0,1,G4CMPDriftHole,1,0.0128131,67.6997,343084,1.0636,0.00105518,0,328653,0.0117579,64.8522
0,1,G4CMPDriftHole,1,0.0159243,75.4725,382474,0.373581,0.00238301,0,352697,0.0135413,69.5967
0,1,G4CMPDriftHole,1,0.0156895,74.9141,379644,0.442819,0.00229143,0,350828,0.0133981,69.2277
0,1,G4CMPDriftHole,1,0.0119064,65.2602,330721,0.403168,0.00201933,0,301374,0.00988704,59.4692
0,1,G4CMPDriftHole,1,0.0136157,69.7878,353666,0.757902,0.00168749,0,331025,0.0119282,65.3201
0,1,G4CMPDriftHole,1,0.0151242,73.5522,372743,1.30737,0.000567455,0,365683,0.0145568,72.1591
0,1,G4CMPDriftHole,1,0.0325891,107.968,547153,0.93819,0.00215459,0,528756,0.0304345,104.338
0,1,G4CMPDriftHole,1,0.0302822,104.077,527432,0.167685,0.00353205,0,495719,0.0267501,97.8187
0,1,G4CMPDriftHole,1,0.0264141,97.2024,492596,0.444903,0.00300364,0,463743,0.0234105,91.5091
0,1,G4CMPDriftHole,1,0.0272636,98.753,500454,0.251267,0.00328467,0,469340,0.0239789,92.6133
0,1,G4CMPDriftHole,1,0.0234205,91.5287,463843,0.717746,0.00233615,0,440102,0.0210844,86.8439
0,1,G4CMPDriftHole,1,0.0189056,82.2346,416743,0.941801,0.00160565,0,398653,0.0173,78.665
0,1,G4CMPDriftHole,1,0.0233662,91.4225,463304,0.224268,0.00305312,0,431977,0.0203131,85.2407
0,1,G4CMPDriftHole,1,0.0143017,71.5242,362465,1.36228,0.000413073,0,357192,0.0138886,70.4837
0,1,G4CMPDriftHole,1,0.014668,72.4343,367077,0.907238,0.00147184,0,348174,0.0131961,68.7041
0,1,G4CMPDriftHole,1,0.0204093,85.4424,432999,0.825014,0.00194647,0,411834,0.0184628,81.2659
0,1,G4CMPDriftHole,1,0.0206503,85.9452,435547,0.162499,0.00289968,0,403812,0.0177506,79.6829
0,1,G4CMPDriftHole,1,0.0148967,72.9968,369928,0.49452,0.00216935,0,341933,0.0127274,67.4727
0,1,G4CMPDriftHole,1,0.0174209,78.9396,400044,0.513049,0.00233006,0,372331,0.0150909,73.471
0,1,G4CMPDriftHole,1,0.0127428,67.5137,342141,0.509149,0.00198105,0,314423,0.0107618,62.0442
0,1,G4CMPDriftHole,1,0.0139694,70.6883,358229,0.750192,0.00172398,0,335397,0.0122454,66.1829
0,1,G4CMPDriftHole,1,0.0113029,63.5849,322231,0.369407,0.00199332,0,292440,0.00930958,57.7064
0,1,G4CMPDriftHole,1,0.0184552,81.249,411748,0.702265,0.00209023,0,387730,0.0163649,76.5097
0,1,G4CMPDriftHole,1,0.0144604,71.92,364471,0.393397,0.00224659,0,334964,0.0122138,66.0975
0,1,G4CMPDriftHole,1,0.0139146,70.5495,357526,1.12441,0.000968991,0,344853,0.0129456,68.0487
0,1,G4CMPDriftHole,1,0.0130288,68.2669,345959,0.778872,0.00161292,0,323837,0.0114158,63.9018
0,1,G4CMPDriftHole,1,0.0127133,67.4355,341745,0.563562,0.00191203,0,315000,0.0108013,62.1579
0,1,G4CMPDriftHole,1,0.0107638,62.0499,314452,0.683022,0.00159673,0,290193,0.00916703,57.2629
0,1,G4CMPDriftHole,1,0.0106658,61.767,313018,0.667844,0.00160975,0,288431,0.00905608,56.9153
0,1,G4CMPDriftHole,1,0.00636307,47.7081,241772,0.215251,0.00154263,0,210434,0.00482044,41.5243
0,1,G4CMPDriftHole,1,0.00481945,41.52,210412,0.927503,0.000771792,0,192830,0.00404765,38.0505
0,1,G4CMPDriftHole,1,0.0049185,41.9445,212564,1.0807,0.00058846,0,199443,0.00433004,39.3555
0,1,G4CMPDriftHole,1,0.00751726,51.8548,262786,1.04938,0.000804619,0,248324,0.00671264,49.0011
0,1,G4CMPDriftHole,1,0.0146891,72.4865,367342,0.747234,0.00177588,0,344422,0.0129133,67.9637
0,1,G4CMPDriftHole,1,0.0139165,70.5544,357551,0.818325,0.00159992,0,336370,0.0123166,66.375
0,1,G4CMPDriftHole,1,0.00948902,58.2599,295245,0.971569,0.0010543,0,278361,0.00843472,54.9281
0,1,G4CMPDriftHole,1,0.0177574,79.6983,403890,0.78734,0.00188499,0,381851,0.0158724,75.3496
0,1,G4CMPDriftHole,1,0.012811,67.6941,343055,1.08083,0.0010187,0,329133,0.0117923,64.9469
0,1,G4CMPDriftHole,1,0.00901567,56.7882,287787,0.525773,0.00163182,0,260444,0.00738385,51.3926
0,1,G4CMPDriftHole,1,0.0110321,62.8186,318348,0.282302,0.00203013,0,287568,0.00900196,56.745
0,1,G4CMPDriftHole,1,0.00153566,23.4372,118774,0.207214,0.000701845,0,87519.9,0.000833813,17.27
0,1,G4CMPDriftHole,1,0.00473797,41.1676,208626,0.608562,0.00108691,0,183140,0.00365106,36.1384
0,1,G4CMPDriftHole,1,0.00847959,55.074,279100,0.60413,0.00149712,0,253266,0.00698247,49.9762
0,1,G4CMPDriftHole,1,0.00555212,44.5644,225841,0.341691,0.00137857,0,195806,0.00417355,38.6378
0,1,G4CMPDriftHole,1,0.00377998,36.7709,186345,1.11277,0.000464699,0,174515,0.00331528,34.4365
0,1,G4CMPDriftHole,1,0.0202764,85.1637,431587,0.52783,0.00250045,0,404100,0.017776,79.7399
0,1,G4CMPDriftHole,1,0.00864159,55.5976,281754,0.620355,0.00149401,0,256243,0.00714759,50.5637
0,1,G4CMPDriftHole,1,0.00566468,45.0139,228118,0.92179,0.000853524,0,210231,0.00481115,41.4843
0,1,G4CMPDriftHole,1,0.0170684,78.1367,395976,0.723922,0.00196652,0,372467,0.0151018,73.4977
0,1,G4CMPDriftHole,1,0.0157156,74.9763,379960,1.01802,0.00128546,0,364089,0.0144301,71.8445
0,1,G4CMPDriftHole,1,0.0208611,86.3828,437765,0.546711,0.0025082,0,410605,0.0183529,81.0235
0,1,G4CMPDriftHole,1,0.0168296,77.5881,393196,0.545249,0.00224345,0,366051,0.0145861,72.2318
0,1,G4CMPDriftHole,1,0.0180087,80.2603,406738,0.637648,0.00217778,0,381352,0.015831,75.2511
0,1,G4CMPDriftHole,1,0.0258724,96.2006,487519,0.178309,0.00324998,0,455871,0.0226225,89.9557
0,1,G4CMPDriftHole,1,0.0224871,89.6863,454506,0.740041,0.00223955,0,431280,0.0202476,85.1031
0,1,G4CMPDriftHole,1,0.0211856,87.0521,441157,0.303984,0.00283744,0,410552,0.0183481,81.013
0,1,G4CMPDriftHole,1,0.0265965,97.5375,494294,0.931088,0.00195533,0,475777,0.0246412,93.8837
0,1,G4CMPDriftHole,1,0.0245402,93.6911,474801,0.930992,0.00187403,0,456312,0.0226662,90.0426
0,1,G4CMPDriftHole,1,0.0155862,74.6671,378393,0.519291,0.00218968,0,350807,0.0133965,69.2237
0,1,G4CMPDriftHole,1,0.0262218,96.848,490799,1.07266,0.00153077,0,476258,0.0246911,93.9786
0,1,G4CMPDriftHole,1,0.0247898,94.1664,477210,0.847742,0.00210031,0,456547,0.0226895,90.089
0,1,G4CMPDriftHole,1,0.030276,104.066,527378,0.812067,0.00243027,0,505769,0.0278457,99.8018
0,1,G4CMPDriftHole,1,0.0293896,102.531,519600,1.06244,0.00165983,0,504714,0.0277298,99.5938
0,1,G4CMPDriftHole,1,0.0305526,104.54,529781,0.771524,0.00254898,0,507201,0.0280036,100.084
0,1,G4CMPDriftHole,1,0.0257318,95.9388,486192,0.141345,0.00326087,0,454342,0.0224709,89.654
0,1,G4CMPDriftHole,1,0.0248313,94.2451,477609,0.807964,0.00220022,0,455959,0.0226311,89.9729
0,1,G4CMPDriftHole,1,0.0193283,83.1488,421375,1.03722,0.00138931,0,405949,0.017939,80.1047
0,1,G4CMPDriftHole,1,0.0198902,84.3487,427456,0.893423,0.00176492,0,408051,0.0181252,80.5195
0,1,G4CMPDriftHole,1,0.0184852,81.315,412083,0.450139,0.00248772,0,383352,0.0159975,75.6457
0,1,G4CMPDriftHole,1,0.0162349,76.2052,386187,1.2255,0.00080335,0,376511,0.0154316,74.2958
0,1,G4CMPDriftHole,1,0.0153737,74.1564,375805,0.867587,0.0015905,0,355835,0.0137833,70.2158
0,1,G4CMPDriftHole,1,0.00939636,57.9747,293800,0.294256,0.00185789,0,263156,0.00753847,51.9279
0,1,G4CMPDriftHole,1,0.00912229,57.123,289484,0.712955,0.00142196,0,265967,0.00770033,52.4824
0,1,G4CMPDriftHole,1,0.00479224,41.4027,209818,0.709468,0.00100293,0,186575,0.00378931,36.8162
0,1,G4CMPDriftHole,1,0.0191892,82.849,419856,0.567932,0.00236795,0,393098,0.0168212,77.5689
0,1,G4CMPDriftHole,1,0.0165376,76.9122,389770,0.571058,0.00218558,0,363102,0.014352,71.6499
0,1,G4CMPDriftHole,1,0.00772975,52.5826,266474,0.480774,0.00154315,0,238396,0.00618661,47.0419
0,1,G4CMPDriftHole,1,0.0161652,76.0413,385357,0.701978,0.00194952,0,361374,0.0142157,71.3088
0,1,G4CMPDriftHole,1,0.010621,61.6371,312360,0.700713,0.00156065,0,288500,0.00906038,56.9288
0,1,G4CMPDriftHole,1,0.00885297,56.2734,285179,0.320338,0.00178429,0,254825,0.00706867,50.2838
0,1,G4CMPDriftHole,1,0.00726776,50.987,258388,0.6805,0.00129481,0,234243,0.00597295,46.2225
0,1,G4CMPDriftHole,1,0.00982442,59.2806,300418,1.01292,0.00100185,0,284689,0.00882257,56.1767
0,1,G4CMPDriftHole,1,0.0247806,94.1488,477121,0.782737,0.0022581,0,454863,0.0225225,89.7568
0,1,G4CMPDriftHole,1,0.0235554,91.7919,465177,0.660075,0.00246271,0,440188,0.0210927,86.8611
0,1,G4CMPDriftHole,1,0.0210734,86.8214,439987,0.667756,0.00230865,0,415188,0.0187648,81.9277
0,1,G4CMPDriftHole,1,0.0152688,73.9029,374520,0.67028,0.00194424,0,349864,0.0133246,69.0376
0,1,G4CMPDriftHole,1,0.00828406,54.4353,275863,0.362254,0.0016952,0,246024,0.00658886,48.5472
0,1,G4CMPDriftHole,1,0.00748935,51.7584,262298,0.572835,0.00143213,0,235890,0.00605722,46.5474
0,1,G4CMPDriftHole,1,0.0153309,74.0531,375281,0.60625,0.00204875,0,349307,0.0132822,68.9277
0,1,G4CMPDriftHole,1,0.013671,69.9293,354383,0.0599338,0.00236656,0,322253,0.0113045,63.5893
0,1,G4CMPDriftHole,1,0.0104539,61.1503,309893,0.482209,0.00181153,0,281767,0.00864239,55.6001
0,1,G4CMPDriftHole,1,0.0140976,71.0121,359870,0.648573,0.00189732,0,334779,0.0122003,66.0609
0,1,G4CMPDriftHole,1,0.012072,65.7125,333013,0.501429,0.00193391,0,305176,0.0101381,60.2194
0,1,G4CMPDriftHole,1,0.0118593,65.1311,330067,0.952376,0.00122838,0,312506,0.0106309,61.6658
0,1,G4CMPDriftHole,1,0.0106802,61.8085,313229,0.144792,0.0020596,0,281411,0.00862059,55.53
0,1,G4CMPDriftHole,1,0.00844082,54.9479,278461,0.847066,0.00117957,0,258272,0.00726125,50.9641
0,1,G4CMPDriftHole,1,0.00547871,44.2689,224343,0.248535,0.00141126,0,193301,0.00406745,38.1435
0,1,G4CMPDriftHole,1,0.00548274,44.2851,224425,0.959433,0.000790044,0,207627,0.00469269,40.9704
0,1,G4CMPDriftHole,1,0.0115874,64.3801,326261,0.856047,0.00138597,0,306128,0.0102014,60.4072
0,1,G4CMPDriftHole,1,0.0110721,62.9322,318924,0.634641,0.00168724,0,293620,0.00938481,57.9391
0,1,G4CMPDriftHole,1,0.00975002,59.0557,299278,0.636778,0.0015737,0,274064,0.00817632,54.0802
0,1,G4CMPDriftHole,1,0.0196246,83.7836,424593,0.479018,0.00252817,0,396301,0.0170964,78.2008
0,1,G4CMPDriftHole,1,0.018892,82.205,416593,1.10904,0.00118804,0,403281,0.017704,79.5783
0,1,G4CMPDriftHole,1,0.031356,105.906,536702,1.17853,0.0013252,0,525238,0.0300308,103.644
0,1,G4CMPDriftHole,1,0.0397829,119.291,604534,0.578424,0.00343503,0,577846,0.0363478,114.025
0,1,G4CMPDriftHole,1,0.0357848,113.138,573353,1.05207,0.0018795,0,558093,0.0339053,110.127
0,1,G4CMPDriftHole,1,0.0238654,92.3938,468227,0.874012,0.00199327,0,448247,0.0218721,88.4513
0,1,G4CMPDriftHole,1,0.0181039,80.4721,407811,0.643703,0.00217348,0,382548,0.0159304,75.4871
0,1,G4CMPDriftHole,1,0.0193107,83.111,421184,0.395673,0.00261114,0,391675,0.0166996,77.288
0,1,G4CMPDriftHole,1,0.0152486,73.854,374272,0.333129,0.0023662,0,344010,0.0128824,67.8824
0,1,G4CMPDriftHole,1,0.0145903,72.2422,366104,0.584045,0.00202783,0,339711,0.0125625,67.0342
0,1,G4CMPDriftHole,1,0.0149948,73.2369,371145,0.606541,0.00202449,0,345182,0.0129703,68.1138
0,1,G4CMPDriftHole,1,0.0133331,69.0596,349975,0.198052,0.00229218,0,318474,0.0110409,62.8436
0,1,G4CMPDriftHole,1,0.0068485,49.4945,250825,0.789387,0.00112531,0,229293,0.00572319,45.2458
0,1,G4CMPDriftHole,1,0.0128776,67.8699,343946,0.479028,0.00202653,0,315725,0.0108511,62.3012
0,1,G4CMPDriftHole,1,0.01014,60.2251,305205,0.635941,0.00160816,0,279959,0.00853183,55.2434
0,1,G4CMPDriftHole,1,0.0116695,64.6079,327415,0.110934,0.0021679,0,295441,0.00950162,58.2986
0,1,G4CMPDriftHole,1,0.00475108,41.2245,208915,0.479788,0.00118612,0,180967,0.00356496,35.7097
0,1,G4CMPDriftHole,1,0.00797367,53.4058,270646,0.442263,0.0016016,0,241943,0.00637207,47.7418
0,1,G4CMPDriftHole,1,0.0060126,46.3757,235019,0.464837,0.00135963,0,206746,0.00465297,40.7966
0,1,G4CMPDriftHole,1,0.0197846,84.1246,426321,0.731937,0.00210993,0,402948,0.0176747,79.5124
0,1,G4CMPDriftHole,1,0.0179689,80.1715,406288,0.485606,0.00240561,0,378115,0.0155633,74.6123
0,1,G4CMPDriftHole,1,0.0136186,69.795,353702,0.488892,0.00207584,0,325632,0.0115427,64.2559
0,1,G4CMPDriftHole,1,0.0139195,70.5621,357590,0.703021,0.00179923,0,333679,0.0121203,65.8439
0,1,G4CMPDriftHole,1,0.0139955,70.7544,358564,0.817041,0.00160713,0,337349,0.0123884,66.5681
0,1,G4CMPDriftHole,1,0.00830315,54.498,276181,1.00412,0.000926338,0,260320,0.00737681,51.3681
0,1,G4CMPDriftHole,1,0.0114702,64.0537,324607,1.18251,0.000748559,0,313836,0.0107216,61.9284
0,1,G4CMPDriftHole,1,0.0133536,69.1128,350245,0.531914,0.00200285,0,322913,0.0113508,63.7194
0,1,G4CMPDriftHole,1,0.0252454,95.0277,481575,0.381722,0.00301956,0,451858,0.0222259,89.1638
0,1,G4CMPDriftHole,1,0.0192197,82.9148,420190,0.323836,0.00267917,0,389804,0.0165405,76.9189
0,1,G4CMPDriftHole,1,0.0193584,83.2135,421703,0.693485,0.00216017,0,397479,0.0171982,78.4333
0,1,G4CMPDriftHole,1,0.0181361,80.5435,408173,0.44419,0.00247041,0,379356,0.0156656,74.8571
0,1,G4CMPDriftHole,1,0.0160717,75.821,384240,0.0373603,0.00257841,0,352071,0.0134932,69.4732
0,1,G4CMPDriftHole,1,0.0127434,67.5152,342149,0.789578,0.00157578,0,320297,0.0111676,63.2032
0,1,G4CMPDriftHole,1,0.00745809,51.6503,261750,0.712377,0.00127561,0,238316,0.00618248,47.0263
0,1,G4CMPDriftHole,1,0.0102661,60.5985,307097,0.800357,0.00138623,0,285612,0.00887986,56.3589
0,1,G4CMPDriftHole,1,0.00880942,56.1348,284476,0.300063,0.00179196,0,253900,0.00701746,50.1013
0,1,G4CMPDriftHole,1,0.0187293,81.8502,414795,0.77944,0.00195514,0,392548,0.0167741,77.4603
0,1,G4CMPDriftHole,1,0.0161681,76.048,385391,0.670372,0.00200379,0,360720,0.0141643,71.1797
0,1,G4CMPDriftHole,1,0.0133382,69.0729,350043,0.560934,0.00196463,0,323237,0.0113736,63.7833
0,1,G4CMPDriftHole,1,0.0109877,62.692,317706,0.531455,0.00180682,0,290412,0.00918088,57.3061
0,1,G4CMPDriftHole,1,0.0089849,56.6912,287296,0.963601,0.00103609,0,270224,0.00794881,53.3224
0,1,G4CMPDriftHole,1,0.0139603,70.6653,358113,0.50556,0.00208317,0,330315,0.0118771,65.18
0,1,G4CMPDriftHole,1,0.0096134,58.6405,297174,0.136496,0.00195068,0,265316,0.00766272,52.3541
0,1,G4CMPDriftHole,1,0.00776052,52.6871,267004,0.652894,0.00137369,0,242223,0.00638683,47.7971
0,1,G4CMPDriftHole,1,0.0186759,81.7333,414203,0.84487,0.00181435,0,393569,0.0168615,77.6617
0,1,G4CMPDriftHole,1,0.0209771,86.6227,438980,0.660374,0.0023171,0,414026,0.01866,81.6986
0,1,G4CMPDriftHole,1,0.018686,81.7555,414315,0.64709,0.00220403,0,389114,0.016482,76.7827
0,1,G4CMPDriftHole,1,0.015787,75.1466,380823,0.644975,0.00202014,0,355624,0.0137669,70.1741
0,1,G4CMPDriftHole,1,0.0183973,81.1216,411103,0.302148,0.00263803,0,380488,0.0157593,75.0806
0,1,G4CMPDriftHole,1,0.00922218,57.4349,291065,0.365576,0.00179242,0,261252,0.00742977,51.5521
0,1,G4CMPDriftHole,1,0.0112288,63.376,321173,0.701431,0.00160682,0,297306,0.00962194,58.6665
0,1,G4CMPDriftHole,1,0.00948618,58.2512,295201,0.840324,0.00126769,0,274770,0.00821849,54.2194
0,1,G4CMPDriftHole,1,0.00679449,49.2989,249834,0.890739,0.000988314,0,230950,0.00580618,45.5726
0,1,G4CMPDriftHole,1,0.00380181,36.8769,186882,0.5089,0.00103104,0,159541,0.00277077,31.4818
0,1,G4CMPDriftHole,1,0.0134431,69.3441,351417,0.840655,0.00152997,0,330816,0.0119132,65.2789
0,1,G4CMPDriftHole,1,0.011762,64.8634,328710,0.372188,0.00203334,0,298950,0.00972867,58.991
0,1,G4CMPDriftHole,1,0.0101129,60.1445,304796,0.94603,0.00113671,0,287156,0.00897614,56.6636
0,1,G4CMPDriftHole,1,0.012656,67.2834,340974,0.209018,0.00222502,0,309553,0.010431,61.0832
0,1,G4CMPDriftHole,1,0.00394479,37.5639,190364,0.893037,0.000723817,0,172015,0.00322097,33.9432
0,1,G4CMPDriftHole,1,0.00288958,32.1497,162926,0.567911,0.000849861,0,136886,0.00203972,27.0113
0,1,G4CMPDriftHole,1,0.00247561,29.7577,150804,1.25657,0.000213869,0,144143,0.00226174,28.4433
0,1,G4CMPDriftHole,1,0.0157826,75.136,380769,0.531823,0.00218736,0,353399,0.0135952,69.7352
0,1,G4CMPDriftHole,1,0.00987846,59.4434,301243,0.339775,0.00187786,0,271103,0.0080006,53.4959
0,1,G4CMPDriftHole,1,0.00931326,57.7178,292498,1.38811,0.000259634,0,288392,0.00905363,56.9076
0,1,G4CMPDriftHole,1,0.00925124,57.5253,291523,0.975922,0.00103223,0,274778,0.00821901,54.2212
0,1,G4CMPDriftHole,1,0.0114792,64.079,324735,0.537818,0.00184191,0,297544,0.00963734,58.7134
0,1,G4CMPDriftHole,1,0.0048341,41.5831,210732,0.625421,0.00108461,0,185592,0.00374949,36.6223
0,1,G4CMPDriftHole,1,0.00378279,36.7845,186414,0.380549,0.00110027,0,156980,0.00268252,30.9764
0,1,G4CMPDriftHole,1,0.0123618,66.4966,336987,0.401562,0.00206121,0,307612,0.0103006,60.7001
0,1,G4CMPDriftHole,1,0.00823084,54.2601,274976,0.763156,0.00127995,0,252693,0.00695089,49.8631
0,1,G4CMPDriftHole,1,0.0100804,60.048,304307,0.799565,0.00137382,0,282811,0.0087066,55.8063
0,1,G4CMPDriftHole,1,0.0105283,61.3673,310993,1.13783,0.000801709,0,298918,0.00972655,58.9846
0,1,G4CMPDriftHole,1,0.0203317,85.2796,432174,0.848772,0.00188911,0,411607,0.0184425,81.2212
0,1,G4CMPDriftHole,1,0.02128,87.246,442139,0.679555,0.00229768,0,417588,0.0189824,82.4013
0,1,G4CMPDriftHole,1,0.00532737,43.6531,221222,0.811078,0.000955056,0,200414,0.00437232,39.5471
0,1,G4CMPDriftHole,1,0.00381657,36.9484,187245,1.14026,0.000434907,0,176254,0.00338167,34.7796
0,1,G4CMPDriftHole,1,0.00458932,40.5166,205327,1.05687,0.000594657,0,191563,0.00399466,37.8006
0,1,G4CMPDriftHole,1,0.0180089,80.2606,406739,0.337938,0.00257674,0,376518,0.0154321,74.2971
0,1,G4CMPDriftHole,1,0.0153309,74.053,375281,0.643968,0.00199069,0,350069,0.0133402,69.0781
0,1,G4CMPDriftHole,1,0.0140604,70.9182,359395,0.135905,0.00238292,0,327527,0.0116775,64.6299
0,1,G4CMPDriftHole,1,0.011088,62.9774,319153,1.18873,0.000721195,0,308599,0.0103668,60.8949
0,1,G4CMPDriftHole,1,0.0107315,61.957,313981,1.1339,0.000818349,0,301772,0.0099132,59.5478
0,1,G4CMPDriftHole,1,0.00849619,55.1279,279373,0.58832,0.00151608,0,253223,0.00698012,49.9678
0,1,G4CMPDriftHole,1,0.0152885,73.9504,374761,0.407189,0.00229908,0,345435,0.0129894,68.1637
0,1,G4CMPDriftHole,1,0.00625826,47.3136,239772,0.241794,0.00151884,0,208658,0.00473942,41.1739
0,1,G4CMPDriftHole,1,0.00852233,55.2126,279803,0.146607,0.00182725,0,247999,0.00669508,48.9369
0,1,G4CMPDriftHole,1,0.00648885,48.1773,244150,0.495485,0.00139261,0,216370,0.00509624,42.6957
0,1,G4CMPDriftHole,1,0.00599779,46.3185,234730,0.637003,0.00120973,0,209726,0.00478807,41.3846
0,1,G4CMPDriftHole,1,0.0108466,62.2882,315660,1.15308,0.000784711,0,304027,0.0100619,59.9928
0,1,G4CMPDriftHole,1,0.0104329,61.0888,309581,0.378532,0.0019034,0,279920,0.00852949,55.2358
0,1,G4CMPDriftHole,1,0.0183633,81.0465,410722,0.533648,0.00236563,0,383355,0.0159976,75.6462
0,1,G4CMPDriftHole,1,0.0152829,73.937,374693,0.17166,0.00247477,0,343017,0.0128081,67.6865
0,1,G4CMPDriftHole,1,0.0134487,69.3584,351490,0.367619,0.00218614,0,321656,0.0112626,63.4713
0,1,G4CMPDriftHole,1,0.00973304,59.0042,299018,0.675551,0.00152265,0,274634,0.00821038,54.1927
0,1,G4CMPDriftHole,1,0.0083811,54.7532,277475,0.392845,0.00168383,0,248040,0.00669727,48.945
0,1,G4CMPDriftHole,1,0.00694401,49.8384,252568,0.728719,0.00120782,0,229554,0.0057362,45.2972
0,1,G4CMPDriftHole,1,0.0168161,77.5572,393039,0.670024,0.00204639,0,368349,0.0147698,72.6851
0,1,G4CMPDriftHole,1,0.0139348,70.6008,357786,0.407583,0.00218944,0,328478,0.0117454,64.8175
0,1,G4CMPDriftHole,1,0.0135882,69.7172,353308,0.373489,0.00219277,0,323547,0.0113954,63.8446
0,1,G4CMPDriftHole,1,0.0111431,63.1338,319945,0.30015,0.00202939,0,289348,0.0091137,57.0961
0,1,G4CMPDriftHole,1,0.0110494,62.8679,318598,0.851921,0.00135771,0,298382,0.00969173,58.8789
0,1,G4CMPDriftHole,1,0.0197874,84.1305,426351,0.565575,0.00241011,0,399543,0.0173773,78.8406
0,1,G4CMPDriftHole,1,0.013688,69.9729,354604,0.750378,0.00170507,0,331783,0.011983,65.4698
0,1,G4CMPDriftHole,1,0.0101258,60.1831,304992,0.640323,0.00160138,0,279838,0.00852447,55.2195
0,1,G4CMPDriftHole,1,0.0107954,62.141,314914,0.53013,0.00179143,0,287601,0.00900398,56.7514
0,1,G4CMPDriftHole,1,0.00650797,48.2483,244509,0.578893,0.0013217,0,218273,0.00518627,43.0711
0,1,G4CMPDriftHole,1,0.00859166,55.4367,280938,0.0689908,0.00185157,0,248832,0.00674009,49.1012
0,1,G4CMPDriftHole,1,0.00426084,39.0397,197843,0.163935,0.00125525,0,166164,0.00300559,32.7887
0,1,G4CMPDriftHole,1,0.00469768,40.9922,207737,0.609128,0.00108132,0,182267,0.00361636,35.9662
0,1,G4CMPDriftHole,1,0.00580585,45.5714,230943,1.08493,0.000643058,0,217778,0.00516279,42.9736
0,1,G4CMPDriftHole,1,0.00668628,48.9048,247836,0.270215,0.00156121,0,216981,0.00512507,42.8163
0,1,G4CMPDriftHole,1,0.00810329,53.8381,272837,0.35336,0.00168132,0,242888,0.00642197,47.9284
0,1,G4CMPDriftHole,1,0.00595924,46.1694,233974,0.570202,0.00126764,0,207603,0.0046916,40.9656
0,1,G4CMPDriftHole,1,0.00344295,35.0933,177844,0.977509,0.000584079,0,162058,0.00285887,31.9784
0,1,G4CMPDriftHole,1,0.00175971,25.0888,127143,1.1628,0.000240757,0,118126,0.00151895,23.3094
0,1,G4CMPDriftHole,1,0.00624233,47.2533,239467,0.329623,0.00147523,0,209267,0.00476711,41.2939
0,1,G4CMPDriftHole,1,0.0101389,60.222,305189,0.396976,0.00185988,0,275780,0.00827905,54.4188
0,1,G4CMPDriftHole,1,0.00382993,37.013,187572,0.364807,0.00111534,0,157915,0.00271459,31.161
0,1,G4CMPDriftHole,1,0.00971474,58.9488,298736,0.547711,0.00167471,0,271770,0.00804003,53.6275
0,1,G4CMPDriftHole,1,0.00795754,53.3517,270372,0.740961,0.00128536,0,247575,0.00667218,48.8532
0,1,G4CMPDriftHole,1,0.00997494,59.733,302711,0.901626,0.00120333,0,283865,0.00877161,56.0143
0,1,G4CMPDriftHole,1,0.0136597,69.9005,354237,0.554401,0.00199811,0,327305,0.0116616,64.586
0,1,G4CMPDriftHole,1,0.0134601,69.3879,351639,0.797406,0.00160887,0,329955,0.0118513,65.1091
0,1,G4CMPDriftHole,1,0.0068038,49.3327,250005,1.09121,0.000695695,0,236879,0.00610811,46.7426
0,1,G4CMPDriftHole,1,0.00548031,44.2753,224375,0.997493,0.000740188,0,208673,0.00474012,41.1769
0,1,G4CMPDriftHole,1,0.00700496,50.0566,253674,0.344239,0.00156085,0,223633,0.00544411,44.1288
0,1,G4CMPDriftHole,1,0.00176736,25.1432,127419,0.574148,0.00063705,0,101899,0.00113031,20.1074
0,1,G4CMPDriftHole,1,0.0166514,77.1763,391109,0.270555,0.00252871,0,360189,0.0141227,71.0751
0,1,G4CMPDriftHole,1,0.00514678,42.9069,217440,0.43972,0.00126622,0,188808,0.00388056,37.2568
0,1,G4CMPDriftHole,1,0.00828579,54.441,275892,0.725348,0.00133411,0,252707,0.00695168,49.8659
0,1,G4CMPDriftHole,1,0.0119799,65.4614,331741,0.930366,0.00127655,0,313568,0.0107033,61.8755
0,1,G4CMPDriftHole,1,0.00939401,57.9675,293764,0.534192,0.00165929,0,266560,0.00773472,52.5995
0,1,G4CMPDriftHole,1,0.0124636,66.7698,338372,0.654708,0.00176841,0,313449,0.0106952,61.8519
0,1,G4CMPDriftHole,1,0.010731,61.9555,313974,0.19476,0.00204619,0,282458,0.00868486,55.7366
0,1,G4CMPDriftHole,1,0.00893109,56.5212,286434,0.590443,0.00155487,0,260309,0.00737621,51.366
0,1,G4CMPDriftHole,1,0.0106361,61.6808,312582,0.123074,0.00206147,0,280660,0.00857462,55.3817
0,1,G4CMPDriftHole,1,0.00697127,49.9362,253063,0.193558,0.00162775,0,221557,0.00534352,43.7193
0,1,G4CMPDriftHole,1,0.00818201,54.099,274159,0.846257,0.00116077,0,253968,0.00702124,50.1148
0,1,G4CMPDriftHole,1,0.00849598,55.1272,279370,1.34331,0.000328787,0,273911,0.0081672,54.05
0,1,G4CMPDriftHole,1,0.0142483,71.3906,361788,0.298515,0.00231078,0,331154,0.0119376,65.3457
0,1,G4CMPDriftHole,1,0.011666,64.598,327365,0.267299,0.00210017,0,296437,0.00956578,58.4951
0,1,G4CMPDriftHole,1,0.00977182,59.1217,299613,0.284581,0.00190268,0,268866,0.00786914,53.0546
0,1,G4CMPDriftHole,1,0.00880578,56.1233,284418,0.760339,0.00133164,0,262031,0.00747413,51.7058
0,1,G4CMPDriftHole,1,0.00947879,58.2285,295086,0.991643,0.00101916,0,278771,0.00845963,55.0091
0,1,G4CMPDriftHole,1,0.00830301,54.4975,276179,0.530631,0.00155671,0,248946,0.0067463,49.1238
0,1,G4CMPDriftHole,1,0.0152391,73.831,374156,0.871431,0.00157532,0,354289,0.0136638,69.9109
0,1,G4CMPDriftHole,1,0.0129487,68.0568,344893,0.533108,0.00196906,0,317589,0.0109796,62.6689
0,1,G4CMPDriftHole,1,0.0116149,64.4564,326648,0.948933,0.0012209,0,309003,0.010394,60.9747
0,1,G4CMPDriftHole,1,0.0157287,75.0077,380119,1.15811,0.000955713,0,368389,0.014773,72.6931
0,1,G4CMPDriftHole,1,0.016989,77.9549,395054,0.775183,0.00186499,0,372740,0.015124,73.5517
0,1,G4CMPDriftHole,1,0.0383825,117.172,593799,0.713151,0.00303483,0,569840,0.0353477,112.445
0,1,G4CMPDriftHole,1,0.0355122,112.706,571165,0.860158,0.00249857,0,550705,0.0330136,108.669
0,1,G4CMPDriftHole,1,0.0333954,109.296,553881,0.64552,0.00298815,0,528520,0.0304073,104.291
0,1,G4CMPDriftHole,1,0.0314968,106.143,537906,0.173402,0.00360078,0,506226,0.0278961,99.892
0,1,G4CMPDriftHole,1,0.0277436,99.6186,504840,0.873559,0.00215918,0,484797,0.0255844,95.6636
0,1,G4CMPDriftHole,1,0.0284087,100.806,510855,0.511802,0.00300892,0,483045,0.0253997,95.3177
0,1,G4CMPDriftHole,1,0.0253375,95.2009,482452,0.879392,0.00204327,0,462591,0.0232942,91.2816
0,1,G4CMPDriftHole,1,0.0182866,80.8771,409863,0.685959,0.00211011,0,385492,0.0161765,76.0679
0,1,G4CMPDriftHole,1,0.0134051,69.2459,350920,1.25561,0.000649623,0,342311,0.0127555,67.5472
0,1,G4CMPDriftHole,1,0.00897452,56.6584,287130,0.423554,0.00172181,0,258121,0.00725271,50.9342
0,1,G4CMPDriftHole,1,0.00981007,59.2373,300199,1.02144,0.000985802,0,284716,0.00882427,56.1822
0,1,G4CMPDriftHole,1,0.010634,61.6748,312551,1.42088,0.000214375,0,309385,0.0104197,61.05
0,1,G4CMPDriftHole,1,0.0137106,70.0304,354895,1.01991,0.00118922,0,339155,0.0125213,66.9244
0,1,G4CMPDriftHole,1,0.019858,84.2804,427110,0.766304,0.00204399,0,404532,0.017814,79.8251
0,1,G4CMPDriftHole,1,0.0172628,78.5804,398224,0.703973,0.00201478,0,374264,0.015248,73.8525
0,1,G4CMPDriftHole,1,0.0161948,76.1109,385710,0.344159,0.00243206,0,355570,0.0137628,70.1636
0,1,G4CMPDriftHole,1,0.0147962,72.7503,368679,0.905062,0.00148318,0,349713,0.0133131,69.0078
0,1,G4CMPDriftHole,1,0.0133195,69.0244,349797,0.890408,0.00142953,0,330493,0.0118899,65.2152
0,1,G4CMPDriftHole,1,0.00905525,56.9127,288418,0.309189,0.00181282,0,257938,0.00724243,50.898
0,1,G4CMPDriftHole,1,0.00771181,52.5215,266165,0.432045,0.00158129,0,237313,0.00613052,46.8282
0,1,G4CMPDriftHole,1,0.00614093,46.868,237514,1.25266,0.000407897,0,229491,0.00573304,45.2847
0,1,G4CMPDriftHole,1,0.00622348,47.1819,239105,0.838635,0.00100746,0,218898,0.00521602,43.1945
0,1,G4CMPDriftHole,1,0.0252269,94.9929,481398,0.971665,0.00178991,0,464006,0.023437,91.5609
0,1,G4CMPDriftHole,1,0.0287473,101.405,513891,0.784186,0.00243713,0,491625,0.0263101,97.0109
0,1,G4CMPDriftHole,1,0.0262709,96.9385,491258,0.344294,0.0031283,0,461082,0.0231426,90.984
0,1,G4CMPDriftHole,1,0.0213814,87.4534,443190,0.58543,0.00247619,0,416738,0.0189052,82.2337
0,1,G4CMPDriftHole,1,0.0123478,66.459,336796,1.08916,0.000980661,0,323146,0.0113671,63.7653
0,1,G4CMPDriftHole,1,0.00927897,57.6115,291959,0.393292,0.00177727,0,262514,0.0075017,51.8011
0,1,G4CMPDriftHole,1,0.0222101,89.1321,451698,0.377719,0.00282992,0,421941,0.0193802,83.2603
0,1,G4CMPDriftHole,1,0.0184329,81.2001,411500,0.36776,0.0025785,0,381635,0.0158544,75.3069
0,1,G4CMPDriftHole,1,0.0171128,78.2384,396491,0.757787,0.00190571,0,373763,0.0152071,73.7535
0,1,G4CMPDriftHole,1,0.0151893,73.7103,373544,0.997318,0.00130767,0,357103,0.0138816,70.466
0,1,G4CMPDriftHole,1,0.0148404,72.8588,369229,0.852587,0.00159011,0,348887,0.0132503,68.8449
0,1,G4CMPDriftHole,1,0.0155779,74.6472,378292,0.828055,0.00168036,0,357307,0.0138976,70.5064
0,1,G4CMPDriftHole,1,0.00704838,50.2115,254459,0.812179,0.00111407,0,233484,0.00593431,46.0727
0,1,G4CMPDriftHole,1,0.0124681,66.7819,338433,1.21083,0.000722727,0,328478,0.0117454,64.8175
0,1,G4CMPDriftHole,1,0.0126013,67.1378,340236,0.296445,0.00216785,0,309590,0.0104335,61.0905
0,1,G4CMPDriftHole,1,0.0162223,76.1754,386036,0.91564,0.00153572,0,367310,0.0146865,72.4801
0,1,G4CMPDriftHole,1,0.0165915,77.0375,390405,1.08854,0.00115622,0,376557,0.0154353,74.3048
0,1,G4CMPDriftHole,1,0.0141892,71.2424,361037,0.715154,0.00179767,0,337393,0.0123916,66.5767
0,1,G4CMPDriftHole,1,0.0116148,64.4562,326647,0.904302,0.00130259,0,307786,0.0103122,60.7344
0,1,G4CMPDriftHole,1,0.0101451,60.2404,305282,0.229486,0.00197078,0,274031,0.00817434,54.0736
0,1,G4CMPDriftHole,1,0.0194447,83.3987,422642,0.625169,0.00228917,0,396985,0.0171555,78.3359
0,1,G4CMPDriftHole,1,0.0162209,76.1723,386021,0.622317,0.00208555,0,360351,0.0141354,71.1071
0,1,G4CMPDriftHole,1,0.0174423,78.9879,400289,0.579859,0.00223417,0,373775,0.0152081,73.7558
0,1,G4CMPDriftHole,1,0.0154426,74.3223,376645,0.12623,0.00250605,0,344732,0.0129365,68.0249
0,1,G4CMPDriftHole,1,0.0127362,67.4962,342052,0.122963,0.00226649,0,310127,0.0104697,61.1965
0,1,G4CMPDriftHole,1,0.0107182,61.9185,313786,0.426541,0.00188943,0,284789,0.00882879,56.1965
0,1,G4CMPDriftHole,1,0.0088214,56.173,284670,1.12661,0.000744578,0,272391,0.00807682,53.7501
0,1,G4CMPDriftHole,1,0.0106474,61.7137,312748,0.511018,0.00179917,0,285103,0.00884826,56.2585
0,1,G4CMPDriftHole,1,0.00978685,59.1671,299843,0.269274,0.00191302,0,268946,0.00787382,53.0703
0,1,G4CMPDriftHole,1,0.00395998,37.6362,190730,0.938393,0.000677349,0,173654,0.00328264,34.2665
0,1,G4CMPDriftHole,1,0.00343767,35.0664,177707,0.47211,0.000996465,0,149753,0.0024412,29.5502
0,1,G4CMPDriftHole,1,0.0044683,39.9788,202602,0.20576,0.00127725,0,171214,0.00319105,33.7852
0,1,G4CMPDriftHole,1,0.00189101,26.008,131801,0.403937,0.000736619,0,102979,0.00115439,20.3206
0,1,G4CMPDriftHole,1,0.0101424,60.2324,305242,0.0692515,0.00202146,0,273134,0.00812097,53.8968
0,1,G4CMPDriftHole,1,0.00390887,37.3925,189495,0.851761,0.000761981,0,170025,0.00314688,33.5505
0,1,G4CMPDriftHole,1,0.00341233,34.9369,177051,0.489678,0.000982286,0,149410,0.00243005,29.4827
0,1,G4CMPDriftHole,1,0.0068153,49.3744,250216,0.648934,0.00128444,0,225408,0.00553086,44.4791
0,1,G4CMPDriftHole,1,0.0148018,72.7639,368748,1.00939,0.00126311,0,352663,0.0135386,69.59
0,1,G4CMPDriftHole,1,0.0165953,77.0462,390449,0.392011,0.00241621,0,360908,0.0141791,71.2168
0,1,G4CMPDriftHole,1,0.0144596,71.9179,364461,0.375013,0.00226412,0,334712,0.0121955,66.0478
0,1,G4CMPDriftHole,1,0.0124608,66.7624,338334,0.514722,0.00195128,0,310716,0.0105095,61.3127
0,1,G4CMPDriftHole,1,0.013859,70.4084,356811,1.06142,0.00110669,0,342268,0.0127523,67.5388
0,1,G4CMPDriftHole,1,0.0134327,69.3171,351281,1.14456,0.000905123,0,339239,0.0125276,66.941
0,1,G4CMPDriftHole,1,0.0133278,69.0458,349906,0.985417,0.0012422,0,333201,0.0120856,65.7495
0,1,G4CMPDriftHole,1,0.0154355,74.3052,376559,0.5134,0.00218619,0,348874,0.0132493,68.8423
0,1,G4CMPDriftHole,1,0.0101741,60.3263,305718,0.430678,0.00183426,0,276790,0.00833983,54.6182
0,1,G4CMPDriftHole,1,0.00724203,50.8966,257930,0.676316,0.00129706,0,233694,0.00594496,46.1141
0,1,G4CMPDriftHole,1,0.00424062,38.947,197373,0.462298,0.00112534,0,169169,0.00311529,33.3817
0,1,G4CMPDriftHole,1,0.00336145,34.6755,175726,0.880041,0.000671887,0,157186,0.00268957,31.017
0,1,G4CMPDriftHole,1,0.00189478,26.0338,131932,0.444704,0.000721945,0,103798,0.00117283,20.4822
0,1,G4CMPDriftHole,1,0.0175995,79.343,402089,0.553013,0.00228532,0,375076,0.0153141,74.0125
0,1,G4CMPDriftHole,1,0.0146422,72.3707,366755,0.744903,0.00177693,0,343781,0.0128653,67.8373
0,1,G4CMPDriftHole,1,0.0133027,68.9809,349577,1.14287,0.000903956,0,337490,0.0123987,66.5959
0,1,G4CMPDriftHole,1,0.0170679,78.1355,395970,0.408812,0.00243379,0,366653,0.0146341,72.3505
0,1,G4CMPDriftHole,1,0.0102823,60.6462,307339,0.237224,0.00198096,0,276151,0.00830132,54.492
0,1,G4CMPDriftHole,1,0.00855133,55.3064,280278,0.197018,0.00181362,0,248787,0.0067377,49.0925
0,1,G4CMPDriftHole,1,0.00573234,45.2819,229477,1.02485,0.000722289,0,214533,0.00501005,42.3331
0,1,G4CMPDriftHole,1,0.0092919,57.6516,292163,0.448422,0.00173247,0,263522,0.00755943,52
0,1,G4CMPDriftHole,1,0.0114673,64.0456,324566,0.856071,0.00137814,0,304439,0.0100891,60.074
0,1,G4CMPDriftHole,1,0.00988399,59.46,301327,0.797373,0.00136258,0,279787,0.00852141,55.2096
0,1,G4CMPDriftHole,1,0.0168164,77.5578,393042,0.492807,0.00231418,0,364997,0.0145022,72.0238
0,1,G4CMPDriftHole,1,0.0107871,62.1172,314793,0.673798,0.00161136,0,290331,0.00917578,57.2902
0,1,G4CMPDriftHole,1,0.0101126,60.1439,304793,0.675484,0.00155433,0,280393,0.00855831,55.329
0,1,G4CMPDriftHole,1,0.00777961,52.7519,267332,0.264457,0.00169575,0,236408,0.00608386,46.6497
0,1,G4CMPDriftHole,1,0.0126431,67.2491,340800,0.95625,0.00126444,0,323310,0.0113787,63.7977
0,1,G4CMPDriftHole,1,0.0148203,72.8094,368978,0.719767,0.00183185,0,345423,0.0129884,68.1612
0,1,G4CMPDriftHole,1,0.0135484,69.615,352790,0.488315,0.00207086,0,324711,0.0114775,64.0742
0,1,G4CMPDriftHole,1,0.0185093,81.368,412351,1.18824,0.000966045,0,401446,0.0175432,79.2162
0,1,G4CMPDriftHole,1,0.0181305,80.5311,408110,0.653719,0.00215785,0,383055,0.0159726,75.587
0,1,G4CMPDriftHole,1,0.0158342,75.2588,381391,0.89449,0.00156034,0,362112,0.0142739,71.4546
0,1,G4CMPDriftHole,1,0.0173851,78.8584,399633,0.193366,0.00263597,0,368092,0.0147491,72.6344
0,1,G4CMPDriftHole,1,0.0160672,75.8106,384188,1.16132,0.000959246,0,372543,0.015108,73.5127
0,1,G4CMPDriftHole,1,0.0154696,74.3874,376975,0.980092,0.00135874,0,360039,0.0141109,71.0455
0,1,G4CMPDriftHole,1,0.0123465,66.4556,336779,1.11153,0.00093354,0,323797,0.011413,63.8938
0,1,G4CMPDriftHole,1,0.0104594,61.1663,309974,0.745861,0.00148295,0,287161,0.00897645,56.6645
0,1,G4CMPDriftHole,1,0.00846117,55.0141,278797,0.588877,0.00151211,0,252659,0.00694906,49.8565
0,1,G4CMPDriftHole,1,0.00665804,48.8014,247312,0.236694,0.00157224,0,216148,0.0050858,42.6519
0,1,G4CMPDriftHole,1,0.0105828,61.526,311797,0.700957,0.00155729,0,287944,0.00902547,56.819
0,1,G4CMPDriftHole,1,0.00724504,50.9072,257984,0.694615,0.00127641,0,234159,0.00596863,46.2058
0,1,G4CMPDriftHole,1,0.00925911,57.5498,291647,1.22372,0.000582495,0,282324,0.00867662,55.7101
0,1,G4CMPDriftHole,1,0.0145157,72.0573,365167,0.469969,0.00216912,0,336780,0.0123466,66.4558
0,1,G4CMPDriftHole,1,0.0119727,65.4418,331641,0.388776,0.00203816,0,302097,0.00993454,59.6119
0,1,G4CMPDriftHole,1,0.0274428,99.0771,502096,0.62609,0.00273883,0,476383,0.024704,94.0032
0,1,G4CMPDriftHole,1,0.0243894,93.4027,473340,0.746396,0.00232276,0,450236,0.0220666,88.8438
0,1,G4CMPDriftHole,1,0.0310922,105.459,534439,1.26515,0.00101434,0,525649,0.0300778,103.725
0,1,G4CMPDriftHole,1,0.0319586,106.918,541834,1.00239,0.00193143,0,525206,0.0300272,103.637
0,1,G4CMPDriftHole,1,0.0314508,106.066,537512,0.79269,0.00253162,0,515425,0.0289191,101.707
0,1,G4CMPDriftHole,1,0.0280931,100.244,508011,0.214144,0.00336645,0,476602,0.0247267,94.0464
0,1,G4CMPDriftHole,1,0.0286056,101.154,512623,1.39318,0.00052198,0,507925,0.0280836,100.227
0,1,G4CMPDriftHole,1,0.0284929,100.955,511612,0.245834,0.00336521,0,480450,0.0251276,94.8058
0,1,G4CMPDriftHole,1,0.0217819,88.2688,447322,0.529672,0.00259281,0,419856,0.0191891,82.8488
0,1,G4CMPDriftHole,1,0.018233,80.7586,409263,0.552734,0.00232853,0,382237,0.0159045,75.4257
0,1,G4CMPDriftHole,1,0.0154818,74.4166,377123,1.01459,0.00128271,0,361162,0.0141991,71.2671
0,1,G4CMPDriftHole,1,0.0121092,65.8138,333526,1.20045,0.000733267,0,323271,0.0113759,63.79
0,1,G4CMPDriftHole,1,0.0113705,63.7748,323194,0.361511,0.002006,0,293302,0.00936453,57.8765
0,1,G4CMPDriftHole,1,0.00788687,53.1143,269169,0.39772,0.00162651,0,239813,0.00626037,47.3215
0,1,G4CMPDriftHole,1,0.0101969,60.3938,306059,0.727556,0.00148918,0,282829,0.00870768,55.8098
0,1,G4CMPDriftHole,1,0.00986141,59.3921,300983,0.689238,0.0015152,0,276896,0.00834621,54.6391
0,1,G4CMPDriftHole,1,0.00988718,59.4696,301376,0.498545,0.00174239,0,273535,0.00814479,53.9758
0,1,G4CMPDriftHole,1,0.00787861,53.0865,269028,0.78821,0.00121674,0,247383,0.00666187,48.8154
0,1,G4CMPDriftHole,1,0.00993649,59.6178,302127,1.19334,0.000667635,0,291800,0.00926886,57.5801
0,1,G4CMPDriftHole,1,0.00972804,58.9891,298941,0.371544,0.00183947,0,269198,0.00788858,53.12
0,1,G4CMPDriftHole,1,0.00340702,34.9097,176913,0.361794,0.00104688,0,147245,0.00236014,29.0555
0,1,G4CMPDriftHole,1,0.00542107,44.0353,223159,0.263672,0.00139723,0,192262,0.00402384,37.9384
0,1,G4CMPDriftHole,1,0.00390131,37.3563,189312,0.175854,0.00119359,0,157716,0.00270772,31.1215
0,1,G4CMPDriftHole,1,0.0107086,61.8906,313645,0.425143,0.0018898,0,284628,0.00881879,56.1647
0,1,G4CMPDriftHole,1,0.00501064,42.3356,214545,0.319504,0.00131481,0,184259,0.00369583,36.3593
0,1,G4CMPDriftHole,1,0.0134433,69.3444,351419,0.913265,0.00139252,0,332720,0.0120507,65.6547
0,1,G4CMPDriftHole,1,0.0149885,73.2214,371066,0.813138,0.00167449,0,349725,0.013314,69.0102
0,1,G4CMPDriftHole,1,0.0140008,70.7677,358632,0.674057,0.00185106,0,334084,0.0121497,65.9238
0,1,G4CMPDriftHole,1,0.0118578,65.127,330046,0.243049,0.00213245,0,298899,0.00972533,58.9809
0,1,G4CMPDriftHole,1,0.012313,66.3653,336321,0.537801,0.00191167,0,309113,0.0104013,60.9963
0,1,G4CMPDriftHole,1,0.0100218,59.873,303420,0.616258,0.00162262,0,277773,0.00839913,54.8121
0,1,G4CMPDriftHole,1,0.0142928,71.5018,362352,0.915214,0.00143543,0,343675,0.0128573,67.8163
0,1,G4CMPDriftHole,1,0.0203752,85.371,432637,0.447778,0.00262055,0,403858,0.0177547,79.6922
0,1,G4CMPDriftHole,1,0.00838769,54.7747,277584,1.08075,0.000802888,0,263964,0.0075848,52.0872
0,1,G4CMPDriftHole,1,0.0072523,50.9327,258113,0.507616,0.00146816,0,230511,0.00578414,45.4861
0,1,G4CMPDriftHole,1,0.00696318,49.9072,252916,0.875935,0.00102218,0,233616,0.005941,46.0987
0,1,G4CMPDriftHole,1,0.00837213,54.7239,277326,0.511528,0.00158213,0,249751,0.00679,49.2826
0,1,G4CMPDriftHole,1,0.00476961,41.3048,209322,0.923543,0.000771848,0,191638,0.00399777,37.8153
0,1,G4CMPDriftHole,1,0.00965049,58.7535,297747,0.928617,0.0011371,0,279656,0.00851339,55.1836
0,1,G4CMPDriftHole,1,0.00945756,58.1632,294756,0.82771,0.00128491,0,274002,0.00817266,54.068
0,1,G4CMPDriftHole,1,0.0114539,64.0081,324376,0.646678,0.00170165,0,299312,0.0097522,59.0623
0,1,G4CMPDriftHole,1,0.0110834,62.9644,319086,0.291721,0.00202914,0,288402,0.00905422,56.9095
0,1,G4CMPDriftHole,1,0.00935166,57.8367,293101,0.984432,0.00102391,0,276590,0.00832775,54.5787
0,1,G4CMPDriftHole,1,0.0162062,76.1378,385846,0.813559,0.00174485,0,364483,0.0144614,71.9224
0,1,G4CMPDriftHole,1,0.0156526,74.826,379198,0.430243,0.00230273,0,350196,0.0133499,69.1031
0,1,G4CMPDriftHole,1,0.0158692,75.3419,381812,0.325545,0.00242271,0,351461,0.0134465,69.3527
0,1,G4CMPDriftHole,1,0.0173944,78.8794,399739,0.487361,0.00236272,0,371600,0.0150317,73.3268
0,1,G4CMPDriftHole,1,0.00967027,58.8137,298052,0.687654,0.00150144,0,273938,0.00816883,54.0554
0,1,G4CMPDriftHole,1,0.00902021,56.8025,287860,0.586811,0.00156724,0,261660,0.00745296,51.6325
0,1,G4CMPDriftHole,1,0.013569,69.668,353059,0.322486,0.00223418,0,322686,0.0113349,63.6747
0,1,G4CMPDriftHole,1,0.00847142,55.0474,278966,0.627729,0.00146968,0,253615,0.00700174,50.0451
0,1,G4CMPDriftHole,1,0.0115358,64.2367,325534,0.969099,0.00117869,0,308455,0.0103571,60.8665
0,1,G4CMPDriftHole,1,0.0265481,97.4485,493843,0.616734,0.00271081,0,467951,0.0238372,92.3394
0,1,G4CMPDriftHole,1,0.0272686,98.7622,500500,1.13138,0.00137952,0,487676,0.0258891,96.2316
0,1,G4CMPDriftHole,1,0.0282775,100.573,509675,0.577492,0.00288015,0,483022,0.0253974,95.3133
0,1,G4CMPDriftHole,1,0.0245854,93.7772,475238,0.744208,0.00233747,0,452082,0.0222479,89.208
0,1,G4CMPDriftHole,1,0.0219311,88.5704,448851,0.0195973,0.00303254,0,416665,0.0188985,82.2192
0,1,G4CMPDriftHole,1,0.0228532,90.4134,458191,0.717404,0.00230703,0,434449,0.0205462,85.7284
0,1,G4CMPDriftHole,1,0.0169471,77.8586,394567,0.733392,0.00194168,0,371276,0.0150054,73.2627
0,1,G4CMPDriftHole,1,0.0145948,72.2535,366161,0.933199,0.00141487,0,347961,0.01318,68.662
0,1,G4CMPDriftHole,1,0.0160294,75.7213,383735,0.779249,0.00180065,0,361540,0.0142288,71.3416
0,1,G4CMPDriftHole,1,0.0198438,84.2503,426958,0.366662,0.00268078,0,397072,0.017163,78.353
0,1,G4CMPDriftHole,1,0.0167711,77.4533,392512,0.901422,0.00159421,0,373391,0.0151769,73.6801
0,1,G4CMPDriftHole,1,0.0172395,78.5273,397955,0.382043,0.00247533,0,368279,0.0147641,72.6713
0,1,G4CMPDriftHole,1,0.0103437,60.8271,308256,0.873618,0.00127437,0,288643,0.00906935,56.957
0,1,G4CMPDriftHole,1,0.0106667,61.7694,313031,1.14594,0.000791533,0,301193,0.00987515,59.4334
0,1,G4CMPDriftHole,1,0.0215657,87.8295,445096,1.07517,0.00137082,0,430718,0.0201948,84.9922
0,1,G4CMPDriftHole,1,0.0237293,92.1302,466891,0.239853,0.0030659,0,435686,0.0206634,85.9727
0,1,G4CMPDriftHole,1,0.019274,83.0318,420783,0.530794,0.00243061,0,393357,0.0168433,77.6199
0,1,G4CMPDriftHole,1,0.0168879,77.7224,393876,0.586515,0.00218645,0,367495,0.0147014,72.5168
0,1,G4CMPDriftHole,1,0.0192763,83.0369,420809,0.692504,0.00215719,0,396564,0.0171191,78.2528
0,1,G4CMPDriftHole,1,0.018635,81.6439,413749,0.217138,0.00271902,0,382375,0.015916,75.4529
0,1,G4CMPDriftHole,1,0.0081919,54.1316,274325,0.257289,0.00174661,0,243329,0.00644529,48.0154
0,1,G4CMPDriftHole,1,0.00740487,51.4657,260814,0.153404,0.00169374,0,229052,0.00571114,45.1981
0,1,G4CMPDriftHole,1,0.0118504,65.1067,329943,0.838685,0.00143298,0,309352,0.0104174,61.0435
0,1,G4CMPDriftHole,1,0.0154793,74.4105,377092,0.271646,0.00243327,0,346187,0.013046,68.3121
0,1,G4CMPDriftHole,1,0.0107928,62.1336,314876,0.112023,0.00208029,0,282908,0.00871253,55.8253
0,1,G4CMPDriftHole,1,0.00874081,55.9158,283366,0.990156,0.00097667,0,267066,0.00776414,52.6994
0,1,G4CMPDriftHole,1,0.00771943,52.5474,266296,0.81093,0.00117283,0,245234,0.00654659,48.3912
0,1,G4CMPDriftHole,1,0.00998408,59.7603,302849,1.26146,0.000533363,0,294649,0.00945072,58.1422
0,1,G4CMPDriftHole,1,0.0128169,67.7097,343135,0.100325,0.00228009,0,311120,0.0105368,61.3923
0,1,G4CMPDriftHole,1,0.00962298,58.6697,297322,1.01738,0.000982469,0,281736,0.00864051,55.5941
0,1,G4CMPDriftHole,1,0.0057174,45.2229,229178,0.724218,0.00109032,0,206170,0.00462709,40.683
0,1,G4CMPDriftHole,1,0.00246151,29.6729,150374,1.28549,0.000183819,0,144651,0.00227769,28.5435
0,1,G4CMPDriftHole,1,0.00362781,36.0231,182555,0.992949,0.00058608,0,167160,0.00304173,32.9852
0,1,G4CMPDriftHole,1,0.0105754,61.5046,311689,0.0827451,0.0020643,0,279618,0.00851109,55.1762
0,1,G4CMPDriftHole,1,0.00726594,50.9806,258356,1.0663,0.000762462,0,244425,0.00650348,48.2316
0,1,G4CMPDriftHole,1,0.00850573,55.1588,279530,0.440524,0.00165933,0,250786,0.0068464,49.4869
0,1,G4CMPDriftHole,1,0.0160179,75.694,383597,1.23938,0.000762005,0,374362,0.0152559,73.8716
0,1,G4CMPDriftHole,1,0.0153765,74.163,375838,0.966708,0.00138345,0,358532,0.013993,70.7481
0,1,G4CMPDriftHole,1,0.0205192,85.672,434163,0.130404,0.00290435,0,402265,0.0176148,79.3777
0,1,G4CMPDriftHole,1,0.0171201,78.2551,396576,0.290874,0.00254999,0,365851,0.0145702,72.1923
0,1,G4CMPDriftHole,1,0.0170545,78.105,395815,0.116051,0.00264275,0,363857,0.0144118,71.7989
0,1,G4CMPDriftHole,1,0.0265068,97.3727,493459,0.106521,0.00332619,0,461461,0.0231806,91.0586
0,1,G4CMPDriftHole,1,0.0163934,76.5762,388067,0.285583,0.00249695,0,357293,0.0138965,70.5036
0,1,G4CMPDriftHole,1,0.0158942,75.4012,382113,0.211869,0.00250549,0,350705,0.0133887,69.2036
0,1,G4CMPDriftHole,1,0.0130178,68.2382,345813,0.79491,0.00158467,0,324082,0.0114331,63.9501
0,1,G4CMPDriftHole,1,0.00381318,36.932,187161,0.733075,0.000862004,0,164653,0.00295118,32.4905
0,1,G4CMPDriftHole,1,0.00263893,30.7237,155699,0.345141,0.000914107,0,125877,0.00172482,24.8388
0,1,G4CMPDriftHole,1,0.00624734,47.2723,239563,0.0815479,0.00156068,0,207493,0.00468666,40.9441
0,1,G4CMPDriftHole,1,0.00393003,37.4936,190007,0.574791,0.00100492,0,163924,0.00292511,32.3467
0,1,G4CMPDriftHole,1,0.00651208,48.2635,244586,0.459517,0.00142364,0,216205,0.00508844,42.663
0,1,G4CMPDriftHole,1,0.0119431,65.3609,331231,0.638476,0.00175141,0,305982,0.0101917,60.3785
0,1,G4CMPDriftHole,1,0.0182699,80.8402,409677,0.400727,0.00253109,0,380241,0.0157388,75.0318
0,1,G4CMPDriftHole,1,0.0137273,70.073,355111,1.23797,0.000700351,0,345934,0.0130269,68.2621
0,1,G4CMPDriftHole,1,0.0107286,61.9483,313938,0.985389,0.00110297,0,297363,0.00962559,58.6777
0,1,G4CMPDriftHole,1,0.011178,63.2327,320446,0.560529,0.00178947,0,293679,0.00938857,57.9507
0,1,G4CMPDriftHole,1,0.00969845,58.8993,298486,1.16249,0.000717835,0,287227,0.00898061,56.6777
0,1,G4CMPDriftHole,1,0.00906165,56.9328,288520,0.548768,0.00161247,0,261593,0.00744918,51.6194
0,1,G4CMPDriftHole,1,0.00716301,50.6182,256520,0.539518,0.00142972,0,229496,0.00573329,45.2857
0,1,G4CMPDriftHole,1,0.0210294,86.7307,439528,0.76401,0.00211159,0,416877,0.0189178,82.2612
0,1,G4CMPDriftHole,1,0.0187136,81.8159,414621,1.09368,0.00122169,0,400858,0.0174919,79.1002
0,1,G4CMPDriftHole,1,0.0208031,86.2627,437156,0.457028,0.00263671,0,408514,0.0181664,80.6108
0,1,G4CMPDriftHole,1,0.0059661,46.196,234109,0.413969,0.00138943,0,205044,0.00457667,40.4607
0,1,G4CMPDriftHole,1,0.00468204,40.9239,207391,0.572232,0.0011092,0,181167,0.00357284,35.7491
0,1,G4CMPDriftHole,1,0.0205131,85.6593,434098,0.933911,0.00169657,0,415760,0.0188165,82.0406
0,1,G4CMPDriftHole,1,0.0191367,82.7355,419281,0.876585,0.00176731,0,399452,0.0173694,78.8226
0,1,G4CMPDriftHole,1,0.0165167,76.8637,389524,1.03274,0.00128629,0,374049,0.0152304,73.81
0,1,G4CMPDriftHole,1,0.0102549,60.5653,306929,0.716724,0.00150913,0,283446,0.00874574,55.9316
0,1,G4CMPDriftHole,1,0.012983,68.1469,345350,0.721991,0.00170377,0,321893,0.0112792,63.5183
0,1,G4CMPDriftHole,1,0.0125022,66.8733,338896,0.783761,0.00156951,0,316911,0.0109327,62.535
0,1,G4CMPDriftHole,1,0.013277,68.9142,349239,0.309598,0.00221859,0,318727,0.0110584,62.8934
0,1,G4CMPDriftHole,1,0.0105864,61.5365,311851,1.11032,0.000858456,0,298939,0.00972794,58.9888
0,1,G4CMPDriftHole,1,0.0139534,70.6478,358024,0.654791,0.00187754,0,333066,0.0120758,65.723
0,1,G4CMPDriftHole,1,0.0124602,66.7608,338326,1.12649,0.000906429,0,325788,0.0115538,64.2867
0,1,G4CMPDriftHole,1,0.0149727,73.1829,370871,1.24164,0.000727422,0,361750,0.0142453,71.383
0,1,G4CMPDriftHole,1,0.0166314,77.13,390874,0.713374,0.00195875,0,367136,0.0146727,72.4458
0,1,G4CMPDriftHole,1,0.0122836,66.286,335919,0.776828,0.00156622,0,313774,0.0107174,61.916
0,1,G4CMPDriftHole,1,0.0130076,68.2115,345678,0.733788,0.00168647,0,322491,0.0113211,63.6362
0,1,G4CMPDriftHole,1,0.0153002,73.9789,374905,0.889926,0.00154122,0,355522,0.013759,70.154
0,1,G4CMPDriftHole,1,0.0116563,64.5712,327229,1.16879,0.000784559,0,316025,0.0108717,62.3602
0,1,G4CMPDriftHole,1,0.0119348,65.3381,331116,0.30191,0.00210297,0,300531,0.00983181,59.3029
0,1,G4CMPDriftHole,1,0.00999755,59.8006,303054,1.11827,0.000815901,0,290424,0.00918165,57.3085
0,1,G4CMPDriftHole,1,0.0192556,82.9924,420583,1.15131,0.00108781,0,408530,0.0181678,80.614
0,1,G4CMPDriftHole,1,0.0201705,84.941,430458,0.836378,0.00190907,0,409581,0.0182614,80.8214
0,1,G4CMPDriftHole,1,0.0184163,81.1635,411315,0.730929,0.00203363,0,387941,0.0163827,76.5512
0,1,G4CMPDriftHole,1,0.0217477,88.1993,446970,1.04643,0.00145565,0,431753,0.020292,85.1965
0,1,G4CMPDriftHole,1,0.0229746,90.6532,459406,0.317624,0.00294606,0,428941,0.0200286,84.6416
0,1,G4CMPDriftHole,1,0.0218388,88.3839,447906,0.548323,0.00256629,0,420767,0.0192725,83.0286
0,1,G4CMPDriftHole,1,0.0238374,92.3397,467953,0.736332,0.00231733,0,444625,0.02152,87.7366
0,1,G4CMPDriftHole,1,0.0114351,63.9556,324110,1.14835,0.000818546,0,312294,0.0106165,61.6241
0,1,G4CMPDriftHole,1,0.00548759,44.3047,224524,1.16446,0.000509172,0,213854,0.00497842,42.1993
0,1,G4CMPDriftHole,1,0.00644049,47.9975,243238,1.18541,0.000528058,0,233053,0.00591243,45.9877
0,1,G4CMPDriftHole,1,0.0282789,100.575,509687,0.904605,0.00209488,0,490445,0.026184,96.7781
0,1,G4CMPDriftHole,1,0.0276389,99.4304,503887,0.579194,0.00284287,0,477269,0.024796,94.1781
0,1,G4CMPDriftHole,1,0.0244466,93.5122,473894,0.998297,0.00168654,0,457256,0.02276,90.2289
0,1,G4CMPDriftHole,1,0.0170014,77.9832,395198,1.08548,0.00117932,0,381245,0.0158221,75.2299
0,1,G4CMPDriftHole,1,0.0142301,71.3448,361556,0.537164,0.0020644,0,334303,0.0121657,65.967
0,1,G4CMPDriftHole,1,0.0139778,70.7096,358337,0.782778,0.00166776,0,336281,0.01231,66.3573
0,1,G4CMPDriftHole,1,0.0128915,67.9065,344132,0.72028,0.00170008,0,320638,0.0111914,63.2706
0,1,G4CMPDriftHole,1,0.012787,67.6305,342733,0.403347,0.0020966,0,313378,0.0106904,61.838
0,1,G4CMPDriftHole,1,0.00186508,25.829,130895,0.641253,0.000622358,0,106846,0.00124272,21.0837
0,1,G4CMPDriftHole,1,0.0168522,77.6404,393461,0.385184,0.00244285,0,363827,0.0144094,71.793
0,1,G4CMPDriftHole,1,0.0121765,65.9964,334452,0.435145,0.00201287,0,305560,0.0101636,60.2953
0,1,G4CMPDriftHole,1,0.00886367,56.3074,285351,0.922979,0.00109407,0,267160,0.0077696,52.7179
0,1,G4CMPDriftHole,1,0.00460355,40.5794,205645,0.198925,0.00130011,0,174203,0.00330345,34.375
0,1,G4CMPDriftHole,1,0.00529706,43.5288,220592,0.887811,0.000862949,0,201825,0.00443411,39.8256
0,1,G4CMPDriftHole,1,0.011242,63.4135,321363,0.833673,0.00140116,0,300670,0.00984089,59.3303
0,1,G4CMPDriftHole,1,0.0133768,69.1728,350549,0.281606,0.00224737,0,319749,0.0111295,63.0952
0,1,G4CMPDriftHole,1,0.0107376,61.9744,314069,0.524603,0.00179244,0,286659,0.00894513,56.5656
0,1,G4CMPDriftHole,1,0.0080882,53.788,272583,0.553023,0.00151291,0,245771,0.00657529,48.4972
0,1,G4CMPDriftHole,1,0.00809601,53.8139,272714,1.12469,0.000711885,0,260449,0.00738412,51.3935
0,1,G4CMPDriftHole,1,0.0115612,64.3075,325893,0.202044,0.00212487,0,294425,0.00943637,58.0981
0,1,G4CMPDriftHole,1,0.00622959,47.2051,239223,0.672553,0.00119874,0,214977,0.00503084,42.4209
0,1,G4CMPDriftHole,1,0.0180989,80.4609,407754,0.919438,0.00161984,0,389079,0.016479,76.7759
0,1,G4CMPDriftHole,1,0.0251239,94.7987,480414,1.12823,0.00132921,0,467533,0.0237947,92.2569
0,1,G4CMPDriftHole,1,0.0256999,95.8792,485890,0.2104,0.00321764,0,454457,0.0224822,89.6765
0,1,G4CMPDriftHole,1,0.0213222,87.3324,442577,0.800718,0.00204675,0,420799,0.0192755,83.035
0,1,G4CMPDriftHole,1,0.0180754,80.4086,407489,0.411701,0.00250459,0,378205,0.0155708,74.6301
0,1,G4CMPDriftHole,1,0.0174724,79.0561,400635,0.331956,0.0025419,0,370348,0.0149305,73.0796
0,1,G4CMPDriftHole,1,0.0148282,72.8287,369076,0.335326,0.00232993,0,338842,0.0124982,66.8626
0,1,G4CMPDriftHole,1,0.0207185,86.0872,436267,0.824617,0.0019629,0,415086,0.0187556,81.9077
0,1,G4CMPDriftHole,1,0.0176687,79.4989,402879,0.827673,0.0017977,0,381834,0.015871,75.3461
0,1,G4CMPDriftHole,1,0.0180481,80.3479,407182,0.937773,0.00157551,0,389003,0.0164726,76.7609
0,1,G4CMPDriftHole,1,0.0245379,93.6867,474779,0.830203,0.00213245,0,453680,0.0224055,89.5233
0,1,G4CMPDriftHole,1,0.0259234,96.2952,487998,0.64044,0.00262972,0,462585,0.0232936,91.2804
0,1,G4CMPDriftHole,1,0.0161039,75.8969,384625,1.14255,0.00100669,0,372409,0.0150972,73.4864
0,1,G4CMPDriftHole,1,0.0124162,66.6428,337728,0.248097,0.00218181,0,306622,0.0102344,60.5048
0,1,G4CMPDriftHole,1,0.00525114,43.3397,219634,0.268016,0.00137162,0,188782,0.00387952,37.2519
0,1,G4CMPDriftHole,1,0.00862972,55.5594,281560,1.25555,0.000499036,0,273298,0.00813068,53.929
0,1,G4CMPDriftHole,1,0.0139127,70.5448,357502,0.565301,0.00200306,0,330767,0.0119097,65.2693
0,1,G4CMPDriftHole,1,0.0107963,62.1437,314927,0.0865757,0.00208621,0,282868,0.00871011,55.8176
0,1,G4CMPDriftHole,1,0.0264825,97.3281,493233,0.21368,0.00326558,0,461822,0.0232169,91.1299
0,1,G4CMPDriftHole,1,0.021797,88.2992,447477,0.569692,0.00252818,0,420726,0.0192688,83.0206
0,1,G4CMPDriftHole,1,0.0207432,86.1384,436526,0.347315,0.00276407,0,406403,0.0179791,80.1943
0,1,G4CMPDriftHole,1,0.0203165,85.248,432014,0.748211,0.00210638,0,409006,0.0182102,80.7079
0,1,G4CMPDriftHole,1,0.0188593,82.1339,416232,0.21339,0.00273835,0,384830,0.016121,75.9373
0,1,G4CMPDriftHole,1,0.0159748,75.5921,383081,0.177407,0.00253002,0,351439,0.0134448,69.3483
0,1,G4CMPDriftHole,1,0.0134938,69.4746,352078,0.209942,0.00230068,0,320662,0.0111931,63.2753
0,1,G4CMPDriftHole,1,0.00862385,55.5405,281464,0.721157,0.00136881,0,258162,0.00725504,50.9424
0,1,G4CMPDriftHole,1,0.017342,78.7605,399137,0.477244,0.00237211,0,370836,0.0149699,73.1759
0,1,G4CMPDriftHole,1,0.0148464,72.8734,369303,0.981173,0.00132646,0,352419,0.0135199,69.5418
0,1,G4CMPDriftHole,1,0.0149708,73.1782,370847,0.340776,0.00233695,0,340675,0.0126339,67.2244
0,1,G4CMPDriftHole,1,0.0125123,66.9002,339032,0.905672,0.0013537,0,320167,0.0111586,63.1777
0,1,G4CMPDriftHole,1,0.011087,62.9748,319139,1.04653,0.00100688,0,304303,0.0100801,60.0472
0,1,G4CMPDriftHole,1,0.00190638,26.1134,132336,0.82031,0.00051975,0,112863,0.00138663,22.271
0,1,G4CMPDriftHole,1,0.00160678,23.9738,121493,0.807093,0.000476101,0,101916,0.00113068,20.1108
0,1,G4CMPDriftHole,1,0.00196306,26.4988,134289,0.823226,0.000527075,0,114854,0.00143598,22.6639
0,1,G4CMPDriftHole,1,0.00471243,41.0565,208063,0.483877,0.00117806,0,180189,0.00353437,35.5562
0,1,G4CMPDriftHole,1,0.00334826,34.6074,175381,0.364514,0.00103564,0,145755,0.00231261,28.7614
0,1,G4CMPDriftHole,1,0.00440821,39.7091,201235,0.629661,0.00102713,0,176238,0.00338107,34.7765
0,1,G4CMPDriftHole,1,0.00557845,44.67,226375,1.07358,0.000643973,0,212909,0.00493448,42.0126
0,1,G4CMPDriftHole,1,0.0101855,60.3601,305889,0.445079,0.00182226,0,277178,0.00836323,54.6948
0,1,G4CMPDriftHole,1,0.00789467,53.1405,269302,0.952326,0.000981541,0,252005,0.00691313,49.7275
0,1,G4CMPDriftHole,1,0.0174644,79.038,400543,1.13404,0.0010747,0,388024,0.0163897,76.5675
0,1,G4CMPDriftHole,1,0.0176421,79.4391,402576,0.556687,0.00228277,0,375629,0.0153594,74.1217
0,1,G4CMPDriftHole,1,0.015496,74.4507,377296,0.468535,0.00224663,0,348875,0.0132494,68.8425
0,1,G4CMPDriftHole,1,0.0133342,69.0625,349990,0.821922,0.00155725,0,328919,0.0117769,64.9045
0,1,G4CMPDriftHole,1,0.00566863,45.0296,228198,0.374991,0.00137546,0,198592,0.00429317,39.1876
0,1,G4CMPDriftHole,1,0.0159554,75.5463,382848,0.26439,0.00247729,0,351874,0.0134781,69.4343
0,1,G4CMPDriftHole,1,0.0129969,68.1833,345535,0.101158,0.00229662,0,313523,0.0107002,61.8665
0,1,G4CMPDriftHole,1,0.0112728,63.5002,321802,0.355858,0.00200135,0,291841,0.00927145,57.5881
0,1,G4CMPDriftHole,1,0.00353885,35.5787,180303,0.401905,0.00105021,0,151200,0.00248863,29.8359
0,1,G4CMPDriftHole,1,0.00463844,40.7329,206423,0.361671,0.00124038,0,176680,0.00339806,34.8638
0,1,G4CMPDriftHole,1,0.00371212,36.4393,184665,0.738715,0.000844098,0,162317,0.00286802,32.0295
0,1,G4CMPDriftHole,1,0.00807364,53.7395,272337,0.990547,0.00093364,0,256107,0.00714,50.5368
0,1,G4CMPDriftHole,1,0.00886178,56.3014,285321,1.08464,0.000821537,0,271774,0.00804024,53.6282
0,1,G4CMPDriftHole,1,0.00964139,58.7258,297607,0.525431,0.00169171,0,270239,0.00794968,53.3254
0,1,G4CMPDriftHole,1,0.0207738,86.202,436849,0.43769,0.00266038,0,407918,0.0181135,80.4933
0,1,G4CMPDriftHole,1,0.0140301,70.8418,359007,0.791044,0.00165636,0,337150,0.0123737,66.5288
0,1,G4CMPDriftHole,1,0.00699989,50.0385,253582,1.02444,0.00081064,0,238447,0.00618925,47.052
0,1,G4CMPDriftHole,1,0.00559754,44.7463,226762,0.723254,0.00107865,0,203746,0.00451889,40.2045
0,1,G4CMPDriftHole,1,0.00448564,40.0563,202995,0.851933,0.000824118,0,183402,0.00366152,36.1901
0,1,G4CMPDriftHole,1,0.012547,66.9929,339502,1.01476,0.00114315,0,323667,0.0114038,63.8682
0,1,G4CMPDriftHole,1,0.0124011,66.6022,337522,1.00066,0.00116404,0,321291,0.011237,63.3994
0,1,G4CMPDriftHole,1,0.025337,95.2,482448,0.789096,0.00226936,0,460335,0.0230677,90.8366
0,1,G4CMPDriftHole,1,0.0230872,90.875,460530,0.622324,0.00250986,0,434777,0.0205773,85.7933
0,1,G4CMPDriftHole,1,0.0202652,85.1401,431467,0.436042,0.00262833,0,402516,0.0176368,79.4272
0,1,G4CMPDriftHole,1,0.022486,89.6839,454494,0.319614,0.00291137,0,424052,0.0195746,83.6769
0,1,G4CMPDriftHole,1,0.00776766,52.7113,267127,0.375537,0.00162897,0,237471,0.00613868,46.8594
0,1,G4CMPDriftHole,1,0.019452,83.4144,422722,0.262229,0.00274871,0,391718,0.0167033,77.2965
0,1,G4CMPDriftHole,1,0.0157291,75.0086,380123,0.478872,0.00225174,0,351864,0.0134774,69.4323
0,1,G4CMPDriftHole,1,0.0210543,86.7819,439787,0.786073,0.00206532,0,417660,0.0189889,82.4156
0,1,G4CMPDriftHole,1,0.0215926,87.8844,445374,0.307486,0.00286236,0,414805,0.0187303,81.8523
0,1,G4CMPDriftHole,1,0.0198959,84.3608,427518,0.529994,0.00247253,0,400072,0.0174234,78.945
0,1,G4CMPDriftHole,1,0.00990245,59.5155,301609,0.667301,0.00154768,0,277038,0.00835478,54.6671
0,1,G4CMPDriftHole,1,0.00830567,54.5062,276223,0.740222,0.00131658,0,253386,0.00698908,49.9999
0,1,G4CMPDriftHole,1,0.0025721,30.3321,153715,0.547634,0.000806998,0,127338,0.0017651,25.1272
0,1,G4CMPDriftHole,1,0.024223,93.0836,471723,0.692899,0.00243101,0,447426,0.021792,88.2893
0,1,G4CMPDriftHole,1,0.0229439,90.5925,459098,0.904425,0.00187621,0,439927,0.0210677,86.8095
0,1,G4CMPDriftHole,1,0.0233602,91.4108,463245,0.536715,0.0026775,0,435889,0.0206827,86.0127
0,1,G4CMPDriftHole,1,0.0201942,84.9909,430711,0.624302,0.00233656,0,405027,0.0178576,79.9228
0,1,G4CMPDriftHole,1,0.0074133,51.495,260963,0.603442,0.00139321,0,235166,0.00602009,46.4046
0,1,G4CMPDriftHole,1,0.0132714,68.8997,349165,0.141293,0.00231006,0,317325,0.0109613,62.6168
0,1,G4CMPDriftHole,1,0.00878038,56.0423,284007,0.617615,0.00151002,0,258434,0.00727035,50.9961
0,1,G4CMPDriftHole,1,0.00626363,47.3339,239875,0.664527,0.00121069,0,215449,0.00505294,42.5139
0,1,G4CMPDriftHole,1,0.0192349,82.9476,420356,1.13294,0.00113639,0,407750,0.0180985,80.46
0,1,G4CMPDriftHole,1,0.0213332,87.355,442691,0.251766,0.00289215,0,411591,0.0184411,81.218
0,1,G4CMPDriftHole,1,0.0184216,81.1751,411374,0.24343,0.00268546,0,380209,0.0157362,75.0255
0,1,G4CMPDriftHole,1,0.0158954,75.404,382127,0.210399,0.00250641,0,350708,0.013389,69.2042
0,1,G4CMPDriftHole,1,0.0125309,66.95,339284,0.215819,0.00221003,0,307915,0.0103209,60.76
0,1,G4CMPDriftHole,1,0.010065,60.002,304074,1.0651,0.000919586,0,289851,0.00914541,57.1953
0,1,G4CMPDriftHole,1,0.0140777,70.962,359616,0.833634,0.00158145,0,338816,0.0124963,66.8574
0,1,G4CMPDriftHole,1,0.0209839,86.6368,439052,0.253739,0.00286593,0,407970,0.018118,80.5034
0,1,G4CMPDriftHole,1,0.0173303,78.7339,399002,0.649214,0.00211481,0,373865,0.0152154,73.7737
0,1,G4CMPDriftHole,1,0.0156449,74.8075,379104,0.95764,0.00141622,0,361538,0.0142287,71.3413
0,1,G4CMPDriftHole,1,0.022432,89.5763,453949,0.0583774,0.00306345,0,421815,0.0193686,83.2354
0,1,G4CMPDriftHole,1,0.0163984,76.5878,388126,0.161806,0.00257199,0,356391,0.0138264,70.3256
0,1,G4CMPDriftHole,1,0.0206737,85.994,435795,0.574828,0.00245073,0,409150,0.018223,80.7363
0,1,G4CMPDriftHole,1,0.0179966,80.2332,406600,0.508508,0.00237642,0,378805,0.0156202,74.7484
0,1,G4CMPDriftHole,1,0.0207778,86.2102,436890,0.779482,0.0020652,0,414610,0.0187126,81.8137
0,1,G4CMPDriftHole,1,0.018032,80.3121,407000,0.584618,0.00226605,0,380569,0.015766,75.0964
0,1,G4CMPDriftHole,1,0.0129835,68.1483,345357,0.519167,0.00198881,0,317808,0.0109947,62.712
0,1,G4CMPDriftHole,1,0.0103522,60.8521,308382,0.54677,0.00173349,0,281380,0.00861872,55.524
0,1,G4CMPDriftHole,1,0.0105697,61.4881,311605,0.858993,0.00131378,0,291597,0.00925595,57.5399
0,1,G4CMPDriftHole,1,0.0106889,61.8339,313357,0.592799,0.00170874,0,287221,0.0089802,56.6764
0,1,G4CMPDriftHole,1,0.00424416,38.9632,197455,1.21249,0.00037251,0,188591,0.00387165,37.214
0,1,G4CMPDriftHole,1,0.0216904,88.0831,446381,0.220979,0.00293975,0,415031,0.0187506,81.8968
0,1,G4CMPDriftHole,1,0.014256,71.4097,361885,0.314021,0.00229957,0,331415,0.0119564,65.3972
0,1,G4CMPDriftHole,1,0.0123213,66.3877,336435,1.19032,0.000762877,0,325853,0.0115584,64.2996
0,1,G4CMPDriftHole,1,0.0207373,86.1262,436464,0.774809,0.0020731,0,414074,0.0186642,81.7079
0,1,G4CMPDriftHole,1,0.018389,81.1032,411009,0.783334,0.00192836,0,388862,0.0164606,76.733
0,1,G4CMPDriftHole,1,0.0162659,76.2778,386555,0.386584,0.00239657,0,356944,0.0138693,70.4347
0,1,G4CMPDriftHole,1,0.0132336,68.8015,348668,0.841216,0.0015161,0,328088,0.0117175,64.7406
0,1,G4CMPDriftHole,1,0.00964166,58.7266,297611,0.272182,0.00189632,0,266743,0.00774534,52.6356
0,1,G4CMPDriftHole,1,0.0129793,68.1372,345301,0.500135,0.00201093,0,317426,0.0109683,62.6368
0,1,G4CMPDriftHole,1,0.0100792,60.0444,304289,0.454662,0.00180325,0,275729,0.00827597,54.4087
0,1,G4CMPDriftHole,1,0.00597396,46.2264,234263,0.298511,0.0014565,0,203714,0.00451747,40.1982
0,1,G4CMPDriftHole,1,0.0143923,71.7504,363612,0.573547,0.00202789,0,337023,0.0123644,66.5037
0,1,G4CMPDriftHole,1,0.0113119,63.6101,322359,1.10929,0.000893286,0,309369,0.0104186,61.0469
0,1,G4CMPDriftHole,1,0.00884599,56.2513,285066,0.843566,0.00121546,0,264758,0.00763053,52.244
0,1,G4CMPDriftHole,1,0.00766571,52.3643,265368,0.48897,0.00152917,0,237429,0.00613654,46.8512
0,1,G4CMPDriftHole,1,0.00717441,50.6585,256723,0.616738,0.00135504,0,231212,0.00581937,45.6244
0,1,G4CMPDriftHole,1,0.00412581,38.4161,194683,0.5449,0.00105408,0,167982,0.00307172,33.1475
0,1,G4CMPDriftHole,1,0.0089117,56.4598,286123,1.17154,0.000666744,0,275212,0.00824496,54.3067
0,1,G4CMPDriftHole,1,0.0158294,75.2474,381334,0.690534,0.00194761,0,357105,0.0138818,70.4664
0,1,G4CMPDriftHole,1,0.0113067,63.5956,322286,0.741399,0.00155315,0,299333,0.00975356,59.0664
0,1,G4CMPDriftHole,1,0.0081127,53.8693,272995,0.870535,0.00112021,0,253448,0.00699249,50.0121
0,1,G4CMPDriftHole,1,0.0156409,74.798,379056,1.11939,0.00104615,0,366160,0.0145948,72.2533
0,1,G4CMPDriftHole,1,0.0206687,85.9836,435742,0.328293,0.00277815,0,405401,0.0178905,79.9965
0,1,G4CMPDriftHole,1,0.0177473,79.6757,403775,0.646481,0.00214613,0,378575,0.0156012,74.703
0,1,G4CMPDriftHole,1,0.02134,87.3687,442761,0.932388,0.00173648,0,424365,0.0196035,83.7386
0,1,G4CMPDriftHole,1,0.0183107,80.9305,410134,0.701409,0.00208318,0,386099,0.0162276,76.1878
0,1,G4CMPDriftHole,1,0.0417297,122.175,619149,0.152084,0.00417665,0,587348,0.0375531,115.9
0,1,G4CMPDriftHole,1,0.0337775,109.919,557040,1.16205,0.00143895,0,545045,0.0323385,107.552
0,1,G4CMPDriftHole,1,0.0297092,103.087,522418,0.456357,0.00317405,0,493723,0.0265351,97.4248
0,1,G4CMPDriftHole,1,0.0278611,99.8294,505909,0.750022,0.0024816,0,482852,0.0253795,95.2798
0,1,G4CMPDriftHole,1,0.0272095,98.655,499957,0.385393,0.00313431,0,470281,0.0240751,92.799
0,1,G4CMPDriftHole,1,0.024552,93.7136,474915,0.67761,0.00248043,0,450287,0.0220716,88.8537
0,1,G4CMPDriftHole,1,0.0192907,83.0678,420965,0.683211,0.00217545,0,396519,0.0171152,78.2439
0,1,G4CMPDriftHole,1,0.0193387,83.1711,421489,1.02559,0.00141921,0,405728,0.0179195,80.0611
0,1,G4CMPDriftHole,1,0.0180841,80.4279,407587,0.526119,0.00235759,0,380092,0.0157265,75.0023
0,1,G4CMPDriftHole,1,0.0154299,74.2917,376490,0.422179,0.00229428,0,347374,0.0131356,68.5463
0,1,G4CMPDriftHole,1,0.0131402,68.5584,347436,0.378673,0.00214981,0,317746,0.0109904,62.6998
0,1,G4CMPDriftHole,1,0.0144934,72.002,364887,0.343471,0.00229526,0,334749,0.0121982,66.0551
0,1,G4CMPDriftHole,1,0.0111235,63.0783,319664,0.618928,0.00171207,0,294036,0.00941145,58.0213
0,1,G4CMPDriftHole,1,0.0203053,85.2244,431895,0.564099,0.0024453,0,405055,0.01786,79.9282
0,1,G4CMPDriftHole,1,0.0157801,75.1301,380739,1.11765,0.00105548,0,367786,0.0147246,72.5741
0,1,G4CMPDriftHole,1,0.0144732,71.9518,364633,0.570715,0.00203782,0,337989,0.0124354,66.6944
0,1,G4CMPDriftHole,1,0.0157326,75.017,380166,0.538159,0.00217511,0,352909,0.0135575,69.6384
0,1,G4CMPDriftHole,1,0.013917,70.5555,357556,0.490057,0.00209831,0,329501,0.0118186,65.0194
0,1,G4CMPDriftHole,1,0.0107397,61.9806,314101,0.702626,0.00156725,0,290279,0.00917246,57.2799
0,1,G4CMPDriftHole,1,0.0108579,62.3206,315824,0.77158,0.0014739,0,293607,0.00938399,57.9366
0,1,G4CMPDriftHole,1,0.0156511,74.8223,379179,0.691291,0.00193468,0,354970,0.0137164,70.0453
0,1,G4CMPDriftHole,1,0.00986317,59.3974,301010,0.875418,0.00123885,0,281472,0.00862432,55.542
0,1,G4CMPDriftHole,1,0.00387786,37.2439,188742,0.692473,0.000905357,0,165247,0.0029725,32.6077
0,1,G4CMPDriftHole,1,0.0062915,47.4391,240408,0.615895,0.00126257,0,214936,0.00502892,42.4128
0,1,G4CMPDriftHole,1,0.00612664,46.8134,237238,0.764569,0.00108717,0,215161,0.00503946,42.4572
0,1,G4CMPDriftHole,1,0.0124836,66.8236,338644,0.129851,0.00224072,0,306750,0.0102429,60.53
0,1,G4CMPDriftHole,1,0.00850359,55.1519,279495,0.56961,0.00153684,0,252981,0.00696675,49.92
0,1,G4CMPDriftHole,1,0.017099,78.2069,396331,1.06604,0.00123054,0,381804,0.0158685,75.3403
0,1,G4CMPDriftHole,1,0.0165359,76.9082,389750,1.23502,0.000787283,0,380359,0.0157486,75.055
0,1,G4CMPDriftHole,1,0.0251601,94.8669,480760,1.15371,0.0012522,0,468644,0.0239079,92.4761
0,1,G4CMPDriftHole,1,0.0390182,118.139,598695,0.518163,0.00353255,0,570951,0.0354856,112.664
0,1,G4CMPDriftHole,1,0.0339318,110.17,558311,0.0679669,0.0037913,0,526196,0.0301405,103.833
0,1,G4CMPDriftHole,1,0.0315011,106.151,537942,0.186349,0.00359229,0,506341,0.0279088,99.9148
0,1,G4CMPDriftHole,1,0.0255514,95.6018,484484,0.447792,0.00294809,0,455678,0.0226033,89.9176
0,1,G4CMPDriftHole,1,0.0232687,91.2316,462337,0.729984,0.00230194,0,438873,0.0209668,86.6014
0,1,G4CMPDriftHole,1,0.028626,101.19,512806,0.358354,0.00325307,0,482790,0.0253729,95.2674
0,1,G4CMPDriftHole,1,0.0227322,90.1736,456976,0.525523,0.00265789,0,429430,0.0200743,84.7382
0,1,G4CMPDriftHole,1,0.0205728,85.7839,434730,0.800805,0.00200827,0,412966,0.0185645,81.4893
0,1,G4CMPDriftHole,1,0.0200279,84.6403,428934,0.824858,0.00192748,0,407772,0.0181005,80.4644
0,1,G4CMPDriftHole,1,0.0179304,80.0855,405852,0.369573,0.0025397,0,376012,0.0153907,74.1973
0,1,G4CMPDriftHole,1,0.0167119,77.3165,391819,0.628474,0.00210867,0,366266,0.0146032,72.2742
0,1,G4CMPDriftHole,1,0.0143467,71.6367,363036,1.27931,0.000618414,0,355125,0.0137283,70.0758
0,1,G4CMPDriftHole,1,0.0127885,67.6346,342754,0.181018,0.00225026,0,311140,0.0105382,61.3964
0,1,G4CMPDriftHole,1,0.015358,74.1185,375613,0.736128,0.00183816,0,352418,0.0135199,69.5417
0,1,G4CMPDriftHole,1,0.012127,65.862,333771,0.364956,0.00207248,0,303915,0.0100545,59.9707
0,1,G4CMPDriftHole,1,0.0148394,72.8562,369216,1.09265,0.00107792,0,355553,0.0137614,70.1602
0,1,G4CMPDriftHole,1,0.0146506,72.3913,366860,0.808671,0.00166255,0,345417,0.012988,68.1602
0,1,G4CMPDriftHole,1,0.0207519,86.1565,436618,0.739559,0.00214796,0,413404,0.018604,81.5759
0,1,G4CMPDriftHole,1,0.0192508,82.9818,420530,0.400565,0.00260132,0,391086,0.0166494,77.1719
0,1,G4CMPDriftHole,1,0.0171128,78.2383,396491,0.569391,0.00222771,0,369784,0.0148851,72.9684
0,1,G4CMPDriftHole,1,0.0106522,61.7276,312819,0.586495,0.0017133,0,286560,0.00893894,56.546
0,1,G4CMPDriftHole,1,0.00818931,54.1231,274281,0.664909,0.00140007,0,249737,0.00678924,49.2799
0,1,G4CMPDriftHole,1,0.0068515,49.5053,250880,1.1658,0.000580018,0,240026,0.00627148,47.3635
0,1,G4CMPDriftHole,1,0.00732187,51.1764,259348,0.585988,0.00140167,0,233207,0.0059202,46.0179
0,1,G4CMPDriftHole,1,0.016632,77.1315,390882,0.610435,0.00213205,0,364969,0.0145,72.0183
0,1,G4CMPDriftHole,1,0.0119391,65.35,331176,0.257493,0.00213184,0,300156,0.0098073,59.2289
0,1,G4CMPDriftHole,1,0.0160076,75.6698,383474,0.21342,0.00251394,0,352077,0.0134937,69.4744
0,1,G4CMPDriftHole,1,0.0132039,68.7243,348276,0.892276,0.00141928,0,329026,0.0117846,64.9258
0,1,G4CMPDriftHole,1,0.011167,63.2016,320289,0.793556,0.00146154,0,298594,0.00970548,58.9207
0,1,G4CMPDriftHole,1,0.00970345,58.9145,298563,0.54662,0.00167486,0,271577,0.00802859,53.5894
0,1,G4CMPDriftHole,1,0.00848678,55.0973,279218,0.443552,0.00165482,0,250522,0.00683195,49.4347
0,1,G4CMPDriftHole,1,0.00424396,38.9623,197450,0.306933,0.00120642,0,167045,0.00303754,32.9625
0,1,G4CMPDriftHole,1,0.0205126,85.6582,434093,0.748098,0.0021173,0,411079,0.0183953,81.1171
0,1,G4CMPDriftHole,1,0.0191354,82.7329,419268,0.563783,0.00237101,0,392434,0.0167644,77.4378
0,1,G4CMPDriftHole,1,0.0168006,77.5213,392857,0.516175,0.00228194,0,365204,0.0145186,72.0646
0,1,G4CMPDriftHole,1,0.0236349,91.9467,465961,0.986686,0.00168817,0,449012,0.0219467,88.6021
0,1,G4CMPDriftHole,1,0.0230206,90.7439,459866,0.115277,0.00308895,0,427902,0.0199317,84.4366
0,1,G4CMPDriftHole,1,0.0176286,79.4087,402422,0.345137,0.00254139,0,372287,0.0150872,73.4622
0,1,G4CMPDriftHole,1,0.0175942,79.3312,402029,1.02769,0.0013434,0,386376,0.0162508,76.2424
0,1,G4CMPDriftHole,1,0.0162748,76.2987,386661,0.582746,0.00214997,0,360217,0.0141248,71.0806
0,1,G4CMPDriftHole,1,0.0139136,70.5471,357514,0.842482,0.00155506,0,336943,0.0123586,66.4879
0,1,G4CMPDriftHole,1,0.01422,71.3195,361428,0.328263,0.00228513,0,331116,0.0119348,65.3382
0,1,G4CMPDriftHole,1,0.0121945,66.0451,334699,0.8717,0.00139681,0,314947,0.0107977,62.1476
0,1,G4CMPDriftHole,1,0.0180785,80.4155,407524,1.17266,0.000994565,0,396156,0.0170839,78.1722
0,1,G4CMPDriftHole,1,0.0285786,101.107,512381,0.904979,0.00210549,0,493146,0.0264731,97.311
0,1,G4CMPDriftHole,1,0.0251043,94.7618,480227,1.04573,0.00157439,0,464925,0.0235299,91.7422
0,1,G4CMPDriftHole,1,0.0232594,91.2134,462245,0.368575,0.00290943,0,432369,0.02035,85.3181
0,1,G4CMPDriftHole,1,0.024702,93.9994,476364,0.604386,0.00263451,0,450245,0.0220675,88.8455
0,1,G4CMPDriftHole,1,0.0227865,90.2812,457521,0.946249,0.00176225,0,439473,0.0210242,86.7199
0,1,G4CMPDriftHole,1,0.0174177,78.9323,400008,1.01463,0.0013673,0,383986,0.0160504,75.7709
0,1,G4CMPDriftHole,1,0.0125739,67.0646,339865,0.482297,0.00199755,0,311702,0.0105763,61.5072
0,1,G4CMPDriftHole,1,0.01142,63.9135,323897,0.714832,0.00160161,0,300326,0.00981843,59.2625
0,1,G4CMPDriftHole,1,0.012463,66.7683,338364,0.361185,0.00210573,0,308458,0.0103573,60.867
0,1,G4CMPDriftHole,1,0.00952857,58.3812,295860,0.804442,0.00132529,0,274515,0.00820328,54.1692
0,1,G4CMPDriftHole,1,0.0099117,59.5433,301750,1.05246,0.000934997,0,287165,0.00897671,56.6653
0,1,G4CMPDriftHole,1,0.0331064,108.822,551479,0.868778,0.00238321,0,531258,0.0307232,104.832
0,1,G4CMPDriftHole,1,0.0338724,110.073,557822,0.421135,0.0034553,0,528605,0.0304171,104.308
0,1,G4CMPDriftHole,1,0.0298138,103.269,523337,0.877326,0.00223182,0,503368,0.027582,99.3281
0,1,G4CMPDriftHole,1,0.0263264,97.0409,491777,1.19484,0.00115273,0,480890,0.0251737,94.8926
0,1,G4CMPDriftHole,1,0.0234301,91.5474,463938,0.561777,0.00263913,0,437029,0.020791,86.2376
0,1,G4CMPDriftHole,1,0.0209094,86.4828,438272,0.395362,0.00272202,0,408750,0.0181874,80.6574
0,1,G4CMPDriftHole,1,0.0230036,90.7103,459696,0.0565239,0.003104,0,427557,0.0198996,84.3686
0,1,G4CMPDriftHole,1,0.0193475,83.1901,421585,1.06652,0.00131489,0,407007,0.0180326,80.3135
0,1,G4CMPDriftHole,1,0.0174349,78.9713,400205,0.726244,0.00198441,0,376742,0.0154505,74.3414
0,1,G4CMPDriftHole,1,0.0189998,82.4391,417779,1.02065,0.00141807,0,401886,0.0175817,79.303
0,1,G4CMPDriftHole,1,0.0196557,83.85,424929,0.602079,0.00234177,0,398814,0.0173139,78.6968
0,1,G4CMPDriftHole,1,0.0212967,87.2801,442312,0.791647,0.00206556,0,420315,0.0192311,82.9395
0,1,G4CMPDriftHole,1,0.0169664,77.903,394791,0.730396,0.00194839,0,371432,0.015018,73.2935
0,1,G4CMPDriftHole,1,0.0116486,64.5498,327121,0.953859,0.00121364,0,309612,0.0104349,61.0947
0,1,G4CMPDriftHole,1,0.021155,86.9892,440838,0.744856,0.00215875,0,417740,0.0189962,82.4314
0,1,G4CMPDriftHole,1,0.0189868,82.4109,417636,1.10313,0.00120675,0,404146,0.01778,79.749
0,1,G4CMPDriftHole,1,0.0205997,85.84,435014,0.690482,0.00223776,0,410707,0.018362,81.0436
0,1,G4CMPDriftHole,1,0.0108999,62.4411,316435,0.829333,0.00138505,0,295647,0.00951486,58.3392
0,1,G4CMPDriftHole,1,0.0122062,66.0769,334860,1.01012,0.00113522,0,318908,0.011071,62.9292
0,1,G4CMPDriftHole,1,0.0157962,75.1685,380934,0.413905,0.00233166,0,351697,0.0134646,69.3993
0,1,G4CMPDriftHole,1,0.0147255,72.5762,367797,1.1496,0.000941148,0,355849,0.0137844,70.2186
0,1,G4CMPDriftHole,1,0.018226,80.7429,409183,0.371396,0.00255958,0,379365,0.0156664,74.8589
0,1,G4CMPDriftHole,1,0.00823939,54.2884,275119,0.591327,0.00148804,0,249039,0.00675135,49.1422
0,1,G4CMPDriftHole,1,0.00897789,56.6691,287184,0.677501,0.00145547,0,262876,0.00752241,51.8726
0,1,G4CMPDriftHole,1,0.00828515,54.4389,275882,1.04254,0.000861782,0,261140,0.00742336,51.5299
0,1,G4CMPDriftHole,1,0.00766222,52.3524,265308,1.21096,0.000541961,0,255753,0.00712026,50.4669
0,1,G4CMPDriftHole,1,0.0105019,61.2905,310604,0.508681,0.00178854,0,282921,0.00871337,55.828
0,1,G4CMPDriftHole,1,0.00818036,54.0935,274131,0.647125,0.00142008,0,249204,0.00676027,49.1746
0,1,G4CMPDriftHole,1,0.00492165,41.9579,212632,0.856897,0.000863019,0,193091,0.00405863,38.1021
0,1,G4CMPDriftHole,1,0.0133924,69.2131,350753,0.874235,0.00146445,0,331021,0.0119279,65.3193
0,1,G4CMPDriftHole,1,0.0127501,67.533,342239,0.971923,0.00123937,0,325180,0.0115107,64.1668
0,1,G4CMPDriftHole,1,0.0201866,84.975,430630,0.576727,0.00241724,0,404026,0.0177694,79.7252
0,1,G4CMPDriftHole,1,0.0120182,65.566,332271,0.731896,0.00161964,0,309072,0.0103986,60.9882
0,1,G4CMPDriftHole,1,0.0132225,68.7728,348522,0.190456,0.00228577,0,316969,0.0109368,62.5466
0,1,G4CMPDriftHole,1,0.0104253,61.0666,309469,0.749658,0.00147475,0,286746,0.00895056,56.5828
0,1,G4CMPDriftHole,1,0.02014,84.8768,430133,0.330436,0.00273885,0,399817,0.0174012,78.8947
0,1,G4CMPDriftHole,1,0.0139328,70.5958,357760,0.501401,0.00208604,0,329893,0.0118468,65.0967
0,1,G4CMPDriftHole,1,0.0167164,77.3269,391872,1.13112,0.00105625,0,379290,0.0156602,74.8441
0,1,G4CMPDriftHole,1,0.0255381,95.577,484358,0.323982,0.00310539,0,453956,0.0224327,89.5777
0,1,G4CMPDriftHole,1,0.0131265,68.5226,347254,0.868129,0.00146008,0,327372,0.0116664,64.5994
0,1,G4CMPDriftHole,1,0.0110641,62.9095,318808,0.240973,0.00205712,0,287648,0.00900694,56.7607
0,1,G4CMPDriftHole,1,0.00887138,56.3319,285475,0.830873,0.00123623,0,264839,0.00763515,52.2598
0,1,G4CMPDriftHole,1,0.00911279,57.0933,289333,0.0651695,0.00191079,0,257217,0.00720201,50.7558
0,1,G4CMPDriftHole,1,0.0122691,66.247,335722,0.411649,0.00204366,0,306489,0.0102255,60.4785
0,1,G4CMPDriftHole,1,0.00929207,57.6521,292165,1.10243,0.000811598,0,279115,0.00848047,55.0768
0,1,G4CMPDriftHole,1,0.00168014,24.515,124235,0.402409,0.000688379,0,95450,0.00099176,18.8349
0,1,G4CMPDriftHole,1,0.00606658,46.5834,236072,1.29914,0.00033115,0,229539,0.00573543,45.2941
0,1,G4CMPDriftHole,1,0.0156902,74.9159,379654,0.760337,0.00181532,0,357016,0.0138749,70.4489
0,1,G4CMPDriftHole,1,0.0131576,68.6038,347665,0.551342,0.00196286,0,320686,0.0111948,63.28
0,1,G4CMPDriftHole,1,0.011546,64.2652,325679,0.233718,0.00210777,0,294455,0.00943827,58.1039
0,1,G4CMPDriftHole,1,0.0123816,66.5499,337257,0.664368,0.00174822,0,312542,0.0106334,61.673
0,1,G4CMPDriftHole,1,0.0134393,69.3343,351367,0.288198,0.00224832,0,320632,0.011191,63.2694
0,1,G4CMPDriftHole,1,0.0152288,73.8061,374029,0.50439,0.00218226,0,346195,0.0130466,68.3136
0,1,G4CMPDriftHole,1,0.0148717,72.9355,369617,0.67145,0.00191543,0,344994,0.0129562,68.0767
0,1,G4CMPDriftHole,1,0.0140612,70.9202,359405,0.861417,0.00152799,0,339316,0.0125332,66.9561
0,1,G4CMPDriftHole,1,0.0104386,61.1055,309666,0.825158,0.00135969,0,288795,0.00907893,56.9871
0,1,G4CMPDriftHole,1,0.0114559,64.0137,324404,0.810694,0.00145376,0,303122,0.0100021,59.8142
0,1,G4CMPDriftHole,1,0.0107469,62.0012,314205,0.885094,0.00128167,0,294875,0.00946521,58.1867
0,1,G4CMPDriftHole,1,0.0124023,66.6054,337538,0.745762,0.00162501,0,314649,0.0107773,62.0888
0,1,G4CMPDriftHole,1,0.0101234,60.1758,304955,0.585972,0.00166801,0,278701,0.00845537,54.9953
0,1,G4CMPDriftHole,1,0.010464,61.1798,310043,0.575638,0.00171004,0,283580,0.00875398,55.9579
0,1,G4CMPDriftHole,1,0.00854158,55.2749,280118,0.627365,0.00147664,0,254757,0.00706494,50.2705
0,1,G4CMPDriftHole,1,0.015175,73.6756,373368,1.20378,0.00082621,0,363062,0.0143488,71.6418
0,1,G4CMPDriftHole,1,0.0338274,110,557451,0.403407,0.00348068,0,527993,0.0303467,104.187
0,1,G4CMPDriftHole,1,0.0276407,99.4336,503903,1.07421,0.00156982,0,489385,0.0260709,96.5688
0,1,G4CMPDriftHole,1,0.0248959,94.3676,478229,0.495918,0.00283526,0,450175,0.0220606,88.8317
0,1,G4CMPDriftHole,1,0.0298171,103.274,523366,0.968989,0.00196388,0,505836,0.0278532,99.8152
0,1,G4CMPDriftHole,1,0.0281076,100.27,508141,0.443886,0.00310355,0,479267,0.025004,94.5723
0,1,G4CMPDriftHole,1,0.0251183,94.7882,480361,0.238268,0.00315887,0,449141,0.0219594,88.6277
0,1,G4CMPDriftHole,1,0.018645,81.6657,413860,0.236944,0.00270684,0,382641,0.0159381,75.5053
0,1,G4CMPDriftHole,1,0.0162009,76.1253,385783,0.674829,0.00199844,0,361206,0.0142025,71.2757
0,1,G4CMPDriftHole,1,0.0141444,71.1298,360467,0.47156,0.00213792,0,332109,0.0120065,65.5341
0,1,G4CMPDriftHole,1,0.0119233,65.3065,330956,0.385787,0.00203633,0,301372,0.00988692,59.4689
0,1,G4CMPDriftHole,1,0.0126898,67.3731,341429,0.442413,0.00204983,0,312639,0.01064,61.6921
0,1,G4CMPDriftHole,1,0.0102377,60.5146,306672,0.868628,0.00127545,0,286933,0.00896226,56.6197
0,1,G4CMPDriftHole,1,0.0230123,90.7276,459783,0.62443,0.00250165,0,434073,0.0205107,85.6543
0,1,G4CMPDriftHole,1,0.0217648,88.2341,447146,0.227067,0.00294074,0,415843,0.018824,82.057
0,1,G4CMPDriftHole,1,0.0195641,83.6545,423939,0.744561,0.00207227,0,400858,0.0174919,79.1001
0,1,G4CMPDriftHole,1,0.0175304,79.1872,401299,0.308394,0.00256716,0,370754,0.0149632,73.1597
0,1,G4CMPDriftHole,1,0.0154371,74.309,376578,0.851874,0.00162542,0,356201,0.0138116,70.2881
0,1,G4CMPDriftHole,1,0.0100101,59.8381,303243,0.635816,0.00159725,0,277999,0.00841282,54.8567
0,1,G4CMPDriftHole,1,0.0126012,67.1373,340234,0.411039,0.00207322,0,310988,0.0105279,61.3664
0,1,G4CMPDriftHole,1,0.0101747,60.3281,305727,0.547577,0.00171669,0,278745,0.00845801,55.0038
0,1,G4CMPDriftHole,1,0.00809441,53.8086,272687,0.367994,0.00167047,0,242926,0.00642394,47.9358
0,1,G4CMPDriftHole,1,0.0210231,86.7176,439462,0.753816,0.00213286,0,416573,0.0188902,82.2011
0,1,G4CMPDriftHole,1,0.019429,83.3651,422472,0.225018,0.0027736,0,391156,0.0166554,77.1856
0,1,G4CMPDriftHole,1,0.0196293,83.7937,424644,0.927782,0.00167179,0,406158,0.0179575,80.146
0,1,G4CMPDriftHole,1,0.011953,65.3878,331368,1.10561,0.000929047,0,318230,0.0110239,62.7953
0,1,G4CMPDriftHole,1,0.0154212,74.2708,376384,0.49253,0.00221167,0,348350,0.0132095,68.7389
0,1,G4CMPDriftHole,1,0.0106286,61.659,312471,0.858238,0.00131899,0,292440,0.00930958,57.7064
0,1,G4CMPDriftHole,1,0.0120096,65.5424,332151,0.495062,0.0019357,0,304208,0.0100739,60.0284
0,1,G4CMPDriftHole,1,0.0100531,59.9665,303894,0.687308,0.00153355,0,279757,0.00851953,55.2035
0,1,G4CMPDriftHole,1,0.009963,59.6972,302529,0.622848,0.00160941,0,277019,0.00835358,54.6633
0,1,G4CMPDriftHole,1,0.00331647,34.4427,174546,0.263192,0.00106843,0,143706,0.00224804,28.357
0,1,G4CMPDriftHole,1,0.0175696,79.2757,401748,0.332802,0.0025485,0,371470,0.0150211,73.3011
0,1,G4CMPDriftHole,1,0.0117568,64.849,328637,0.349919,0.00205098,0,298599,0.00970578,58.9216
0,1,G4CMPDriftHole,1,0.0099192,59.5659,301864,0.450663,0.00179168,0,273245,0.00812752,53.9185
0,1,G4CMPDriftHole,1,0.00744622,51.6092,261541,0.316075,0.00162949,0,231160,0.00581673,45.614
0,1,G4CMPDriftHole,1,0.00764373,52.2892,264987,0.944338,0.000976062,0,247491,0.00666767,48.8367
0,1,G4CMPDriftHole,1,0.0133311,69.0546,349950,0.307733,0.00222472,0,319418,0.0111064,63.0298
0,1,G4CMPDriftHole,1,0.0101205,60.1672,304911,0.426103,0.00183318,0,275918,0.00828731,54.446
0,1,G4CMPDriftHole,1,0.0183445,81.0051,410512,0.347706,0.00259224,0,380404,0.0157523,75.0639
0,1,G4CMPDriftHole,1,0.0140013,70.7689,358638,0.648374,0.00189074,0,333545,0.0121105,65.8174
0,1,G4CMPDriftHole,1,0.0170235,78.034,395455,1.14442,0.00103349,0,383263,0.01599,75.6282
0,1,G4CMPDriftHole,1,0.0211167,86.9105,440439,1.13278,0.00119651,0,427779,0.0199202,84.4123
0,1,G4CMPDriftHole,1,0.0217857,88.2764,447361,0.616305,0.00244582,0,421502,0.0193399,83.1736
0,1,G4CMPDriftHole,1,0.0135215,69.5458,352440,0.418959,0.00214376,0,323296,0.0113777,63.795
0,1,G4CMPDriftHole,1,0.0176417,79.4382,402572,0.574857,0.00225526,0,375960,0.0153865,74.1871
0,1,G4CMPDriftHole,1,0.0122348,66.1541,335251,0.78796,0.00154444,0,313378,0.0106903,61.8378
0,1,G4CMPDriftHole,1,0.0175818,79.3032,401887,0.499907,0.00235927,0,373952,0.0152225,73.7908
0,1,G4CMPDriftHole,1,0.0136611,69.9039,354254,1.02551,0.00117499,0,338677,0.0124861,66.8301
0,1,G4CMPDriftHole,1,0.0128395,67.7693,343437,0.613823,0.00185488,0,317662,0.0109846,62.6833
0,1,G4CMPDriftHole,1,0.00858675,55.4209,280858,1.36339,0.000292532,0,276033,0.00829422,54.4687
0,1,G4CMPDriftHole,1,0.00844263,54.9538,278491,0.923894,0.00106364,0,260358,0.007379,51.3757
0,1,G4CMPDriftHole,1,0.0143785,71.7159,363437,0.680957,0.00186635,0,339030,0.0125121,66.8997
0,1,G4CMPDriftHole,1,0.0120265,65.5886,332385,0.374926,0.00205501,0,302658,0.00997147,59.7226
0,1,G4CMPDriftHole,1,0.0122689,66.2463,335719,0.876118,0.00139344,0,316080,0.0108755,62.371
0,1,G4CMPDriftHole,1,0.0106649,61.7642,313004,0.780629,0.00144583,0,291015,0.00921903,57.4251
0,1,G4CMPDriftHole,1,0.0207988,86.2538,437111,0.390295,0.00272046,0,407523,0.0180783,80.4152
0,1,G4CMPDriftHole,1,0.0176122,79.3716,402234,0.303807,0.0025773,0,371640,0.0150349,73.3346
0,1,G4CMPDriftHole,1,0.0140254,70.83,358947,1.42997,0.000240307,0,355859,0.0137851,70.2205
0,1,G4CMPDriftHole,1,0.0138048,70.2708,356113,0.774275,0.00167162,0,333857,0.0121332,65.879
0,1,G4CMPDriftHole,1,0.0215318,87.7604,444746,0.398332,0.00276032,0,415261,0.0187714,81.9422
0,1,G4CMPDriftHole,1,0.015946,75.524,382735,0.336285,0.00241948,0,352505,0.0135265,69.5588
0,1,G4CMPDriftHole,1,0.0140346,70.8531,359065,1.07108,0.00109311,0,344798,0.0129415,68.038
0,1,G4CMPDriftHole,1,0.019215,82.9047,420139,0.346864,0.00265652,0,390016,0.0165585,76.9607
0,1,G4CMPDriftHole,1,0.0138328,70.3419,356474,0.739149,0.00173367,0,333388,0.0120991,65.7864
0,1,G4CMPDriftHole,1,0.012141,65.9002,333964,0.697078,0.00168187,0,309971,0.0104591,61.1656
0,1,G4CMPDriftHole,1,0.00988876,59.4744,301400,0.432142,0.00180547,0,272500,0.00808329,53.7716
0,1,G4CMPDriftHole,1,0.0199729,84.5239,428345,0.312389,0.00274411,0,397832,0.0172288,78.5031
0,1,G4CMPDriftHole,1,0.0169609,77.8903,394727,0.908542,0.00158836,0,375790,0.0153725,74.1535
0,1,G4CMPDriftHole,1,0.0155347,74.5435,377766,0.747404,0.00182918,0,354829,0.0137055,70.0174
0,1,G4CMPDriftHole,1,0.0139915,70.7442,358512,1.10383,0.00101839,0,345219,0.0129731,68.1209
0,1,G4CMPDriftHole,1,0.0130142,68.2288,345765,0.68477,0.00176429,0,321475,0.0112499,63.4356
0,1,G4CMPDriftHole,1,0.0111027,63.0194,319365,0.78075,0.00147731,0,297360,0.00962542,58.6771
0,1,G4CMPDriftHole,1,0.0147455,72.6255,368046,0.627186,0.00197584,0,342501,0.0127697,67.5848
0,1,G4CMPDriftHole,1,0.0126682,67.3157,341138,0.882792,0.00140546,0,321658,0.0112627,63.4718
0,1,G4CMPDriftHole,1,0.0110642,62.91,318811,0.899037,0.00127786,0,299836,0.00978638,59.1657
0,1,G4CMPDriftHole,1,0.00934406,57.8132,292982,1.11508,0.000790925,0,280308,0.00855313,55.3123
0,1,G4CMPDriftHole,1,0.0101483,60.2497,305329,0.0642983,0.00202278,0,273210,0.00812547,53.9117
0,1,G4CMPDriftHole,1,0.00523977,43.2927,219396,1.25456,0.000365405,0,211608,0.00487437,41.7559
0,1,G4CMPDriftHole,1,0.00800446,53.5088,271168,0.469553,0.00158207,0,242896,0.00642239,47.93
0,1,G4CMPDriftHole,1,0.00406401,38.1273,193219,0.18032,0.00121948,0,161651,0.00284453,31.8981
0,1,G4CMPDriftHole,1,0.00567887,45.0702,228404,0.747124,0.00106165,0,205951,0.00461722,40.6396
0,1,G4CMPDriftHole,1,0.00513437,42.8551,217178,0.962033,0.000757646,0,200515,0.00437673,39.5671
0,1,G4CMPDriftHole,1,0.00547242,44.2434,224214,1.03567,0.000688569,0,209634,0.00478385,41.3664
0,1,G4CMPDriftHole,1,0.0153983,74.2157,376105,0.375854,0.00233926,0,346361,0.0130591,68.3464
0,1,G4CMPDriftHole,1,0.0128237,67.7277,343226,1.16086,0.000845948,0,331712,0.0119778,65.4557
0,1,G4CMPDriftHole,1,0.0161736,76.061,385457,0.67365,0.00199864,0,360856,0.014175,71.2065
0,1,G4CMPDriftHole,1,0.0149352,73.0912,370407,0.922261,0.0014553,0,351898,0.0134799,69.4389
0,1,G4CMPDriftHole,1,0.0290685,101.97,516754,0.558209,0.00295928,0,489745,0.0261092,96.6398
0,1,G4CMPDriftHole,1,0.0252422,95.0217,481545,0.468179,0.00289909,0,453048,0.0223431,89.3987
0,1,G4CMPDriftHole,1,0.0221659,89.0434,451248,0.0686757,0.00304248,0,419137,0.0191234,82.707
0,1,G4CMPDriftHole,1,0.0205921,85.8241,434934,0.306091,0.0027939,0,404353,0.0177982,79.7897
0,1,G4CMPDriftHole,1,0.00881079,56.1392,284498,0.513119,0.00162441,0,256938,0.00718638,50.7007
0,1,G4CMPDriftHole,1,0.00920674,57.3868,290821,1.16438,0.000692983,0,279662,0.00851376,55.1848
0,1,G4CMPDriftHole,1,0.0128862,67.8924,344060,0.898916,0.00138823,0,325000,0.0114979,64.1312
0,1,G4CMPDriftHole,1,0.0161665,76.0443,385372,0.261165,0.00249663,0,354368,0.0136698,69.9263
0,1,G4CMPDriftHole,1,0.0106761,61.7968,313170,0.71916,0.00153859,0,289726,0.00913754,57.1707
0,1,G4CMPDriftHole,1,0.00759269,52.1143,264101,0.577303,0.00143826,0,237775,0.00615443,46.9195
0,1,G4CMPDriftHole,1,0.0038813,37.2604,188826,0.486108,0.00105733,0,161066,0.00282397,31.7826
0,1,G4CMPDriftHole,1,0.0171343,78.2874,396739,0.487443,0.00234403,0,368604,0.0147902,72.7355
0,1,G4CMPDriftHole,1,0.013864,70.4213,356876,0.411954,0.00217924,0,327630,0.0116848,64.6502
0,1,G4CMPDriftHole,1,0.0121594,65.9501,334217,0.978101,0.0011957,0,317359,0.0109637,62.6236
0,1,G4CMPDriftHole,1,0.0235652,91.8109,465273,0.109144,0.00312883,0,433286,0.0204363,85.4989
0,1,G4CMPDriftHole,1,0.0179512,80.132,406088,0.925574,0.00159884,0,387582,0.0163524,76.4803
0,1,G4CMPDriftHole,1,0.0170345,78.0591,395583,0.627292,0.00213194,0,370001,0.0149026,73.0112
0,1,G4CMPDriftHole,1,0.0204989,85.6296,433948,1.04645,0.0014099,0,418759,0.019089,82.6324
0,1,G4CMPDriftHole,1,0.0222789,89.2701,452397,0.47861,0.00270171,0,424080,0.0195772,83.6824
0,1,G4CMPDriftHole,1,0.0130713,68.3782,346522,0.823469,0.00153795,0,325499,0.0115333,64.2297
0,1,G4CMPDriftHole,1,0.0127457,67.5212,342179,0.767898,0.00161245,0,319803,0.0111332,63.1058
0,1,G4CMPDriftHole,1,0.0171086,78.2286,396442,0.366388,0.00248138,0,366566,0.0146272,72.3335
0,1,G4CMPDriftHole,1,0.0145154,72.0567,365164,1.08818,0.001075,0,351382,0.0134405,69.3371
0,1,G4CMPDriftHole,1,0.0125589,67.0247,339663,0.324675,0.00214347,0,309322,0.0104154,61.0376
0,1,G4CMPDriftHole,1,0.0129358,68.023,344722,0.624157,0.00184776,0,319154,0.0110881,62.9777
0,1,G4CMPDriftHole,1,0.0111635,63.1916,320238,0.637988,0.0016902,0,295001,0.00947333,58.2117
0,1,G4CMPDriftHole,1,0.00476063,41.2659,209124,0.112208,0.0013437,0,177170,0.00341693,34.9605
0,1,G4CMPDriftHole,1,0.00828732,54.446,275918,0.17304,0.00179218,0,244268,0.00649514,48.2007
0,1,G4CMPDriftHole,1,0.00265774,30.833,156253,0.854086,0.000606603,0,137268,0.00205114,27.0867
0,1,G4CMPDriftHole,1,0.00113894,20.1841,102288,0.448103,0.000533324,0,74588.5,0.000605618,14.7183
0,1,G4CMPDriftHole,1,0.0121432,65.9061,333995,1.02244,0.00110747,0,318400,0.0110357,62.829
0,1,G4CMPDriftHole,1,0.0152133,73.7684,373838,0.72749,0.00184406,0,350449,0.0133692,69.1531
0,1,G4CMPDriftHole,1,0.0184016,81.1309,411150,0.720137,0.00205341,0,387531,0.0163482,76.4704
0,1,G4CMPDriftHole,1,0.0170196,78.0251,395410,0.575844,0.00221164,0,368825,0.014808,72.7792
0,1,G4CMPDriftHole,1,0.0118524,65.1121,329971,0.549613,0.00185931,0,302986,0.00999307,59.7872
0,1,G4CMPDriftHole,1,0.0123939,66.5829,337424,1.06404,0.001035,0,323028,0.0113589,63.7421
0,1,G4CMPDriftHole,1,0.0130655,68.3631,346446,0.58821,0.00190729,0,320162,0.0111582,63.1765
0,1,G4CMPDriftHole,1,0.0107367,61.9719,314057,0.689221,0.00158594,0,289936,0.00915079,57.2122
0,1,G4CMPDriftHole,1,0.0048502,41.6523,211083,0.416372,0.00124024,0,182106,0.00360996,35.9344
0,1,G4CMPDriftHole,1,0.00543397,44.0877,223425,0.058351,0.00145048,0,191295,0.00398349,37.7477
0,1,G4CMPDriftHole,1,0.014056,70.9072,359339,0.627187,0.00192642,0,333807,0.0121296,65.8692
0,1,G4CMPDriftHole,1,0.0110061,62.7446,317973,0.3773,0.00195907,0,288288,0.00904705,56.8869
0,1,G4CMPDriftHole,1,0.0177848,79.7598,404201,1.01515,0.00138156,0,388184,0.0164033,76.5992
0,1,G4CMPDriftHole,1,0.0186173,81.605,413552,0.267643,0.00268253,0,382600,0.0159347,75.4973
0,1,G4CMPDriftHole,1,0.014131,71.0961,360296,0.491787,0.00211319,0,332266,0.0120178,65.565
0,1,G4CMPDriftHole,1,0.0149762,73.1914,370915,0.834938,0.00163217,0,350120,0.0133441,69.0881
0,1,G4CMPDriftHole,1,0.0133149,69.0125,349737,0.335912,0.00220145,0,319519,0.0111134,63.0497
0,1,G4CMPDriftHole,1,0.00702469,50.1271,254031,0.251989,0.00161143,0,222999,0.00541327,44.0036
0,1,G4CMPDriftHole,1,0.00813373,53.9391,273349,0.351868,0.00168567,0,243381,0.00644805,48.0257
0,1,G4CMPDriftHole,1,0.0103038,60.7095,307660,0.799683,0.00139002,0,286156,0.00891375,56.4663
0,1,G4CMPDriftHole,1,0.00888269,56.3678,285657,0.68487,0.00143784,0,261517,0.00744484,51.6044
0,1,G4CMPDriftHole,1,0.00629011,47.4338,240382,0.0749142,0.00156727,0,208293,0.00472284,41.1018
0,1,G4CMPDriftHole,1,0.00711663,50.4541,255688,0.876488,0.00103386,0,236387,0.00608277,46.6455
0,1,G4CMPDriftHole,1,0.00920201,57.372,290746,0.800188,0.00130666,0,269313,0.00789534,53.1428
0,1,G4CMPDriftHole,1,0.0089243,56.4997,286325,0.677891,0.00145029,0,262029,0.00747401,51.7054
0,1,G4CMPDriftHole,1,0.00742205,51.5253,261117,0.556502,0.00144117,0,234399,0.00598088,46.2532
0,1,G4CMPDriftHole,1,0.0127326,67.4866,342004,0.644623,0.00180323,0,316862,0.0109294,62.5255
0,1,G4CMPDriftHole,1,0.0107326,61.9599,313996,0.989127,0.00109633,0,297527,0.00963623,58.7101
0,1,G4CMPDriftHole,1,0.00969921,58.9016,298498,0.920546,0.00115373,0,280182,0.00854548,55.2875
0,1,G4CMPDriftHole,1,0.00685647,49.5233,250971,0.334094,0.00154895,0,220810,0.00530752,43.5717
0,1,G4CMPDriftHole,1,0.00664493,48.7533,247069,0.539528,0.00137288,0,220071,0.00527205,43.4259
0,1,G4CMPDriftHole,1,0.00521101,43.1738,218793,0.868388,0.000877911,0,199513,0.0043331,39.3694
0,1,G4CMPDriftHole,1,0.00849529,55.125,279358,0.829783,0.0012089,0,258719,0.0072864,51.0523
0,1,G4CMPDriftHole,1,0.00669755,48.946,248045,0.495964,0.00141623,0,220264,0.00528131,43.464
0,1,G4CMPDriftHole,1,0.010369,60.9014,308632,0.273257,0.00197009,0,277769,0.0083989,54.8113
0,1,G4CMPDriftHole,1,0.00699746,50.0298,253538,0.876257,0.00102453,0,234243,0.00597292,46.2224
0,1,G4CMPDriftHole,1,0.00936049,57.864,293239,0.681139,0.00148384,0,268994,0.00787665,53.0798
0,1,G4CMPDriftHole,1,0.00916295,57.2501,290128,0.440541,0.00172651,0,261370,0.00743644,51.5753
0,1,G4CMPDriftHole,1,0.0071016,50.4008,255418,0.376339,0.00155209,0,225787,0.00554951,44.554
0,1,G4CMPDriftHole,1,0.00407188,38.1642,193406,1.39424,0.000125268,0,190408,0.00394661,37.5726
0,1,G4CMPDriftHole,1,0.014337,71.6124,362912,0.476042,0.00214799,0,334624,0.012189,66.0303
0,1,G4CMPDriftHole,1,0.0126463,67.2576,340843,0.260429,0.00219557,0,309846,0.0104508,61.1411
0,1,G4CMPDriftHole,1,0.0105292,61.3701,311007,0.725485,0.00151808,0,287715,0.00901114,56.7739
0,1,G4CMPDriftHole,1,0.0195359,83.5942,423633,0.615448,0.00231158,0,397781,0.0172243,78.4929
0,1,G4CMPDriftHole,1,0.0173111,78.6903,398781,1.3218,0.000575972,0,392091,0.0167351,77.3702
0,1,G4CMPDriftHole,1,0.0166051,77.0691,390565,0.966517,0.00144251,0,373215,0.0151626,73.6455
0,1,G4CMPDriftHole,1,0.0148832,72.9637,369761,0.875257,0.00154789,0,350005,0.0133353,69.0654
0,1,G4CMPDriftHole,1,0.0110867,62.9739,319135,0.420664,0.00192896,0,290046,0.00915777,57.234
0,1,G4CMPDriftHole,1,0.0110766,62.9452,318989,0.732777,0.00154907,0,295844,0.00952753,58.378
0,1,G4CMPDriftHole,1,0.00728754,51.0563,258740,0.953544,0.000936819,0,241537,0.00635072,47.6618
0,1,G4CMPDriftHole,1,0.00888534,56.3762,285700,0.691452,0.0014297,0,261707,0.00745564,51.6418
0,1,G4CMPDriftHole,1,0.0162999,76.3574,386959,0.478505,0.00229472,0,358688,0.0140051,70.7787
0,1,G4CMPDriftHole,1,0.0139407,70.6158,357862,0.205811,0.00234247,0,326414,0.0115983,64.4103
0,1,G4CMPDriftHole,1,0.0227808,90.27,457464,1.06706,0.00143489,0,442822,0.0213459,87.3808
0,1,G4CMPDriftHole,1,0.0235124,91.7081,464752,0.311023,0.0029883,0,434215,0.0205241,85.6823
0,1,G4CMPDriftHole,1,0.0242853,93.2032,472329,0.836322,0.00210588,0,451386,0.0221794,89.0706
0,1,G4CMPDriftHole,1,0.021966,88.6409,449208,1.12363,0.00124861,0,436254,0.0207174,86.0848
0,1,G4CMPDriftHole,1,0.0209744,86.6171,438952,0.829563,0.00196448,0,417890,0.0190099,82.4611
0,1,G4CMPDriftHole,1,0.012534,66.9582,339326,0.635416,0.0018013,0,313998,0.0107327,61.9603
0,1,G4CMPDriftHole,1,0.00848175,55.081,279136,0.588931,0.00151403,0,252999,0.00696772,49.9234
0,1,G4CMPDriftHole,1,0.00697816,49.9608,253188,0.887692,0.0010073,0,234202,0.00597087,46.2144
0,1,G4CMPDriftHole,1,0.00654177,48.3734,245143,0.468816,0.00141998,0,216912,0.00512179,42.8026
0,1,G4CMPDriftHole,1,0.00490679,41.8946,212310,0.607882,0.00110867,0,186791,0.00379812,36.859
0,1,G4CMPDriftHole,1,0.0180562,80.366,407273,0.96893,0.00150337,0,389950,0.0165528,76.9476
0,1,G4CMPDriftHole,1,0.0202292,85.0644,431083,0.658719,0.00227645,0,406104,0.0179527,80.1353
0,1,G4CMPDriftHole,1,0.0180825,80.4244,407569,1.27949,0.000707606,0,399515,0.0173749,78.8351
0,1,G4CMPDriftHole,1,0.0189179,82.2613,416878,0.22948,0.00273244,0,385598,0.0161855,76.0889
0,1,G4CMPDriftHole,1,0.00910936,57.0825,289279,0.794567,0.00130765,0,267712,0.00780171,52.8267
0,1,G4CMPDriftHole,1,0.00709084,50.3626,255224,0.533984,0.00142699,0,228102,0.00566385,45.0106
0,1,G4CMPDriftHole,1,0.00702577,50.131,254050,0.576047,0.00138044,0,227728,0.00564533,44.9369
0,1,G4CMPDriftHole,1,0.00864141,55.597,281751,1.01511,0.000928925,0,266177,0.00771249,52.5238
0,1,G4CMPDriftHole,1,0.00761022,52.1744,264406,0.651658,0.00136062,0,239607,0.0062496,47.2808
0,1,G4CMPDriftHole,1,0.00214324,27.6882,140316,0.270341,0.000834925,0,109630,0.00130832,21.6329
0,1,G4CMPDriftHole,1,0.00664703,48.761,247108,1.03176,0.000776211,0,232232,0.00587082,45.8256
0,1,G4CMPDriftHole,1,0.00970419,58.9167,298574,0.120309,0.00196473,0,266641,0.00773945,52.6156
0,1,G4CMPDriftHole,1,0.00633432,47.6002,241225,0.969986,0.000842966,0,224601,0.00549136,44.3199
0,1,G4CMPDriftHole,1,0.00722213,50.8267,257576,0.163343,0.00166848,0,225872,0.00555365,44.5706
0,1,G4CMPDriftHole,1,0.0065302,48.3306,244926,0.874865,0.000987738,0,225644,0.00554246,44.5257
0,1,G4CMPDriftHole,1,0.00613794,46.8566,237456,0.89858,0.000923583,0,218863,0.00521436,43.1876
0,1,G4CMPDriftHole,1,0.0110025,62.7341,317920,0.329481,0.00199559,0,287647,0.00900686,56.7604
0,1,G4CMPDriftHole,1,0.00807333,53.7385,272332,1.00102,0.000916851,0,256402,0.00715648,50.5951
0,1,G4CMPDriftHole,1,0.00786843,53.0522,268854,0.305833,0.00168411,0,238352,0.00618432,47.0333
0,1,G4CMPDriftHole,1,0.0058193,45.6241,231211,0.846411,0.000961069,0,211257,0.00485823,41.6868
0,1,G4CMPDriftHole,1,0.00756305,52.0125,263585,0.558127,0.00145427,0,236892,0.00610878,46.7451
0,1,G4CMPDriftHole,1,0.0059672,46.2003,234130,0.3266,0.00144143,0,203901,0.00452577,40.2351
0,1,G4CMPDriftHole,1,0.00464206,40.7487,206504,0.318967,0.00126154,0,176224,0.00338052,34.7737
0,1,G4CMPDriftHole,1,0.00240925,29.3562,148769,0.309351,0.000880395,0,118510,0.00152885,23.3852
0,1,G4CMPDriftHole,1,0.00969962,58.9029,298504,0.765007,0.00139644,0,276182,0.00830318,54.4981
0,1,G4CMPDriftHole,1,0.00762454,52.2235,264655,0.307387,0.00165518,0,234173,0.00596936,46.2086
0,1,G4CMPDriftHole,1,0.00806736,53.7186,272231,0.421713,0.00162806,0,243216,0.0064393,47.9931
0,1,G4CMPDriftHole,1,0.00386119,37.1638,188336,0.395261,0.00110543,0,159108,0.00275576,31.3964
0,1,G4CMPDriftHole,1,0.0028704,32.0428,162384,0.390376,0.00093969,0,133177,0.00193071,26.2795
0,1,G4CMPDriftHole,1,0.00361698,35.9693,182283,0.0788072,0.00116082,0,150211,0.00245616,29.6406
0,1,G4CMPDriftHole,1,0.00791622,53.213,269669,0.420537,0.00161258,0,240640,0.00630363,47.4848
0,1,G4CMPDriftHole,1,0.00816848,54.0542,273932,0.468719,0.00160007,0,245642,0.0065684,48.4718
0,1,G4CMPDriftHole,1,0.00653861,48.3617,245084,0.91893,0.000929304,0,227001,0.00560931,44.7934
0,1,G4CMPDriftHole,1,0.015745,75.0465,380315,0.601899,0.00208433,0,354249,0.0136607,69.9029
0,1,G4CMPDriftHole,1,0.0133244,69.0372,349862,0.892434,0.00142595,0,330611,0.0118985,65.2385
0,1,G4CMPDriftHole,1,0.0117192,64.7452,328111,0.173763,0.00215225,0,296455,0.00956692,58.4985
0,1,G4CMPDriftHole,1,0.010074,60.0289,304210,0.794572,0.00138097,0,282591,0.00869305,55.7629
0,1,G4CMPDriftHole,1,0.00966957,58.8115,298041,1.01811,0.000983824,0,282472,0.00868574,55.7394
0,1,G4CMPDriftHole,1,0.00821501,54.208,274711,0.70136,0.00135814,0,250978,0.00685687,49.5247
0,1,G4CMPDriftHole,1,0.0135562,69.635,352891,0.930579,0.00136471,0,334657,0.0121915,66.0369
0,1,G4CMPDriftHole,1,0.0156367,74.7878,379005,0.680388,0.00195208,0,354559,0.0136846,69.964
0,1,G4CMPDriftHole,1,0.015888,75.3865,382038,0.399036,0.00235448,0,352596,0.0135335,69.5767
0,1,G4CMPDriftHole,1,0.0116391,64.5236,326988,0.689306,0.00165576,0,302838,0.00998332,59.7581
0,1,G4CMPDriftHole,1,0.0118598,65.1325,330074,0.575181,0.00182839,0,303566,0.0100314,59.9018
0,1,G4CMPDriftHole,1,0.00965822,58.777,297866,1.1832,0.000676255,0,287249,0.00898197,56.6819
0,1,G4CMPDriftHole,1,0.0153856,74.185,375949,0.396598,0.00231765,0,346478,0.0130679,68.3695
0,1,G4CMPDriftHole,1,0.00429529,39.1972,198641,0.840332,0.000816115,0,178777,0.00347917,35.2774
0,1,G4CMPDriftHole,1,0.00591282,45.9893,233061,0.498679,0.00132175,0,205367,0.00459107,40.5244
0,1,G4CMPDriftHole,1,0.00797005,53.3936,270585,0.531789,0.00152178,0,243385,0.00644827,48.0265
0,1,G4CMPDriftHole,1,0.0188369,82.0849,415984,0.940753,0.00160499,0,397868,0.0172319,78.5101
0,1,G4CMPDriftHole,1,0.0182196,80.7289,409112,0.689422,0.00209973,0,384817,0.0161199,75.9347
0,1,G4CMPDriftHole,1,0.0101684,60.3095,305632,1.14815,0.000765842,0,293897,0.00940257,57.9939
0,1,G4CMPDriftHole,1,0.00550546,44.3768,224890,0.363735,0.00136029,0,195139,0.00414518,38.5062
0,1,G4CMPDriftHole,1,0.00749415,51.775,262382,0.506943,0.0014949,0,234758,0.00599925,46.3241
0,1,G4CMPDriftHole,1,0.00937338,57.9038,293441,0.59081,0.00159525,0,267307,0.00777813,52.7469
0,1,G4CMPDriftHole,1,0.00470077,41.0056,207805,0.729013,0.000973478,0,185042,0.00372729,36.5137
0,1,G4CMPDriftHole,1,0.00710944,50.4286,255558,0.366556,0.00155937,0,225799,0.00555006,44.5562
0,1,G4CMPDriftHole,1,0.00408143,38.209,193633,0.633482,0.000981008,0,168765,0.00310043,33.3019
0,1,G4CMPDriftHole,1,0.00801189,53.5336,271294,1.00418,0.000907862,0,255461,0.00710403,50.4094
0,1,G4CMPDriftHole,1,0.0112362,63.3969,321278,0.580424,0.00177021,0,294886,0.00946594,58.189
0,1,G4CMPDriftHole,1,0.0165877,77.0285,390360,0.692786,0.00199245,0,366166,0.0145952,72.2544
0,1,G4CMPDriftHole,1,0.0117313,64.7788,328281,1.08291,0.000965738,0,314479,0.0107656,62.0552
0,1,G4CMPDriftHole,1,0.0116734,64.6186,327469,0.356993,0.00203768,0,297519,0.0096357,58.7085
0,1,G4CMPDriftHole,1,0.00942109,58.051,294187,0.94051,0.00110243,0,276439,0.00831866,54.5488
0,1,G4CMPDriftHole,1,0.00932484,57.7537,292680,0.242459,0.00187855,0,261543,0.00744629,51.6094
0,1,G4CMPDriftHole,1,0.00722877,50.85,257694,0.0935739,0.00168544,0,225662,0.00554334,44.5292
0,1,G4CMPDriftHole,1,0.00566414,45.0118,228107,0.519328,0.00127517,0,200795,0.00438897,39.6223
0,1,G4CMPDriftHole,1,0.00827438,54.4035,275702,0.554394,0.00153012,0,248908,0.00674426,49.1164
0,1,G4CMPDriftHole,1,0.0068368,49.4522,250610,1.28324,0.000385344,0,243445,0.00645146,48.0383
0,1,G4CMPDriftHole,1,0.00756559,52.0212,263629,0.651698,0.00135625,0,238834,0.00620934,47.1283
0,1,G4CMPDriftHole,1,0.00354129,35.591,180365,1.17576,0.000373687,0,170584,0.0031676,33.6608
0,1,G4CMPDriftHole,1,0.00842438,54.8944,278190,0.883602,0.00112408,0,258966,0.0073003,51.101
0,1,G4CMPDriftHole,1,0.00741619,51.505,261013,0.656021,0.00133686,0,236320,0.00607933,46.6323
0,1,G4CMPDriftHole,1,0.00683567,49.4481,250590,1.08508,0.000707125,0,237275,0.00612855,46.8207
0,1,G4CMPDriftHole,1,0.00710383,50.4087,255458,0.89791,0.00100309,0,236736,0.00610074,46.7143
0,1,G4CMPDriftHole,1,0.0117474,64.8231,328506,0.634734,0.0017412,0,303185,0.0100062,59.8265
0,1,G4CMPDriftHole,1,0.0104351,61.0951,309613,0.647156,0.00161845,0,284592,0.0088166,56.1577
0,1,G4CMPDriftHole,1,0.00586618,45.8075,232140,1.20733,0.000465622,0,222737,0.00540056,43.952
0,1,G4CMPDriftHole,1,0.0118452,65.0924,329871,0.347639,0.00206091,0,299804,0.00978428,59.1594
0,1,G4CMPDriftHole,1,0.00673717,49.0905,248778,0.547075,0.00137635,0,221916,0.00536081,43.7899
0,1,G4CMPDriftHole,1,0.0228616,90.4299,458275,0.265055,0.00298702,0,427289,0.0198746,84.3156
0,1,G4CMPDriftHole,1,0.0197966,84.15,426450,0.53056,0.00246522,0,399015,0.0173314,78.7364
0,1,G4CMPDriftHole,1,0.0188455,82.1037,416080,0.934958,0.00161901,0,397806,0.0172265,78.4978
0,1,G4CMPDriftHole,1,0.0212193,87.1214,441508,0.670088,0.00231254,0,416755,0.0189068,82.2371
0,1,G4CMPDriftHole,1,0.0177587,79.7012,403904,1.19057,0.000937814,0,393095,0.0168209,77.5682
0,1,G4CMPDriftHole,1,0.0150733,73.4283,372115,0.731167,0.00182865,0,348813,0.0132447,68.8303
0,1,G4CMPDriftHole,1,0.0134445,69.3477,351435,0.448204,0.00210706,0,322723,0.0113375,63.682
0,1,G4CMPDriftHole,1,0.0074658,51.677,261885,0.791884,0.00117665,0,240364,0.00628915,47.4302
0,1,G4CMPDriftHole,1,0.0237335,92.1383,466932,0.699016,0.00239234,0,442774,0.0213412,87.3712
0,1,G4CMPDriftHole,1,0.019715,83.9763,425569,0.432925,0.00259478,0,396576,0.0171202,78.2552
0,1,G4CMPDriftHole,1,0.020092,84.7755,429619,0.568803,0.00242423,0,402868,0.0176678,79.4968
0,1,G4CMPDriftHole,1,0.0136517,69.8799,354133,0.121757,0.00235089,0,322201,0.0113008,63.579
0,1,G4CMPDriftHole,1,0.034636,111.307,564075,0.419415,0.00349807,0,534832,0.0311379,105.537
0,1,G4CMPDriftHole,1,0.031136,105.534,534816,0.845466,0.00237385,0,514024,0.0287622,101.431
0,1,G4CMPDriftHole,1,0.0262293,96.8617,490869,0.990711,0.00177288,0,473990,0.0244564,93.5309
0,1,G4CMPDriftHole,1,0.0240478,92.7464,470014,0.646965,0.00251575,0,444750,0.0215321,87.7611
0,1,G4CMPDriftHole,1,0.0212705,87.2264,442040,0.990616,0.00158555,0,425246,0.019685,83.9124
0,1,G4CMPDriftHole,1,0.0125922,67.1135,340113,0.550851,0.00191839,0,313136,0.0106738,61.7901
0,1,G4CMPDriftHole,1,0.0132407,68.8199,348761,0.298952,0.00222319,0,318137,0.0110175,62.7769
0,1,G4CMPDriftHole,1,0.00466431,40.8463,206998,0.258666,0.00128975,0,176068,0.00337457,34.7431
0,1,G4CMPDriftHole,1,0.00568996,45.1142,228627,0.748869,0.00106089,0,206215,0.00462907,40.6917
0,1,G4CMPDriftHole,1,0.00430653,39.2485,198901,1.07334,0.000552427,0,185706,0.0037541,36.6448
0,1,G4CMPDriftHole,1,0.00569851,45.1481,228798,0.388949,0.00137103,0,199384,0.00432748,39.3438
0,1,G4CMPDriftHole,1,0.00892311,56.4959,286306,0.746795,0.00135983,0,263589,0.00756328,52.0133
0,1,G4CMPDriftHole,1,0.007651,52.314,265113,0.409104,0.001592,0,235925,0.006059,46.5543
0,1,G4CMPDriftHole,1,0.00600566,46.3489,234884,0.312502,0.00145373,0,204489,0.00455193,40.3512
0,1,G4CMPDriftHole,1,0.0104828,61.2347,310321,0.595201,0.00168817,0,284237,0.00879462,56.0877
0,1,G4CMPDriftHole,1,0.00599218,46.2969,234620,0.947928,0.000846488,0,217418,0.0051457,42.9024
0,1,G4CMPDriftHole,1,0.00296629,32.5736,165074,0.97437,0.000537049,0,149385,0.00242924,29.4778
0,1,G4CMPDriftHole,1,0.00389295,37.3163,189109,0.33118,0.0011406,0,159010,0.00275235,31.3769
0,1,G4CMPDriftHole,1,0.0105234,61.3533,310922,0.383437,0.00190816,0,281324,0.00861528,55.5129
0,1,G4CMPDriftHole,1,0.00456095,40.3912,204692,0.968696,0.000699738,0,188336,0.00386121,37.1638
0,1,G4CMPDriftHole,1,0.0142038,71.2788,361222,0.562176,0.00202931,0,334424,0.0121745,65.9909
0,1,G4CMPDriftHole,1,0.00765198,52.3174,265130,0.639549,0.00137819,0,240070,0.00627378,47.3722
0,1,G4CMPDriftHole,1,0.00386736,37.1934,188486,0.300316,0.00114914,0,158021,0.00271822,31.1818
0,1,G4CMPDriftHole,1,0.00444204,39.8612,202006,0.893007,0.000775015,0,183539,0.00366703,36.2173
0,1,G4CMPDriftHole,1,0.00388097,37.2588,188818,0.576114,0.00099697,0,162768,0.002884,32.1186
0,1,G4CMPDriftHole,1,0.00907425,56.9724,288721,0.346342,0.00179064,0,258670,0.00728361,51.0426
0,1,G4CMPDriftHole,1,0.00631432,47.525,240844,1.01265,0.000781201,0,225454,0.00553312,44.4881
0,1,G4CMPDriftHole,1,0.00586824,45.8155,232181,0.919002,0.000874345,0,214187,0.00499389,42.2648
0,1,G4CMPDriftHole,1,0.0299446,103.495,524484,0.0815839,0.00355102,0,492405,0.0263936,97.1647
0,1,G4CMPDriftHole,1,0.0254451,95.4027,483475,0.594578,0.00269428,0,457163,0.0227508,90.2105
0,1,G4CMPDriftHole,1,0.0227979,90.3039,457636,0.40421,0.00283623,0,428224,0.0199617,84.5002
0,1,G4CMPDriftHole,1,0.0218129,88.3315,447640,0.673554,0.00233946,0,422955,0.0194734,83.4604
0,1,G4CMPDriftHole,1,0.0191769,82.8224,419722,0.555168,0.00238715,0,392730,0.0167897,77.4962
0,1,G4CMPDriftHole,1,0.0153547,74.1106,375573,1.0171,0.00127136,0,359688,0.0140834,70.9762
0,1,G4CMPDriftHole,1,0.014174,71.2041,360843,0.573164,0.00201212,0,334251,0.0121619,65.9568
0,1,G4CMPDriftHole,1,0.0124924,66.8471,338763,1.01485,0.00114024,0,322933,0.0113522,63.7234
0,1,G4CMPDriftHole,1,0.0131854,68.6761,348032,1.04596,0.00110945,0,333068,0.0120759,65.7233
0,1,G4CMPDriftHole,1,0.0145575,72.161,365693,0.501421,0.00213477,0,337817,0.0124227,66.6604
0,1,G4CMPDriftHole,1,0.00747493,51.7086,262045,0.206495,0.00168481,0,230630,0.00579012,45.5096
0,1,G4CMPDriftHole,1,0.00342877,35.021,177477,0.882708,0.000677147,0,158989,0.00275163,31.3728
0,1,G4CMPDriftHole,1,0.00694402,49.8385,252568,1.23866,0.000464383,0,243977,0.00647964,48.1432
0,1,G4CMPDriftHole,1,0.0159926,75.6342,383294,0.70488,0.00193344,0,359379,0.0140592,70.9151
0,1,G4CMPDriftHole,1,0.0137794,70.206,355785,0.752026,0.00170832,0,333001,0.0120711,65.7101
0,1,G4CMPDriftHole,1,0.0140342,70.8521,359059,0.638847,0.00190748,0,333767,0.0121267,65.8613
0,1,G4CMPDriftHole,1,0.0122898,66.3028,336005,0.672989,0.00172872,0,311478,0.0105611,61.463
0,1,G4CMPDriftHole,1,0.0293564,102.473,519306,0.858564,0.00226586,0,498863,0.0270905,98.4391
0,1,G4CMPDriftHole,1,0.0283249,100.657,510102,0.835508,0.00228547,0,489090,0.0260395,96.5106
0,1,G4CMPDriftHole,1,0.0352986,112.367,569444,0.430023,0.00351499,0,540348,0.0317836,106.625
0,1,G4CMPDriftHole,1,0.0290158,101.877,516285,1.1447,0.00138282,0,503832,0.0276329,99.4197
0,1,G4CMPDriftHole,1,0.0258545,96.1672,487349,0.934953,0.00191567,0,468947,0.0239388,92.5359
0,1,G4CMPDriftHole,1,0.0266353,97.6085,494653,0.783059,0.00234444,0,472382,0.0242908,93.2138
0,1,G4CMPDriftHole,1,0.0243466,93.3207,472924,0.784535,0.00223304,0,450715,0.0221135,88.9381
0,1,G4CMPDriftHole,1,0.0231435,90.9857,461091,0.686034,0.00238779,0,436658,0.0207557,86.1643
0,1,G4CMPDriftHole,1,0.0195474,83.6188,423757,0.693185,0.00217181,0,399524,0.0173756,78.8368
0,1,G4CMPDriftHole,1,0.0172259,78.4965,397799,0.230658,0.00260148,0,366532,0.0146245,72.3267
0,1,G4CMPDriftHole,1,0.0145577,72.1616,365695,0.92532,0.0014291,0,347282,0.0131286,68.5281
0,1,G4CMPDriftHole,1,0.0057321,45.281,229472,0.343637,0.0014015,0,199456,0.0043306,39.358
0,1,G4CMPDriftHole,1,0.0160131,75.6827,383539,0.858304,0.00164451,0,363312,0.0143686,71.6912
0,1,G4CMPDriftHole,1,0.0151395,73.5893,372931,0.743825,0.00181066,0,349920,0.0133288,69.0487
0,1,G4CMPDriftHole,1,0.0226719,90.054,456369,0.528427,0.00264954,0,428874,0.0200224,84.6285
0,1,G4CMPDriftHole,1,0.01838,81.0835,410909,0.678688,0.00212898,0,386379,0.0162511,76.243
0,1,G4CMPDriftHole,1,0.0184255,81.1836,411417,0.313916,0.00262985,0,380926,0.0157956,75.167
0,1,G4CMPDriftHole,1,0.0148161,72.7992,368927,0.361628,0.00230571,0,339007,0.0125104,66.8952
0,1,G4CMPDriftHole,1,0.0168293,77.5875,393193,0.846434,0.00171337,0,372640,0.0151159,73.532
0,1,G4CMPDriftHole,1,0.0135508,69.6213,352822,0.923004,0.00137939,0,334383,0.0121714,65.9827
0,1,G4CMPDriftHole,1,0.01382,70.3093,356309,0.97255,0.00129367,0,339222,0.0125263,66.9377
0,1,G4CMPDriftHole,1,0.0127613,67.5627,342389,0.955391,0.00127255,0,324870,0.0114888,64.1056
0,1,G4CMPDriftHole,1,0.0127391,67.5039,342092,0.928345,0.00132378,0,323830,0.0114154,63.9004
0,1,G4CMPDriftHole,1,0.0111404,63.1262,319906,1.40585,0.000255343,0,316219,0.0108851,62.3985
0,1,G4CMPDriftHole,1,0.0104017,60.9973,309118,1.06274,0.00094118,0,294801,0.00946048,58.1722
0,1,G4CMPDriftHole,1,0.00970569,58.9213,298597,0.912614,0.00116733,0,280066,0.00853836,55.2645
0,1,G4CMPDriftHole,1,0.0091855,57.3206,290485,0.817955,0.00127921,0,269500,0.00790629,53.1796
0,1,G4CMPDriftHole,1,0.00797138,53.3981,270607,0.660553,0.00138489,0,245980,0.00658649,48.5385
0,1,G4CMPDriftHole,1,0.00455693,40.3734,204601,0.591498,0.00107758,0,178781,0.00347935,35.2783
0,1,G4CMPDriftHole,1,0.00955957,58.4761,296341,0.515566,0.00169422,0,268801,0.00786535,53.0418
0,1,G4CMPDriftHole,1,0.0099864,59.7673,302885,1.07158,0.000903485,0,288859,0.00908292,56.9996
0,1,G4CMPDriftHole,1,0.0122646,66.2347,335660,0.42364,0.00203182,0,306598,0.0102328,60.5001
0,1,G4CMPDriftHole,1,0.00794736,53.3176,270199,0.364235,0.00165674,0,240392,0.00629062,47.4357
0,1,G4CMPDriftHole,1,0.00723565,50.8742,257817,0.347689,0.00158607,0,227814,0.00564958,44.9539
0,1,G4CMPDriftHole,1,0.00818179,54.0982,274155,0.63441,0.00143482,0,248958,0.00674696,49.1262
0,1,G4CMPDriftHole,1,0.00690996,49.7161,251948,0.247347,0.00159932,0,220875,0.00531064,43.5846
0,1,G4CMPDriftHole,1,0.00553881,44.511,225570,0.373115,0.0013594,0,195943,0.00417941,38.6649
0,1,G4CMPDriftHole,1,0.0100047,59.822,303162,0.147963,0.0019888,0,271362,0.00801589,53.547
0,1,G4CMPDriftHole,1,0.0045367,40.2837,204147,0.949057,0.000720577,0,187234,0.00381612,36.9462
0,1,G4CMPDriftHole,1,0.00483094,41.5695,210663,1.12981,0.000517404,0,199062,0.00431354,39.2804
0,1,G4CMPDriftHole,1,0.0159093,75.4371,382295,0.367147,0.00238808,0,352437,0.0135212,69.5452
0,1,G4CMPDriftHole,1,0.0134812,69.4422,351915,1.04285,0.00112973,0,336847,0.0123515,66.4689
0,1,G4CMPDriftHole,1,0.0135683,69.6662,353050,0.729964,0.00173117,0,329759,0.0118372,65.0703
0,1,G4CMPDriftHole,1,0.014058,70.9122,359364,1.10089,0.00102767,0,345979,0.0130303,68.2711
0,1,G4CMPDriftHole,1,0.0249625,94.4937,478868,0.629774,0.00259965,0,453248,0.0223628,89.438
0,1,G4CMPDriftHole,1,0.0223567,89.4258,453186,0.715408,0.00228476,0,429405,0.0200719,84.7332
0,1,G4CMPDriftHole,1,0.0220263,88.7625,449825,0.587256,0.00251176,0,423401,0.0195145,83.5484
0,1,G4CMPDriftHole,1,0.0218196,88.3451,447709,0.226325,0.00294511,0,416400,0.0188745,82.1669
0,1,G4CMPDriftHole,1,0.0151338,73.5755,372861,0.518958,0.00215645,0,345275,0.0129774,68.1321
0,1,G4CMPDriftHole,1,0.0130154,68.232,345781,0.937306,0.00132183,0,327753,0.0116936,64.6745
0,1,G4CMPDriftHole,1,0.0145711,72.1948,365864,0.207352,0.00239656,0,334426,0.0121746,65.9912
0,1,G4CMPDriftHole,1,0.00641305,47.8951,242720,0.829912,0.00103539,0,222264,0.00537766,43.8587
0,1,G4CMPDriftHole,1,0.00991449,59.5517,301792,1.16689,0.000718493,0,290651,0.009196,57.3533
0,1,G4CMPDriftHole,1,0.0167023,77.2942,391706,0.24556,0.00255026,0,360564,0.014152,71.149
0,1,G4CMPDriftHole,1,0.00111363,19.9586,101145,0.864586,0.000347235,0,83907.4,0.0007664,16.5572
0,1,G4CMPDriftHole,1,0.00780345,52.8327,267742,0.404115,0.0016126,0,238478,0.00619085,47.0581
0,1,G4CMPDriftHole,1,0.00524585,43.3178,219523,0.27916,0.00136623,0,188785,0.00387961,37.2523
0,1,G4CMPDriftHole,1,0.0218964,88.5005,448497,1.09273,0.00133339,0,434627,0.0205631,85.7636
0,1,G4CMPDriftHole,1,0.0253361,95.1982,482439,0.875484,0.00205337,0,462476,0.0232827,91.259
0,1,G4CMPDriftHole,1,0.027577,99.319,503322,0.582528,0.00283311,0,476767,0.0247439,94.079
0,1,G4CMPDriftHole,1,0.0248872,94.3511,478146,0.938688,0.00186728,0,459859,0.0230199,90.7425
0,1,G4CMPDriftHole,1,0.0222057,89.1233,451653,1.18616,0.00107497,0,440585,0.0211307,86.9393
0,1,G4CMPDriftHole,1,0.0211566,86.9925,440855,0.442197,0.00267988,0,411988,0.0184767,81.2964
0,1,G4CMPDriftHole,1,0.0209436,86.5535,438630,0.716237,0.00220608,0,414886,0.0187375,81.8681
0,1,G4CMPDriftHole,1,0.0186408,81.6566,413813,1.32458,0.000594109,0,407166,0.0180467,80.3448
0,1,G4CMPDriftHole,1,0.0153353,74.0637,375335,0.595111,0.00206562,0,349143,0.0132697,68.8953
0,1,G4CMPDriftHole,1,0.013244,68.8286,348805,1.196,0.000782162,0,338348,0.0124618,66.7652
0,1,G4CMPDriftHole,1,0.0123638,66.5021,337015,0.854149,0.00143876,0,316800,0.0109251,62.5131
0,1,G4CMPDriftHole,1,0.0110502,62.8702,318609,1.22378,0.000646634,0,309147,0.0104036,61.003
0,1,G4CMPDriftHole,1,0.0212596,87.2041,441927,0.877908,0.0018657,0,422090,0.0193939,83.2898
0,1,G4CMPDriftHole,1,0.0215862,87.8714,445309,0.663458,0.00234622,0,420412,0.01924,82.9587
0,1,G4CMPDriftHole,1,0.0224881,89.6882,454516,0.680349,0.00236356,0,429967,0.0201245,84.8441
0,1,G4CMPDriftHole,1,0.0146691,72.4371,367092,0.409281,0.00224759,0,337800,0.0124215,66.6571
0,1,G4CMPDriftHole,1,0.0118435,65.0877,329847,0.64001,0.00174151,0,304632,0.010102,60.1121
0,1,G4CMPDriftHole,1,0.0161467,75.9977,385136,0.246669,0.00250486,0,354004,0.0136418,69.8546
0,1,G4CMPDriftHole,1,0.0175202,79.1641,401182,0.613174,0.00218678,0,375311,0.0153334,74.0591
0,1,G4CMPDriftHole,1,0.0147182,72.5583,367706,0.0983805,0.00245194,0,335683,0.0122663,66.2393
0,1,G4CMPDriftHole,1,0.0140609,70.9195,359401,1.04825,0.00114438,0,344465,0.0129165,67.9723
0,1,G4CMPDriftHole,1,0.0154696,74.3872,376974,0.319806,0.00239539,0,346561,0.0130742,68.3858
0,1,G4CMPDriftHole,1,0.00641214,47.8917,242702,0.824009,0.0010427,0,222094,0.00536944,43.8252
0,1,G4CMPDriftHole,1,0.00507085,42.5892,215831,0.643796,0.0010971,0,191061,0.00397375,37.7016
0,1,G4CMPDriftHole,1,0.00544052,44.1143,223559,0.870658,0.000896776,0,204305,0.00454375,40.315
0,1,G4CMPDriftHole,1,0.00707096,50.2919,254866,0.66274,0.00129536,0,230341,0.0057756,45.4525
0,1,G4CMPDriftHole,1,0.00945375,58.1515,294696,0.990998,0.00101878,0,278365,0.00843498,54.9289
0,1,G4CMPDriftHole,1,0.00846511,55.0269,278862,0.932833,0.00105121,0,260973,0.0074139,51.497
0,1,G4CMPDriftHole,1,0.0196715,83.8838,425100,0.567621,0.00239943,0,398332,0.0172721,78.6016
0,1,G4CMPDriftHole,1,0.0152028,73.743,373710,0.170127,0.00246867,0,342025,0.0127341,67.4907
0,1,G4CMPDriftHole,1,0.0147787,72.7071,368460,0.268647,0.00237705,0,337529,0.0124016,66.6037
0,1,G4CMPDriftHole,1,0.0116075,64.436,326544,0.832199,0.00142806,0,305798,0.0101794,60.3422
0,1,G4CMPDriftHole,1,0.00856927,55.3644,280572,0.984367,0.000975425,0,264121,0.00759384,52.1182
0,1,G4CMPDriftHole,1,0.00696296,49.9064,252912,0.804005,0.00111709,0,231738,0.00584588,45.7282
0,1,G4CMPDriftHole,1,0.00514625,42.9047,217429,1.01228,0.000694765,0,202220,0.00445149,39.9036
0,1,G4CMPDriftHole,1,0.00609206,46.6811,236567,0.548481,0.00130205,0,209769,0.00479001,41.393
0,1,G4CMPDriftHole,1,0.0112869,63.5399,322003,0.756637,0.00152828,0,299410,0.00975862,59.0817
0,1,G4CMPDriftHole,1,0.00627621,47.3814,240116,0.333991,0.00147714,0,209967,0.00479907,41.4322
0,1,G4CMPDriftHole,1,0.0109834,62.6797,317644,0.754146,0.00150986,0,295004,0.0094735,58.2122
0,1,G4CMPDriftHole,1,0.00760037,52.1407,264235,0.564715,0.00145164,0,237665,0.00614873,46.8977
0,1,G4CMPDriftHole,1,0.0102727,60.618,307196,0.693076,0.00154353,0,283178,0.00872917,55.8786
0,1,G4CMPDriftHole,1,0.0213047,87.2965,442395,0.471043,0.00265021,0,413966,0.0186545,81.6866
0,1,G4CMPDriftHole,1,0.0181793,80.6395,408659,0.792858,0.00189735,0,386746,0.016282,76.3155
0,1,G4CMPDriftHole,1,0.0188222,82.053,415822,0.402684,0.00256852,0,386410,0.0162537,76.2491
0,1,G4CMPDriftHole,1,0.0205678,85.7735,434677,0.87648,0.00183659,0,414816,0.0187312,81.8545
0,1,G4CMPDriftHole,1,0.0403873,120.194,609109,0.833517,0.00275726,0,587950,0.0376301,116.018
0,1,G4CMPDriftHole,1,0.0393498,118.64,601234,1.08921,0.00183904,0,587017,0.0375108,115.834
0,1,G4CMPDriftHole,1,0.0399004,119.467,605426,0.710858,0.00310283,0,581410,0.0367976,114.728
0,1,G4CMPDriftHole,1,0.0358449,113.233,573834,0.588914,0.00323161,0,547356,0.0326133,108.008
0,1,G4CMPDriftHole,1,0.033171,108.928,552016,1.03931,0.00184807,0,536418,0.0313229,105.85
0,1,G4CMPDriftHole,1,0.0322966,107.482,544692,0.457582,0.00331213,0,516007,0.0289845,101.822
0,1,G4CMPDriftHole,1,0.0278707,99.8465,505995,0.272728,0.00330258,0,475071,0.0245681,93.7443
0,1,G4CMPDriftHole,1,0.0265421,97.4375,493787,0.967269,0.00185142,0,476254,0.0246906,93.9778
0,1,G4CMPDriftHole,1,0.0240616,92.7729,470148,1.13859,0.00126747,0,457598,0.0227941,90.2964
0,1,G4CMPDriftHole,1,0.0223224,89.3572,452838,0.567591,0.00256341,0,426045,0.019759,84.0701
0,1,G4CMPDriftHole,1,0.020695,86.0383,436019,0.561692,0.00247366,0,409131,0.0182214,80.7327
0,1,G4CMPDriftHole,1,0.0188123,82.0313,415713,0.16776,0.00275997,0,384009,0.0160523,75.7753
0,1,G4CMPDriftHole,1,0.0150682,73.4159,372052,0.277746,0.00239492,0,341207,0.0126733,67.3293
0,1,G4CMPDriftHole,1,0.00929508,57.6615,292213,0.557837,0.00162479,0,265447,0.00767029,52.3799
0,1,G4CMPDriftHole,1,0.00547248,44.2437,224215,0.571562,0.0012089,0,197906,0.00426358,39.0522
0,1,G4CMPDriftHole,1,0.00623661,47.2317,239357,0.852747,0.000990925,0,219520,0.00524569,43.3172
0,1,G4CMPDriftHole,1,0.0124921,66.8461,338758,0.876314,0.00140672,0,319115,0.0110854,62.97
0,1,G4CMPDriftHole,1,0.0145438,72.1269,365520,1.03048,0.00120503,0,350050,0.0133387,69.0743
0,1,G4CMPDriftHole,1,0.0205418,85.7191,434402,0.840456,0.00191836,0,413620,0.0186234,81.6185
0,1,G4CMPDriftHole,1,0.0202306,85.0676,431099,0.349727,0.00272581,0,401007,0.0175048,79.1294
0,1,G4CMPDriftHole,1,0.0110861,62.9721,319125,0.621394,0.00170579,0,293549,0.00938029,57.9251
0,1,G4CMPDriftHole,1,0.0199245,84.4213,427825,0.166156,0.00284447,0,396110,0.01708,78.1633
0,1,G4CMPDriftHole,1,0.0137514,70.1345,355423,0.0623647,0.00237347,0,323298,0.0113779,63.7955
0,1,G4CMPDriftHole,1,0.0156402,74.7964,379048,0.217013,0.00248158,0,347679,0.0131586,68.6064
0,1,G4CMPDriftHole,1,0.00711722,50.4562,255698,0.298598,0.00160004,0,225129,0.00551718,44.424
0,1,G4CMPDriftHole,1,0.00677652,49.2337,249503,0.738819,0.00117996,0,226742,0.00559655,44.7424
0,1,G4CMPDriftHole,1,0.0192449,82.9692,420465,0.39635,0.00260572,0,390965,0.0166392,77.148
0,1,G4CMPDriftHole,1,0.00927639,57.6035,291919,0.942583,0.00108963,0,274239,0.00818676,54.1147
0,1,G4CMPDriftHole,1,0.00787891,53.0875,269033,0.441344,0.00159212,0,240318,0.00628678,47.4213
0,1,G4CMPDriftHole,1,0.00558573,44.6991,226523,0.296391,0.00140563,0,195959,0.0041801,38.6681
0,1,G4CMPDriftHole,1,0.00272329,31.2109,158168,0.675248,0.000752491,0,134553,0.0019708,26.551
0,1,G4CMPDriftHole,1,0.00802408,53.5743,271500,0.196261,0.00175357,0,240007,0.00627051,47.3599
0,1,G4CMPDriftHole,1,0.00404652,38.0452,192803,0.566886,0.00102714,0,166545,0.00301938,32.8638
0,1,G4CMPDriftHole,1,0.0269333,98.153,497413,0.135863,0.00334138,0,465537,0.0235919,91.863
0,1,G4CMPDriftHole,1,0.0184013,81.1303,411147,0.758422,0.00197906,0,388408,0.0164222,76.6435
0,1,G4CMPDriftHole,1,0.0170524,78.1001,395790,0.553229,0.00224744,0,368787,0.0148049,72.7716
0,1,G4CMPDriftHole,1,0.0158761,75.3582,381895,0.553423,0.00216431,0,354911,0.0137118,70.0335
0,1,G4CMPDriftHole,1,0.0144745,71.955,364649,0.9477,0.00137862,0,346849,0.0130959,68.4426
0,1,G4CMPDriftHole,1,0.00935735,57.8543,293190,1.00619,0.000986752,0,277301,0.0083706,54.7189
0,1,G4CMPDriftHole,1,0.0160415,75.7498,383880,0.56737,0.00215619,0,357150,0.0138853,70.4753
0,1,G4CMPDriftHole,1,0.0180118,80.267,406772,0.362181,0.00255325,0,376840,0.0154585,74.3606
0,1,G4CMPDriftHole,1,0.012189,66.0302,334623,0.801262,0.00151907,0,313078,0.0106699,61.7787
0,1,G4CMPDriftHole,1,0.0104491,61.1361,309821,0.518145,0.00177366,0,282304,0.00867542,55.7063
0,1,G4CMPDriftHole,1,0.00929241,57.6532,292171,1.15396,0.000716272,0,280684,0.00857614,55.3866
0,1,G4CMPDriftHole,1,0.0134335,69.3192,351291,0.719682,0.00173877,0,327769,0.0116947,64.6776
0,1,G4CMPDriftHole,1,0.00821522,54.2087,274715,0.905435,0.00107585,0,256096,0.00713938,50.5346
0,1,G4CMPDriftHole,1,0.0111841,63.25,320534,0.731428,0.00155914,0,297353,0.00962499,58.6758
0,1,G4CMPDriftHole,1,0.00655514,48.4228,245394,0.760164,0.00113366,0,223168,0.00542148,44.037
0,1,G4CMPDriftHole,1,0.00797634,53.4147,270691,1.27229,0.000445151,0,263029,0.00753119,51.9028
0,1,G4CMPDriftHole,1,0.00766481,52.3612,265353,0.932052,0.00099599,0,247512,0.00666882,48.8409
0,1,G4CMPDriftHole,1,0.00790073,53.1609,269405,0.602907,0.0014425,0,243573,0.00645823,48.0635
0,1,G4CMPDriftHole,1,0.0074157,51.5033,261005,0.845654,0.00110049,0,240861,0.00631521,47.5284
0,1,G4CMPDriftHole,1,0.007754,52.665,266892,0.735932,0.0012737,0,243989,0.0064803,48.1456
0,1,G4CMPDriftHole,1,0.00767317,52.3898,265497,0.957012,0.000958963,0,248353,0.00671421,49.0068
0,1,G4CMPDriftHole,1,0.00675444,49.1534,249096,0.569891,0.00135715,0,222669,0.00539729,43.9387
0,1,G4CMPDriftHole,1,0.0111451,63.1395,319974,0.812837,0.00142888,0,298759,0.00971623,58.9533
0,1,G4CMPDriftHole,1,0.0143211,71.5726,362711,0.977967,0.00130754,0,345756,0.0130135,68.2271
0,1,G4CMPDriftHole,1,0.0126577,67.2879,340997,0.287445,0.00217914,0,310259,0.0104786,61.2224
0,1,G4CMPDriftHole,1,0.0141567,71.1606,360623,0.515687,0.00208605,0,332995,0.0120706,65.7088
0,1,G4CMPDriftHole,1,0.00309763,33.2869,168689,0.543343,0.000899235,0,142110,0.00219839,28.0422
0,1,G4CMPDriftHole,1,0.00431543,39.289,199106,0.403014,0.00117089,0,169962,0.00314454,33.538
0,1,G4CMPDriftHole,1,0.0208592,86.3789,437745,0.354343,0.00276469,0,407705,0.0180945,80.4512
0,1,G4CMPDriftHole,1,0.0158278,75.2436,381314,0.525554,0.0021991,0,353834,0.0136287,69.821
0,1,G4CMPDriftHole,1,0.0182284,80.7483,409211,0.736186,0.00201256,0,385960,0.0162159,76.1603
0,1,G4CMPDriftHole,1,0.0162373,76.2108,386216,0.123057,0.00257366,0,354288,0.0136637,69.9106
0,1,G4CMPDriftHole,1,0.0136147,69.7852,353653,0.678878,0.00181631,0,329218,0.0117984,64.9637
0,1,G4CMPDriftHole,1,0.0118005,64.9695,329248,0.736521,0.00159673,0,306164,0.0102038,60.4143
0,1,G4CMPDriftHole,1,0.00848192,55.0815,279138,0.813836,0.00123071,0,258094,0.00725121,50.9289
0,1,G4CMPDriftHole,1,0.00824449,54.3051,275204,0.42016,0.00164829,0,246161,0.00659619,48.5742
0,1,G4CMPDriftHole,1,0.00803524,53.6115,271689,0.824151,0.0011805,0,250939,0.00685473,49.517
0,1,G4CMPDriftHole,1,0.0206486,85.9418,435530,0.390086,0.00271045,0,405940,0.0179382,80.1029
0,1,G4CMPDriftHole,1,0.0123153,66.3714,336352,0.389397,0.00206816,0,306813,0.0102471,60.5424
0,1,G4CMPDriftHole,1,0.0177929,79.7778,404292,0.22551,0.00264908,0,372984,0.0151438,73.5998
0,1,G4CMPDriftHole,1,0.0108801,62.3844,316148,0.448729,0.00188366,0,287481,0.00899648,56.7277
0,1,G4CMPDriftHole,1,0.0129251,67.9947,344579,0.481604,0.00202759,0,316399,0.0108975,62.4341
0,1,G4CMPDriftHole,1,0.0142882,71.4904,362294,0.503017,0.00211193,0,334449,0.0121763,65.9958
0,1,G4CMPDriftHole,1,0.012167,65.9707,334322,0.262019,0.00215044,0,303342,0.0100166,59.8576
0,1,G4CMPDriftHole,1,0.00866743,55.6806,282174,0.191631,0.00182871,0,250645,0.00683872,49.4591
0,1,G4CMPDriftHole,1,0.00844837,54.9725,278586,0.512849,0.00158856,0,251032,0.0068598,49.5353
0,1,G4CMPDriftHole,1,0.00858366,55.4109,280808,1.12603,0.000733975,0,268534,0.00784968,52.9889
0,1,G4CMPDriftHole,1,0.0126264,67.2045,340574,0.473729,0.00201136,0,312272,0.010615,61.6197
0,1,G4CMPDriftHole,1,0.0151566,73.631,373142,0.217818,0.0024407,0,341780,0.0127159,67.4424
0,1,G4CMPDriftHole,1,0.0124301,66.6801,337917,0.850783,0.00144891,0,317612,0.0109812,62.6735
0,1,G4CMPDriftHole,1,0.0109816,62.6746,317618,0.756604,0.00150598,0,295036,0.00947559,58.2187
0,1,G4CMPDriftHole,1,0.0116287,64.4948,326842,0.847452,0.00140346,0,306485,0.0102253,60.4778
0,1,G4CMPDriftHole,1,0.0195336,83.5891,423607,0.624331,0.00229611,0,397932,0.0172375,78.5228
0,1,G4CMPDriftHole,1,0.0173575,78.7958,399316,0.418971,0.00244388,0,370139,0.0149136,73.0384
0,1,G4CMPDriftHole,1,0.013435,69.3231,351311,0.171306,0.00231345,0,319636,0.0111216,63.0728
0,1,G4CMPDriftHole,1,0.0155358,74.5462,377780,0.10916,0.00251925,0,345796,0.0130165,68.2349
0,1,G4CMPDriftHole,1,0.00893791,56.5428,286544,0.665748,0.00146666,0,261981,0.00747125,51.6958
0,1,G4CMPDriftHole,1,0.00705424,50.2324,254564,0.897387,0.000999917,0,235833,0.00605432,46.5363
0,1,G4CMPDriftHole,1,0.0264497,97.2678,492927,1.19105,0.00116786,0,481922,0.0252818,95.0962
0,1,G4CMPDriftHole,1,0.0293251,102.419,519030,0.819673,0.00236986,0,497616,0.0269552,98.193
0,1,G4CMPDriftHole,1,0.0262983,96.989,491514,0.762582,0.00237809,0,468765,0.0239202,92.4999
0,1,G4CMPDriftHole,1,0.0280999,100.256,508072,0.610625,0.0028047,0,482050,0.0252952,95.1214
0,1,G4CMPDriftHole,1,0.0244369,93.4936,473800,0.498556,0.00280378,0,445792,0.0216331,87.9667
0,1,G4CMPDriftHole,1,0.0247469,94.0848,476796,0.307337,0.00307242,0,446218,0.0216745,88.0508
0,1,G4CMPDriftHole,1,0.0213764,87.4432,443138,0.460774,0.00266918,0,414550,0.0187072,81.8019
0,1,G4CMPDriftHole,1,0.0210051,86.6805,439274,1.07878,0.00134163,0,425014,0.0196635,83.8667
0,1,G4CMPDriftHole,1,0.0209068,86.4775,438245,0.504069,0.00257676,0,410350,0.0183301,80.9731
0,1,G4CMPDriftHole,1,0.0135861,69.7119,353281,1.06731,0.00108187,0,338923,0.0125042,66.8787
0,1,G4CMPDriftHole,1,0.0117616,64.8623,328705,0.973529,0.00118284,0,311738,0.0105788,61.5144
0,1,G4CMPDriftHole,1,0.0088181,56.1625,284617,0.851434,0.0012016,0,264515,0.00761651,52.196
0,1,G4CMPDriftHole,1,0.00782467,52.9044,268105,0.568019,0.00147123,0,241589,0.00635345,47.672
0,1,G4CMPDriftHole,1,0.00638708,47.7981,242228,0.956224,0.00086612,0,225206,0.00552096,44.4392
0,1,G4CMPDriftHole,1,0.00557969,44.6749,226401,1.2924,0.000323261,0,219744,0.00525643,43.3615
0,1,G4CMPDriftHole,1,0.0171307,78.2792,396698,1.31819,0.000582092,0,389900,0.0165486,76.9377
0,1,G4CMPDriftHole,1,0.0172863,78.6339,398496,0.539309,0.00228377,0,371240,0.0150025,73.2556
0,1,G4CMPDriftHole,1,0.0163876,76.5626,387999,1.08286,0.00116207,0,373989,0.0152255,73.7981
0,1,G4CMPDriftHole,1,0.0151537,73.6238,373105,0.641178,0.00198287,0,347839,0.0131708,68.6381
0,1,G4CMPDriftHole,1,0.0135966,69.7389,353418,1.12888,0.000946551,0,340894,0.0126501,67.2676
0,1,G4CMPDriftHole,1,0.0119603,65.4077,331469,0.2535,0.00213617,0,300413,0.00982409,59.2796
0,1,G4CMPDriftHole,1,0.0153665,74.1389,375716,0.947363,0.00142461,0,357877,0.0139419,70.6187
0,1,G4CMPDriftHole,1,0.0303075,104.12,527652,1.04099,0.00175617,0,512137,0.0285513,101.058
0,1,G4CMPDriftHole,1,0.0288335,101.556,514661,0.326946,0.00330331,0,484283,0.0255302,95.5621
0,1,G4CMPDriftHole,1,0.0145073,72.0364,365061,0.787829,0.00169204,0,343112,0.0128153,67.7053
0,1,G4CMPDriftHole,1,0.0143963,71.7603,363662,0.345492,0.00228544,0,333549,0.0121109,65.8183
0,1,G4CMPDriftHole,1,0.0119739,65.4451,331658,0.39736,0.00203063,0,302230,0.0099433,59.6382
0,1,G4CMPDriftHole,1,0.0143347,71.6067,362884,0.626796,0.00194712,0,337339,0.0123876,66.566
0,1,G4CMPDriftHole,1,0.0105082,61.3088,310697,1.17367,0.000729436,0,299719,0.00977876,59.1427
0,1,G4CMPDriftHole,1,0.00892532,56.5029,286342,1.06931,0.000851973,0,272332,0.00807335,53.7385
0,1,G4CMPDriftHole,1,0.00953695,58.4069,295990,0.625343,0.00156916,0,270546,0.00796779,53.3861
0,1,G4CMPDriftHole,1,0.00855049,55.3037,280264,0.571907,0.00153894,0,253793,0.00701155,50.0802
0,1,G4CMPDriftHole,1,0.00700985,50.0741,253762,0.437026,0.00149861,0,225008,0.00551124,44.4001
0,1,G4CMPDriftHole,1,0.017921,80.0644,405745,0.33941,0.00256877,0,375541,0.0153522,74.1044
0,1,G4CMPDriftHole,1,0.005908,45.9705,232966,0.320323,0.00143696,0,202664,0.00447104,39.9911
0,1,G4CMPDriftHole,1,0.00758627,52.0923,263990,1.02169,0.000852887,0,248708,0.00673338,49.0767
0,1,G4CMPDriftHole,1,0.0126831,67.3554,341339,0.789456,0.00157199,0,319486,0.0111111,63.0432
0,1,G4CMPDriftHole,1,0.0112111,63.3262,320920,0.898777,0.00128752,0,301930,0.00992358,59.579
0,1,G4CMPDriftHole,1,0.0196613,83.8619,424990,0.516901,0.00247674,0,397321,0.0171845,78.4021
0,1,G4CMPDriftHole,1,0.016686,77.2566,391516,0.430933,0.0023804,0,362515,0.0143056,71.534
0,1,G4CMPDriftHole,1,0.0167439,77.3904,392194,0.480532,0.00232472,0,363951,0.0144192,71.8173
0,1,G4CMPDriftHole,1,0.0141419,71.1236,360435,0.377765,0.00223532,0,330725,0.0119066,65.261
0,1,G4CMPDriftHole,1,0.00948141,58.2365,295127,0.824837,0.00129104,0,274299,0.00819037,54.1266
0,1,G4CMPDriftHole,1,0.0071713,50.6475,256668,0.988381,0.000876686,0,240468,0.00629461,47.4508
0,1,G4CMPDriftHole,1,0.0214751,87.6448,444160,0.418775,0.00273125,0,414955,0.0187438,81.8819
0,1,G4CMPDriftHole,1,0.017818,79.8342,404578,0.71202,0.00203389,0,380788,0.0157841,75.1397
0,1,G4CMPDriftHole,1,0.0165303,76.8952,389684,0.948446,0.00147936,0,371839,0.0150509,73.3738
0,1,G4CMPDriftHole,1,0.0199912,84.5626,428540,0.407361,0.002645,0,399185,0.0173462,78.77
0,1,G4CMPDriftHole,1,0.0166672,77.213,391295,0.243004,0.00254915,0,360130,0.014118,71.0635
0,1,G4CMPDriftHole,1,0.015246,73.8476,374240,0.930755,0.00145372,0,355951,0.0137923,70.2387
0,1,G4CMPDriftHole,1,0.0168408,77.6141,393327,0.528666,0.00226762,0,365889,0.0145732,72.1999
0,1,G4CMPDriftHole,1,0.0148083,72.7799,368829,0.712196,0.00184391,0,345103,0.0129644,68.0981
0,1,G4CMPDriftHole,1,0.0209462,86.5588,438657,1.25035,0.000855611,0,429604,0.0200905,84.7725
0,1,G4CMPDriftHole,1,0.0219256,88.5595,448796,0.342464,0.00285009,0,418612,0.0190756,82.6033
0,1,G4CMPDriftHole,1,0.0107386,61.9775,314085,0.880812,0.00128842,0,294641,0.00945022,58.1407
0,1,G4CMPDriftHole,1,0.0142668,71.4367,362022,0.716739,0.00180024,0,338411,0.0124665,66.7777
0,1,G4CMPDriftHole,1,0.0098551,59.3731,300887,0.625945,0.00159624,0,275443,0.00825885,54.3524
0,1,G4CMPDriftHole,1,0.0132508,68.8462,348894,0.221253,0.00227294,0,317564,0.0109778,62.6639
0,1,G4CMPDriftHole,1,0.0224651,89.6424,454284,0.41515,0.00280075,0,425023,0.0196644,83.8685
0,1,G4CMPDriftHole,1,0.0142227,71.3263,361462,0.934604,0.0013924,0,343313,0.0128303,67.7449
0,1,G4CMPDriftHole,1,0.00722218,50.8269,257577,0.0621039,0.00168903,0,225454,0.00553315,44.4882
0,1,G4CMPDriftHole,1,0.00744339,51.5994,261492,0.856983,0.00108713,0,241643,0.00635626,47.6826
0,1,G4CMPDriftHole,1,0.00730907,51.1317,259122,0.190384,0.00167053,0,227592,0.00563855,44.91
0,1,G4CMPDriftHole,1,0.00571377,45.2085,229105,0.953658,0.000816448,0,212106,0.00489733,41.8541
0,1,G4CMPDriftHole,1,0.00558485,44.6956,226505,1.14569,0.000541911,0,215236,0.00504294,42.4718
0,1,G4CMPDriftHole,1,0.00715974,50.6066,256461,1.15694,0.00061004,0,245292,0.0065497,48.4027
0,1,G4CMPDriftHole,1,0.0103128,60.736,307794,0.822395,0.00135515,0,286859,0.0089576,56.605
0,1,G4CMPDriftHole,1,0.00923563,57.4768,291277,0.517643,0.00166125,0,263783,0.00757438,52.0514
0,1,G4CMPDriftHole,1,0.0109424,62.5626,317050,0.770181,0.00148222,0,294796,0.00946014,58.1712
0,1,G4CMPDriftHole,1,0.00576087,45.3945,230047,0.355288,0.00139886,0,200178,0.00436201,39.5005
0,1,G4CMPDriftHole,1,0.0206961,86.0405,436030,0.260344,0.00284029,0,405006,0.0178558,79.9187
0,1,G4CMPDriftHole,1,0.00964182,58.7271,297613,0.827488,0.0012988,0,276843,0.00834302,54.6287
0,1,G4CMPDriftHole,1,0.0108208,62.2141,315284,0.598625,0.00171272,0,289258,0.00910808,57.0785
0,1,G4CMPDriftHole,1,0.0088835,56.3704,285670,1.11329,0.000771588,0,272982,0.00811191,53.8667
0,1,G4CMPDriftHole,1,0.0328349,108.374,549212,0.326409,0.00353332,0,518822,0.0293016,102.378
0,1,G4CMPDriftHole,1,0.0275196,99.2156,502798,0.188032,0.00334913,0,471211,0.0241705,92.9826
0,1,G4CMPDriftHole,1,0.0274439,99.0791,502106,0.183101,0.00334757,0,470487,0.0240963,92.8399
0,1,G4CMPDriftHole,1,0.0216085,87.9166,445538,0.515128,0.00260468,0,417823,0.0190038,82.4478
0,1,G4CMPDriftHole,1,0.0177289,79.6342,403565,0.805445,0.00184677,0,381967,0.0158821,75.3725
0,1,G4CMPDriftHole,1,0.012051,65.6556,332725,0.110294,0.00220505,0,300748,0.009846,59.3457
0,1,G4CMPDriftHole,1,0.0125287,66.944,339254,0.793903,0.00155418,0,317516,0.0109745,62.6544
0,1,G4CMPDriftHole,1,0.0115514,64.2801,325754,0.138997,0.00214834,0,293905,0.00940308,57.9955
0,1,G4CMPDriftHole,1,0.00940498,58.0013,293935,0.687407,0.00147947,0,269827,0.00792551,53.2442
0,1,G4CMPDriftHole,1,0.0119533,65.3887,331373,0.892924,0.00134375,0,312192,0.0106096,61.6038
0,1,G4CMPDriftHole,1,0.0103855,60.9499,308878,0.555563,0.00172648,0,282038,0.00865903,55.6537
0,1,G4CMPDriftHole,1,0.00928454,57.6288,292047,0.818565,0.00128579,0,271071,0.00799876,53.4897
0,1,G4CMPDriftHole,1,0.0165593,76.9626,390026,0.503352,0.00228178,0,362159,0.0142775,71.4637
0,1,G4CMPDriftHole,1,0.0129739,68.123,345229,0.501795,0.00200856,0,317383,0.0109653,62.6282
0,1,G4CMPDriftHole,1,0.00996959,59.717,302629,0.961179,0.00110163,0,285420,0.00886796,56.3211
0,1,G4CMPDriftHole,1,0.00835816,54.6782,277094,1.12379,0.000726709,0,264774,0.00763145,52.2471
0,1,G4CMPDriftHole,1,0.0139158,70.5525,357541,0.393172,0.00220194,0,328036,0.0117138,64.7304
0,1,G4CMPDriftHole,1,0.0132607,68.8719,349024,0.639602,0.00184991,0,323765,0.0114108,63.8876
0,1,G4CMPDriftHole,1,0.00641497,47.9023,242756,0.812489,0.00105726,0,221851,0.00535771,43.7773
0,1,G4CMPDriftHole,1,0.00574231,45.3213,229676,0.324903,0.00141274,0,199432,0.00432957,39.3533
0,1,G4CMPDriftHole,1,0.00440265,39.684,201108,0.0891353,0.00129113,0,169067,0.00311151,33.3615
0,1,G4CMPDriftHole,1,0.0060897,46.6721,236521,0.812965,0.00102664,0,215665,0.00506307,42.5565
0,1,G4CMPDriftHole,1,0.00844115,54.949,278467,1.37508,0.000266742,0,274032,0.00817441,54.0738
0,1,G4CMPDriftHole,1,0.00935385,57.8435,293135,0.440028,0.00174602,0,264364,0.00760783,52.1662
0,1,G4CMPDriftHole,1,0.0173966,78.8843,399765,0.204709,0.00263059,0,368302,0.014766,72.6758
0,1,G4CMPDriftHole,1,0.0146998,72.5129,367476,1.00921,0.00125877,0,351390,0.0134411,69.3387
0,1,G4CMPDriftHole,1,0.014445,71.8817,364277,0.441768,0.00219525,0,335457,0.0122498,66.1947
0,1,G4CMPDriftHole,1,0.00923961,57.4891,291340,0.298057,0.00183912,0,260737,0.00740049,51.4505
0,1,G4CMPDriftHole,1,0.0138409,70.3624,356578,1.2414,0.000695618,0,347502,0.0131453,68.5715
0,1,G4CMPDriftHole,1,0.0190839,82.6213,418703,0.715088,0.00210294,0,394960,0.0169809,77.9362
0,1,G4CMPDriftHole,1,0.0157911,75.1562,380871,0.904859,0.00153639,0,361869,0.0142547,71.4065
0,1,G4CMPDriftHole,1,0.0180916,80.4446,407672,0.659439,0.00214544,0,382737,0.0159461,75.5243
0,1,G4CMPDriftHole,1,0.00714116,50.541,256128,0.682172,0.00128061,0,232029,0.00586056,45.7856
0,1,G4CMPDriftHole,1,0.0100394,59.9258,303688,0.953989,0.00111839,0,286273,0.00892105,56.4894
0,1,G4CMPDriftHole,1,0.0147691,72.6836,368341,1.21684,0.000782006,0,358457,0.0139871,70.7332
0,1,G4CMPDriftHole,1,0.0172388,78.5257,397947,0.510418,0.00232085,0,370192,0.0149179,73.0488
0,1,G4CMPDriftHole,1,0.011411,63.8882,323768,0.976282,0.00115821,0,306898,0.0102528,60.5592
0,1,G4CMPDriftHole,1,0.0193345,83.162,421443,0.858909,0.00181683,0,401153,0.0175176,79.1584
0,1,G4CMPDriftHole,1,0.0175393,79.2073,401401,0.453857,0.00241575,0,372735,0.0151236,73.5506
0,1,G4CMPDriftHole,1,0.0178858,79.986,405347,0.680948,0.0020946,0,380873,0.0157912,75.1566
0,1,G4CMPDriftHole,1,0.0192482,82.9764,420502,0.538764,0.00241694,0,393216,0.0168313,77.5921
0,1,G4CMPDriftHole,1,0.0161591,76.0269,385284,0.504419,0.00225128,0,357439,0.0139078,70.5324
0,1,G4CMPDriftHole,1,0.0133303,69.0524,349939,0.954943,0.00130399,0,332383,0.0120263,65.5881
0,1,G4CMPDriftHole,1,0.0124192,66.651,337769,0.154146,0.00222651,0,305998,0.0101927,60.3816
0,1,G4CMPDriftHole,1,0.00790505,53.1755,269479,0.314174,0.00168348,0,239069,0.00622157,47.1747
0,1,G4CMPDriftHole,1,0.00846711,55.0334,278895,0.740764,0.00132969,0,256061,0.00713741,50.5277
0,1,G4CMPDriftHole,1,0.00566232,45.0045,228071,1.12952,0.000569899,0,216289,0.00509242,42.6797
0,1,G4CMPDriftHole,1,0.005099,42.7072,216429,0.142755,0.00138868,0,184620,0.00371032,36.4305
0,1,G4CMPDriftHole,1,0.00786791,53.0504,268845,0.228818,0.00172238,0,237603,0.00614553,46.8855
0,1,G4CMPDriftHole,1,0.00490438,41.8843,212258,1.01293,0.000674731,0,197117,0.00422965,38.8966
0,1,G4CMPDriftHole,1,0.00126497,21.2715,107798,0.790743,0.000418571,0,88177.9,0.000846397,17.3999
0,1,G4CMPDriftHole,1,0.00112523,20.0622,101670,0.992445,0.000276716,0,88288,0.000848512,17.4216
0,1,G4CMPDriftHole,1,0.0232302,91.156,461954,0.971983,0.0017122,0,444604,0.021518,87.7323
0,1,G4CMPDriftHole,1,0.022098,88.9069,450556,1.06504,0.00141709,0,435870,0.0206809,86.009
0,1,G4CMPDriftHole,1,0.0200615,84.7111,429293,1.15911,0.00109121,0,417454,0.0189703,82.375
0,1,G4CMPDriftHole,1,0.019014,82.47,417936,0.370091,0.00261813,0,388097,0.0163959,76.5819
0,1,G4CMPDriftHole,1,0.0164763,76.7696,389048,0.25213,0.00252777,0,357962,0.0139486,70.6356
0,1,G4CMPDriftHole,1,0.0131904,68.6892,348098,0.589083,0.00191575,0,321829,0.0112747,63.5055
0,1,G4CMPDriftHole,1,0.0108069,62.174,315081,0.718933,0.001549,0,291627,0.00925787,57.5459
0,1,G4CMPDriftHole,1,0.0123665,66.5092,337051,0.853768,0.0014396,0,316826,0.0109269,62.5183
0,1,G4CMPDriftHole,1,0.0176335,79.4198,402478,1.18533,0.000947833,0,391512,0.0166857,77.2558
0,1,G4CMPDriftHole,1,0.0193157,83.1217,421238,0.363823,0.00264635,0,391320,0.0166694,77.218
0,1,G4CMPDriftHole,1,0.0154224,74.2737,376399,0.451003,0.00226154,0,347708,0.0131609,68.6122
0,1,G4CMPDriftHole,1,0.0128741,67.8606,343899,0.799463,0.00156742,0,322285,0.0113067,63.5955
0,1,G4CMPDriftHole,1,0.0130365,68.2873,346062,0.702206,0.00173887,0,322156,0.0112977,63.5702
0,1,G4CMPDriftHole,1,0.0136261,69.8144,353801,1.29989,0.000550768,0,346577,0.0130753,68.3889
0,1,G4CMPDriftHole,1,0.0176196,79.3883,402319,1.26178,0.000744742,0,393724,0.0168748,77.6924
0,1,G4CMPDriftHole,1,0.0173948,78.8804,399745,0.739131,0.00195784,0,376577,0.015437,74.3088
0,1,G4CMPDriftHole,1,0.0134572,69.3804,351601,0.988001,0.00124345,0,334963,0.0122138,66.0973
0,1,G4CMPDriftHole,1,0.00871353,55.8285,282924,0.381239,0.0017278,0,253325,0.00698573,49.9879
0,1,G4CMPDriftHole,1,0.0153473,74.0927,375482,0.27052,0.00242319,0,344567,0.0129242,67.9924
0,1,G4CMPDriftHole,1,0.0107936,62.1359,314888,0.89855,0.00126159,0,295914,0.00953202,58.3918
0,1,G4CMPDriftHole,1,0.0123031,66.3385,336186,0.5417,0.00190613,0,309047,0.0103969,60.9834
0,1,G4CMPDriftHole,1,0.0105835,61.5281,311808,0.340946,0.00194682,0,281673,0.00863666,55.5817
0,1,G4CMPDriftHole,1,0.00885125,56.268,285151,0.953096,0.00104469,0,267795,0.00780656,52.8432
0,1,G4CMPDriftHole,1,0.0114559,64.0139,324405,0.640365,0.00171043,0,299209,0.0097455,59.042
0,1,G4CMPDriftHole,1,0.00961174,58.6354,297148,0.668301,0.00152183,0,272612,0.00808991,53.7936
0,1,G4CMPDriftHole,1,0.00791374,53.2047,269627,0.937859,0.00100502,0,251925,0.00690872,49.7116
0,1,G4CMPDriftHole,1,0.00454619,40.3258,204360,0.291298,0.00125918,0,173769,0.00328701,34.2894
0,1,G4CMPDriftHole,1,0.0127219,67.4581,341860,1.0457,0.00108832,0,326910,0.0116335,64.5082
0,1,G4CMPDriftHole,1,0.0122651,66.2361,335667,0.629604,0.00178874,0,310226,0.0104764,61.2159
0,1,G4CMPDriftHole,1,0.0115409,64.2509,325607,1.11086,0.000900214,0,312650,0.0106407,61.6942
0,1,G4CMPDriftHole,1,0.00927062,57.5855,291828,1.04035,0.000921992,0,276936,0.00834863,54.647
0,1,G4CMPDriftHole,1,0.00929742,57.6687,292249,0.515824,0.00166901,0,264722,0.00762841,52.2367
0,1,G4CMPDriftHole,1,0.00553082,44.4789,225407,0.307995,0.0013927,0,194973,0.00413813,38.4734
0,1,G4CMPDriftHole,1,0.00573327,45.2856,229495,1.14979,0.000544547,0,218325,0.00518873,43.0814
0,1,G4CMPDriftHole,1,0.00601798,46.3964,235125,0.815483,0.00101689,0,214341,0.00500109,42.2952
0,1,G4CMPDriftHole,1,0.0103347,60.8007,308122,0.566374,0.00170956,0,281486,0.00862518,55.5448
0,1,G4CMPDriftHole,1,0.00947694,58.2228,295057,0.640732,0.00154503,0,269936,0.0079319,53.2657
0,1,G4CMPDriftHole,1,0.00244242,29.5576,149790,0.10673,0.000931071,0,117830,0.00151135,23.251
0,1,G4CMPDriftHole,1,0.00295768,32.5263,164835,0.702709,0.000768791,0,141803,0.00218889,27.9815
0,1,G4CMPDriftHole,1,0.0346429,111.318,564131,0.990064,0.00205646,0,547131,0.0325865,107.964
0,1,G4CMPDriftHole,1,0.0416984,122.129,618917,0.449811,0.00379362,0,590092,0.0379048,116.441
0,1,G4CMPDriftHole,1,0.0381493,116.816,591992,0.602374,0.00330611,0,565759,0.0348432,111.64
0,1,G4CMPDriftHole,1,0.0353453,112.441,569821,0.899933,0.00236999,0,550385,0.0329753,108.606
0,1,G4CMPDriftHole,1,0.0332218,109.011,552439,0.650876,0.00296756,0,527189,0.0302543,104.029
0,1,G4CMPDriftHole,1,0.0308159,104.99,532059,1.37312,0.000619537,0,526683,0.0301963,103.929
0,1,G4CMPDriftHole,1,0.0353547,112.456,569897,0.842825,0.00254485,0,549003,0.0328098,108.333
0,1,G4CMPDriftHole,1,0.0360181,113.506,575218,1.00685,0.00204219,0,558673,0.0339759,110.241
0,1,G4CMPDriftHole,1,0.0348815,111.701,566070,0.235024,0.00374564,0,534814,0.0311359,105.533
0,1,G4CMPDriftHole,1,0.029854,103.338,523690,0.801787,0.00243973,0,501835,0.0274143,99.0256
0,1,G4CMPDriftHole,1,0.0276348,99.423,503849,0.276718,0.00328427,0,472962,0.0243505,93.3282
0,1,G4CMPDriftHole,1,0.0232831,91.2599,462480,0.630558,0.00250532,0,436890,0.0207778,86.2103
0,1,G4CMPDriftHole,1,0.0214254,87.5435,443647,0.653615,0.00235577,0,418547,0.0190697,82.5906
0,1,G4CMPDriftHole,1,0.019215,82.9047,420138,0.691193,0.00215604,0,395866,0.0170589,78.1151
0,1,G4CMPDriftHole,1,0.0153862,74.1865,375957,0.46964,0.00223694,0,347555,0.0131493,68.582
0,1,G4CMPDriftHole,1,0.0134216,69.2886,351136,0.517944,0.00202546,0,323558,0.0113962,63.8467
0,1,G4CMPDriftHole,1,0.00620789,47.1228,238806,0.525826,0.00133484,0,211579,0.00487305,41.7503
0,1,G4CMPDriftHole,1,0.0094991,58.2908,295402,0.343242,0.00183686,0,265308,0.00766224,52.3524
0,1,G4CMPDriftHole,1,0.00418225,38.678,196010,1.07149,0.00054499,0,182793,0.00363726,36.07
0,1,G4CMPDriftHole,1,0.0204901,85.6114,433855,0.306701,0.00278613,0,403282,0.017704,79.5783
0,1,G4CMPDriftHole,1,0.0164481,76.7038,388714,0.667563,0.00202679,0,363978,0.0144213,71.8227
0,1,G4CMPDriftHole,1,0.0127347,67.4923,342033,0.319855,0.00216287,0,311637,0.0105719,61.4943
0,1,G4CMPDriftHole,1,0.0114923,64.1153,324919,1.05942,0.00100165,0,310437,0.0104906,61.2575
0,1,G4CMPDriftHole,1,0.0104902,61.2564,310431,0.0929862,0.00205356,0,278393,0.00843665,54.9344
0,1,G4CMPDriftHole,1,0.0151445,73.6015,372993,0.947067,0.00141409,0,355152,0.0137304,70.0811
0,1,G4CMPDriftHole,1,0.0217277,88.1588,446765,0.633691,0.00241056,0,421254,0.0193171,83.1247
0,1,G4CMPDriftHole,1,0.0133962,69.2229,350803,0.284303,0.00224723,0,320029,0.011149,63.1504
0,1,G4CMPDriftHole,1,0.0197781,84.1107,426250,1.3475,0.000548747,0,420296,0.0192294,82.9357
0,1,G4CMPDriftHole,1,0.0241533,92.9495,471043,1.46003,0.000252143,0,468578,0.0239011,92.463
0,1,G4CMPDriftHole,1,0.0239042,92.469,468608,0.503959,0.00276329,0,440691,0.0211409,86.9603
0,1,G4CMPDriftHole,1,0.0189614,82.3559,417357,0.923018,0.00165231,0,398759,0.0173091,78.6858
0,1,G4CMPDriftHole,1,0.0226473,90.0052,456122,0.299529,0.00294176,0,425468,0.0197056,83.9563
0,1,G4CMPDriftHole,1,0.0182133,80.7148,409041,0.0262079,0.00275313,0,376860,0.0154602,74.3646
0,1,G4CMPDriftHole,1,0.0199754,84.5292,428371,0.597641,0.00236917,0,402166,0.0176062,79.3582
0,1,G4CMPDriftHole,1,0.0167158,77.3255,391865,0.821035,0.00175885,0,370676,0.014957,73.1443
0,1,G4CMPDriftHole,1,0.0149698,73.1757,370835,0.613325,0.0020126,0,345007,0.0129572,68.0792
0,1,G4CMPDriftHole,1,0.025484,95.4757,483845,1.22311,0.00104265,0,473844,0.0244414,93.5022
0,1,G4CMPDriftHole,1,0.027512,99.2019,502728,1.03032,0.00170021,0,486947,0.0258117,96.0877
0,1,G4CMPDriftHole,1,0.0267083,97.7423,495332,0.345876,0.00315332,0,465173,0.023555,91.7912
0,1,G4CMPDriftHole,1,0.0190396,82.5254,418217,1.12657,0.00114691,0,405425,0.0178927,80.0013
0,1,G4CMPDriftHole,1,0.0156547,74.8311,379224,0.779124,0.00177839,0,357035,0.0138764,70.4525
0,1,G4CMPDriftHole,1,0.0182947,80.8951,409955,0.793755,0.00190189,0,388061,0.0163929,76.5749
0,1,G4CMPDriftHole,1,0.0171849,78.4029,397325,0.708531,0.00200174,0,373468,0.0151831,73.6953
0,1,G4CMPDriftHole,1,0.0195739,83.6753,424044,0.544613,0.00242929,0,396859,0.0171446,78.3109
0,1,G4CMPDriftHole,1,0.0179633,80.159,406224,0.342773,0.00256874,0,376059,0.0153946,74.2067
0,1,G4CMPDriftHole,1,0.011834,65.0617,329715,0.463601,0.0019542,0,301264,0.00987983,59.4475
0,1,G4CMPDriftHole,1,0.0100991,60.1035,304588,0.596173,0.00165373,0,278536,0.00844535,54.9627
0,1,G4CMPDriftHole,1,0.00486558,41.7183,211417,0.714792,0.00100628,0,188290,0.0038593,37.1546
0,1,G4CMPDriftHole,1,0.00650701,48.2447,244491,0.822776,0.00105276,0,223841,0.00545424,44.1699
0,1,G4CMPDriftHole,1,0.00685552,49.5198,250953,0.795642,0.00111811,0,229578,0.00573741,45.3019
0,1,G4CMPDriftHole,1,0.0145235,72.0766,365265,0.208967,0.0023916,0,333839,0.0121319,65.8753
0,1,G4CMPDriftHole,1,0.0115953,64.4021,326372,0.881081,0.00134277,0,306894,0.0102525,60.5584
0,1,G4CMPDriftHole,1,0.00436379,39.5085,200219,0.699037,0.000961365,0,176794,0.00340242,34.8862
0,1,G4CMPDriftHole,1,0.0167366,77.3736,392108,0.763321,0.00187291,0,369518,0.0148637,72.9159
0,1,G4CMPDriftHole,1,0.0142606,71.4214,361944,0.511995,0.00209872,0,334252,0.0121619,65.9568
0,1,G4CMPDriftHole,1,0.0139986,70.7621,358603,0.551503,0.00202796,0,331612,0.0119706,65.4361
0,1,G4CMPDriftHole,1,0.0119732,65.4431,331648,0.538258,0.00188299,0,304454,0.0100902,60.077
0,1,G4CMPDriftHole,1,0.015373,74.1546,375796,0.672761,0.00194718,0,351191,0.0134258,69.2994
0,1,G4CMPDriftHole,1,0.0122177,66.1081,335018,1.03417,0.00108763,0,319759,0.0111301,63.097
0,1,G4CMPDriftHole,1,0.0106473,61.7134,312747,0.659389,0.00161968,0,287978,0.00902765,56.8259
0,1,G4CMPDriftHole,1,0.00741515,51.5014,260995,0.676431,0.00131368,0,236750,0.00610147,46.7171
0,1,G4CMPDriftHole,1,0.00587356,45.8363,232286,0.252857,0.00146348,0,201278,0.00441007,39.7175
0,1,G4CMPDriftHole,1,0.00797063,53.3956,270594,0.460237,0.00158641,0,242173,0.00638422,47.7873
0,1,G4CMPDriftHole,1,0.00644024,47.9965,243234,0.642972,0.00125156,0,218324,0.00518867,43.0811
0,1,G4CMPDriftHole,1,0.0088132,56.1469,284537,0.31396,0.00178399,0,254112,0.00702921,50.1432
0,1,G4CMPDriftHole,1,0.0032655,34.177,173200,0.0802608,0.00109721,0,141134,0.00216829,27.8495
0,1,G4CMPDriftHole,1,0.0141469,71.1359,360498,0.577862,0.00200362,0,333995,0.0121432,65.9062
0,1,G4CMPDriftHole,1,0.0118178,65.0171,329489,0.266914,0.00211476,0,298556,0.00970304,58.9133
0,1,G4CMPDriftHole,1,0.0195112,83.5412,423364,0.553531,0.00241141,0,396340,0.0170998,78.2086
0,1,G4CMPDriftHole,1,0.0174144,78.9247,399969,0.811454,0.00181713,0,378527,0.0155972,74.6935
0,1,G4CMPDriftHole,1,0.0215722,87.8429,445164,0.695164,0.00228327,0,420947,0.019289,83.0641
0,1,G4CMPDriftHole,1,0.0189749,82.3851,417506,0.896995,0.00171305,0,398214,0.0172619,78.5783
0,1,G4CMPDriftHole,1,0.0153989,74.2171,376113,0.789441,0.00174366,0,354179,0.0136553,69.889
0,1,G4CMPDriftHole,1,0.0109834,62.6797,317644,0.617506,0.00170237,0,291992,0.00928102,57.6178
0,1,G4CMPDriftHole,1,0.015242,73.838,374191,0.621995,0.00201867,0,348532,0.0132233,68.7748
0,1,G4CMPDriftHole,1,0.0155427,74.5629,377865,1.16966,0.000921283,0,366495,0.0146214,72.3193
0,1,G4CMPDriftHole,1,0.0149856,73.2144,371031,0.0614665,0.00248279,0,338904,0.0125029,66.875
0,1,G4CMPDriftHole,1,0.0119899,65.4888,331880,0.440357,0.00199138,0,303068,0.00999854,59.8036
0,1,G4CMPDriftHole,1,0.00845841,55.0052,278751,1.0719,0.000821954,0,264861,0.00763646,52.2643
0,1,G4CMPDriftHole,1,0.0211735,87.0272,441030,0.609085,0.00242245,0,415035,0.018751,81.8976
0,1,G4CMPDriftHole,1,0.0187903,81.9834,415470,0.748961,0.00201991,0,392504,0.0167704,77.4517
0,1,G4CMPDriftHole,1,0.0168404,77.6131,393322,0.64016,0.0020981,0,368006,0.0147423,72.6175
0,1,G4CMPDriftHole,1,0.0123086,66.3534,336261,0.887587,0.00137501,0,316923,0.0109336,62.5375
0,1,G4CMPDriftHole,1,0.0132053,68.7279,348294,0.87125,0.00145897,0,328491,0.0117463,64.8201
0,1,G4CMPDriftHole,1,0.0185236,81.3994,412510,0.324075,0.00262793,0,382130,0.0158956,75.4046
0,1,G4CMPDriftHole,1,0.0160053,75.6644,383447,0.779324,0.00179907,0,361254,0.0142063,71.2851
0,1,G4CMPDriftHole,1,0.0149409,73.1051,370477,0.587394,0.00204859,0,344142,0.0128923,67.9086
0,1,G4CMPDriftHole,1,0.0122246,66.1267,335112,0.355961,0.00208871,0,305143,0.0101359,60.213
0,1,G4CMPDriftHole,1,0.010446,61.127,309775,0.368286,0.00191278,0,279981,0.00853318,55.2477
0,1,G4CMPDriftHole,1,0.0100364,59.9167,303642,0.862118,0.00127228,0,283744,0.00876412,55.9904
0,1,G4CMPDriftHole,1,0.00924671,57.5112,291451,0.666882,0.00149229,0,266899,0.00775443,52.6664
0,1,G4CMPDriftHole,1,0.0102866,60.6588,307403,0.61685,0.00164466,0,281758,0.00864189,55.5985
0,1,G4CMPDriftHole,1,0.00869117,55.7568,282561,1.03455,0.000899022,0,267548,0.00779215,52.7944
0,1,G4CMPDriftHole,1,0.0148906,72.9818,369852,0.922011,0.00145347,0,351338,0.0134371,69.3285
0,1,G4CMPDriftHole,1,0.0237589,92.1875,467181,0.793754,0.00218313,0,445200,0.0215757,87.85
0,1,G4CMPDriftHole,1,0.0230867,90.874,460525,0.779262,0.00218353,0,438206,0.0209031,86.4698
0,1,G4CMPDriftHole,1,0.0217527,88.2096,447022,0.455385,0.00270103,0,418349,0.0190517,82.5516
0,1,G4CMPDriftHole,1,0.0219451,88.5989,448995,0.730879,0.00223037,0,425567,0.0197148,83.9759
0,1,G4CMPDriftHole,1,0.0209195,86.5036,438377,1.22663,0.000923896,0,428587,0.0199956,84.5718
0,1,G4CMPDriftHole,1,0.0200606,84.7093,429284,0.250883,0.0028018,0,398179,0.0172588,78.5714
0,1,G4CMPDriftHole,1,0.00901699,56.7924,287808,0.603172,0.00154845,0,261933,0.00746855,51.6865
0,1,G4CMPDriftHole,1,0.00811406,53.8739,273018,0.635711,0.00142693,0,247852,0.00668713,48.9079
0,1,G4CMPDriftHole,1,0.0173851,78.8582,399632,0.315414,0.00254999,0,369162,0.0148351,72.8457
0,1,G4CMPDriftHole,1,0.00797202,53.4002,270618,0.694218,0.00134493,0,246737,0.00662709,48.6878
0,1,G4CMPDriftHole,1,0.00609857,46.706,236694,0.700304,0.0011557,0,213089,0.00494287,42.0483
0,1,G4CMPDriftHole,1,0.00429069,39.1762,198534,0.985409,0.000656021,0,182728,0.00363467,36.0571
0,1,G4CMPDriftHole,1,0.00407162,38.163,193400,1.04927,0.000562511,0,179544,0.0035091,35.4289
0,1,G4CMPDriftHole,1,0.00409361,38.2659,193921,0.655422,0.000964724,0,169538,0.00312889,33.4545
0,1,G4CMPDriftHole,1,0.00899459,56.7217,287451,0.603441,0.00154607,0,261582,0.00744851,51.6171
0,1,G4CMPDriftHole,1,0.0097806,59.1482,299747,0.659522,0.00154749,0,275014,0.0082331,54.2676
0,1,G4CMPDriftHole,1,0.0102024,60.4101,306142,0.333531,0.00191466,0,275924,0.0082877,54.4473
0,1,G4CMPDriftHole,1,0.00826707,54.3794,275580,0.554129,0.00152966,0,248782,0.0067374,49.0914
0,1,G4CMPDriftHole,1,0.0047186,41.0833,208199,1.02194,0.000648483,0,193364,0.00407011,38.156
0,1,G4CMPDriftHole,1,0.00680905,49.3517,250101,0.0994771,0.00163145,0,218090,0.00517759,43.0351
0,1,G4CMPDriftHole,1,0.0227295,90.1684,456949,0.352228,0.00289327,0,426877,0.0198363,84.2343
0,1,G4CMPDriftHole,1,0.00788873,53.1206,269201,0.464565,0.00157401,0,240852,0.00631472,47.5265
0,1,G4CMPDriftHole,1,0.0112901,63.549,322049,1.14303,0.000823553,0,310081,0.0104666,61.1874
0,1,G4CMPDriftHole,1,0.0189766,82.3888,417524,0.339295,0.00264674,0,387314,0.0163298,76.4276
0,1,G4CMPDriftHole,1,0.0147197,72.562,367725,1.20569,0.000807424,0,357497,0.0139123,70.5438
0,1,G4CMPDriftHole,1,0.0138536,70.3946,356741,1.05641,0.00111735,0,342052,0.0127362,67.4961
0,1,G4CMPDriftHole,1,0.0117814,64.9168,328981,0.66445,0.00170243,0,304284,0.0100789,60.0435
0,1,G4CMPDriftHole,1,0.0141728,71.2011,360828,0.960562,0.00133645,0,343394,0.0128363,67.7609
0,1,G4CMPDriftHole,1,0.015604,74.7097,378609,0.252603,0.0024566,0,347530,0.0131474,68.5771
0,1,G4CMPDriftHole,1,0.0110354,62.8281,318396,0.613714,0.00171155,0,292665,0.00932388,57.7507
0,1,G4CMPDriftHole,1,0.00706241,50.2615,254712,0.694307,0.00125914,0,230892,0.00580327,45.5612
0,1,G4CMPDriftHole,1,0.0291309,102.079,517309,0.73448,0.00257815,0,493887,0.0265528,97.4572
0,1,G4CMPDriftHole,1,0.0256323,95.7531,485251,0.761676,0.00234848,0,462487,0.0232838,91.2612
0,1,G4CMPDriftHole,1,0.0258359,96.1326,487174,1.21081,0.00108998,0,476787,0.0247459,94.0829
0,1,G4CMPDriftHole,1,0.0293815,102.517,519529,0.79052,0.00244877,0,497408,0.0269327,98.152
0,1,G4CMPDriftHole,1,0.0273063,98.8304,500846,0.519571,0.00293431,0,473171,0.024372,93.3694
0,1,G4CMPDriftHole,1,0.0230762,90.8533,460420,1.27798,0.000818676,0,452179,0.0222575,89.2272
0,1,G4CMPDriftHole,1,0.0177133,79.5993,403388,0.657691,0.00212473,0,378422,0.0155886,74.6729
0,1,G4CMPDriftHole,1,0.0181372,80.546,408186,0.311516,0.00261042,0,377671,0.0155268,74.5246
0,1,G4CMPDriftHole,1,0.00992844,59.5936,302004,0.639835,0.0015852,0,276847,0.00834323,54.6294
0,1,G4CMPDriftHole,1,0.00811789,53.8866,273083,0.491456,0.00157466,0,245171,0.00654323,48.3788
0,1,G4CMPDriftHole,1,0.0049297,41.9923,212806,0.560917,0.00115016,0,186334,0.00377954,36.7687
0,1,G4CMPDriftHole,1,0.012806,67.6808,342988,0.230659,0.00222749,0,311734,0.0105785,61.5136
0,1,G4CMPDriftHole,1,0.00676184,49.1803,249233,1.29277,0.00036661,0,242382,0.00639523,47.8286
0,1,G4CMPDriftHole,1,0.00419915,38.7561,196405,0.58833,0.00103232,0,170563,0.00316683,33.6567
0,1,G4CMPDriftHole,1,0.00659796,48.5807,246194,1.13848,0.00061014,0,234535,0.00598782,46.28
0,1,G4CMPDriftHole,1,0.0119319,65.33,331075,0.813155,0.00148183,0,309835,0.01045,61.1389
0,1,G4CMPDriftHole,1,0.0142354,71.3581,361624,0.759803,0.00172469,0,339011,0.0125107,66.8959
0,1,G4CMPDriftHole,1,0.0138235,70.3182,356354,0.199117,0.00233548,0,324859,0.011488,64.1035
0,1,G4CMPDriftHole,1,0.01119,63.2664,320617,0.935622,0.00122047,0,302628,0.0099695,59.7167
0,1,G4CMPDriftHole,1,0.0131109,68.4817,347047,0.611553,0.00187874,0,321221,0.0112321,63.3855
0,1,G4CMPDriftHole,1,0.017998,80.2364,406616,0.901702,0.00165493,0,387471,0.0163431,76.4586
0,1,G4CMPDriftHole,1,0.0202275,85.0608,431065,0.327445,0.00274795,0,400716,0.0174795,79.0722
0,1,G4CMPDriftHole,1,0.0114796,64.08,324740,0.636314,0.00171781,0,299459,0.00976179,59.0913
0,1,G4CMPDriftHole,1,0.00965884,58.7789,297876,0.215873,0.00192651,0,266519,0.00773233,52.5914
0,1,G4CMPDriftHole,1,0.00741856,51.5132,261055,1.03082,0.000827859,0,246058,0.0065907,48.554
0,1,G4CMPDriftHole,1,0.00600617,46.3509,234894,0.428439,0.00138473,0,206045,0.00462145,40.6582
0,1,G4CMPDriftHole,1,0.00717809,50.6715,256789,0.974865,0.00089738,0,240202,0.00628071,47.3984
0,1,G4CMPDriftHole,1,0.00936461,57.8767,293304,0.473607,0.00171664,0,265061,0.00764797,52.3037
0,1,G4CMPDriftHole,1,0.00191505,26.1727,132636,0.787957,0.000542848,0,112275,0.0013722,22.1548
0,1,G4CMPDriftHole,1,0.0109426,62.5632,317053,1.24597,0.000596375,0,308293,0.0103462,60.8344
0,1,G4CMPDriftHole,1,0.0179664,80.1659,406259,1.32406,0.000582628,0,399618,0.0173838,78.8554
0,1,G4CMPDriftHole,1,0.0208714,86.4042,437873,0.134627,0.00292842,0,405994,0.017943,80.1136
0,1,G4CMPDriftHole,1,0.0168422,77.6174,393344,0.897944,0.00160534,0,374129,0.0152369,73.8257
0,1,G4CMPDriftHole,1,0.0075127,51.8391,262706,0.545632,0.00146111,0,235780,0.00605159,46.5258
0,1,G4CMPDriftHole,1,0.00846462,55.0253,278854,1.16214,0.000663835,0,267696,0.00780078,52.8236
0,1,G4CMPDriftHole,1,0.00838985,54.7818,277619,0.341535,0.0017206,0,247520,0.00666925,48.8424
0,1,G4CMPDriftHole,1,0.00641652,47.9081,242785,0.582922,0.00130783,0,216634,0.0051087,42.7478
0,1,G4CMPDriftHole,1,0.0104733,61.2069,310180,0.977393,0.00110286,0,293395,0.00937043,57.8947
0,1,G4CMPDriftHole,1,0.0095203,58.3559,295732,0.441496,0.00176119,0,266980,0.00775912,52.6823
0,1,G4CMPDriftHole,1,0.0131221,68.5109,347195,0.73852,0.00168664,0,324114,0.0114354,63.9565
0,1,G4CMPDriftHole,1,0.0128884,67.8983,344090,0.386323,0.00212114,0,314504,0.0107673,62.06
0,1,G4CMPDriftHole,1,0.00136548,22.1005,111999,0.526498,0.000565863,0,85706.4,0.000799615,16.9122
0,1,G4CMPDriftHole,1,0.010209,60.4298,306242,0.559038,0.00170684,0,279471,0.00850217,55.1473
0,1,G4CMPDriftHole,1,0.00738664,51.4023,260493,1.00657,0.000863534,0,244793,0.0065231,48.3043
0,1,G4CMPDriftHole,1,0.00694468,49.8408,252580,1.02493,0.000806256,0,237466,0.00613842,46.8584
0,1,G4CMPDriftHole,1,0.00628877,47.4288,240356,0.301503,0.00149582,0,209833,0.00479294,41.4057
0,1,G4CMPDriftHole,1,0.00747987,51.7257,262132,0.342412,0.00161778,0,232059,0.00586209,45.7915
0,1,G4CMPDriftHole,1,0.00514117,42.8835,217322,0.840484,0.000903304,0,197309,0.00423787,38.9343
0,1,G4CMPDriftHole,1,0.00704254,50.1907,254353,0.52196,0.00143254,0,227015,0.00561,44.7961
0,1,G4CMPDriftHole,1,0.00907244,56.9667,288692,0.647313,0.00150127,0,263727,0.00757116,52.0404
0,1,G4CMPDriftHole,1,0.00532439,43.6409,221161,0.347229,0.00134476,0,191203,0.00397963,37.7294
0,1,G4CMPDriftHole,1,0.00941154,58.0216,294038,0.616374,0.00156882,0,268414,0.00784272,52.9654
0,1,G4CMPDriftHole,1,0.00721542,50.8031,257456,0.446098,0.00151508,0,228835,0.00570035,45.1554
0,1,G4CMPDriftHole,1,0.0175963,79.3358,402053,0.623907,0.00217424,0,376395,0.015422,74.2728
0,1,G4CMPDriftHole,1,0.00930439,57.6903,292359,0.216312,0.00188855,0,261007,0.00741584,51.5038
0,1,G4CMPDriftHole,1,0.00743392,51.5665,261325,0.371842,0.00159361,0,231628,0.0058403,45.7064
0,1,G4CMPDriftHole,1,0.00698632,49.99,253336,1.27932,0.00039743,0,246025,0.00658889,48.5473
0,1,G4CMPDriftHole,1,0.014555,72.1548,365661,1.02195,0.00122424,0,349945,0.0133308,69.0536
0,1,G4CMPDriftHole,1,0.0148596,72.9058,369467,0.295497,0.00236451,0,338799,0.0124951,66.8542
0,1,G4CMPDriftHole,1,0.0129361,68.0239,344727,0.456307,0.00205613,0,316146,0.01088,62.3841
0,1,G4CMPDriftHole,1,0.0243897,93.4033,473343,0.164986,0.00315975,0,441618,0.02123,87.1432
0,1,G4CMPDriftHole,1,0.018188,80.6587,408756,0.725141,0.00203132,0,385255,0.0161566,76.0212
0,1,G4CMPDriftHole,1,0.00884787,56.2572,285097,0.485801,0.00165421,0,257068,0.00719366,50.7264
0,1,G4CMPDriftHole,1,0.00709966,50.3939,255383,0.343688,0.00157246,0,225333,0.00552721,44.4643
0,1,G4CMPDriftHole,1,0.00691818,49.7456,252098,0.347858,0.00154828,0,222104,0.0053699,43.8271
0,1,G4CMPDriftHole,1,0.00537202,43.8357,222147,0.345692,0.00135208,0,192168,0.00401994,37.92
0,1,G4CMPDriftHole,1,0.00388276,37.2674,188861,0.404262,0.00110419,0,159766,0.00277857,31.526
0,1,G4CMPDriftHole,1,0.00695871,49.8911,252835,0.429041,0.00149866,0,223960,0.00546005,44.1934
0,1,G4CMPDriftHole,1,0.0054717,44.2405,224199,0.79404,0.000988678,0,202936,0.00448302,40.0447
0,1,G4CMPDriftHole,1,0.0039337,37.5111,190096,0.665521,0.000935214,0,165968,0.00299849,32.7499
0,1,G4CMPDriftHole,1,0.00276664,31.4583,159422,0.678486,0.000757085,0,135870,0.00200956,26.8108
